timestamp,open,high,low,close,volume,buy_volume,sell_volume,volume_delta,cvd,buy_volume_ratio,returns,log_returns,rsi,macd,macd_signal,bb_upper,bb_middle,bb_lower,bb_width,atr,ema_9,ema_21,ema_50,sma_200,stoch_k,hour,dayofweek
2026-05-04 18:40:00,80250.58,80276.97,80159.09,80179.0,22.51488,0.0,9.96821999999998,-9.96821999999998,-9.96821999999998,0.0,0.0,0.0,0.0,0.0,0.0,0.0,0.0,0.0,0.0,0.0,0.0,0.0,0.0,0.0,0.0,18,0
2026-05-04 18:45:00,80178.99,80178.99,80118.81,80159.79,27.56794,0.0,14.170999999999928,-14.170999999999928,-24.13921999999991,0.0,-0.00023958891979203312,-0.00023961762580246293,0.0,0.0,0.0,0.0,0.0,0.0,0.0,0.0,0.0,0.0,0.0,0.0,0.0,18,0
2026-05-04 18:50:00,80159.8,80178.85,80035.32,80045.99,55.49104,0.0,11.194619999999986,-11.194619999999986,-35.333839999999896,0.0,-0.0014196643978232615,-0.0014206730760939314,0.0,0.0,0.0,0.0,0.0,0.0,0.0,0.0,0.0,0.0,0.0,0.0,0.0,18,0
2026-05-04 18:55:00,80045.99,80161.16,80045.99,80114.91,26.68284,0.0,11.233059999999961,-11.233059999999961,-46.566899999999855,0.0,0.0008610050297335192,0.0008606345775284638,0.0,0.0,0.0,0.0,0.0,0.0,0.0,0.0,0.0,0.0,0.0,0.0,0.0,18,0
2026-05-04 19:00:00,80114.91,80128.71,80025.03,80025.03,28.75744,0.0,12.787129999999978,-12.787129999999978,-59.35402999999983,0.0,-0.001121888547337857,-0.0011225183353729005,0.0,0.0,0.0,0.0,0.0,0.0,0.0,0.0,0.0,0.0,0.0,0.0,0.0,19,0
2026-05-04 19:05:00,80025.03,80138.0,79950.0,80064.24,92.96656,0.0,23.609689999999965,-23.609689999999965,-82.9637199999998,0.0,0.0004899717001043413,0.0004898517031660256,0.0,0.0,0.0,0.0,0.0,0.0,0.0,0.0,0.0,0.0,0.0,0.0,0.0,19,0
2026-05-04 19:10:00,80064.23,80085.19,80017.13,80085.18,32.4604,0.0,14.778879999999942,-14.778879999999942,-97.74259999999974,0.0,0.0002615399833931775,0.00026150578777393873,0.0,0.0,0.0,0.0,0.0,0.0,0.0,0.0,0.0,0.0,0.0,0.0,0.0,19,0
2026-05-04 19:15:00,80085.19,80092.0,79960.0,79980.03,40.34416,0.0,13.578349999999933,-13.578349999999933,-111.32094999999967,0.0,-0.00131297700773092,-0.0013138397172702098,0.0,0.0,0.0,0.0,0.0,0.0,0.0,0.0,0.0,0.0,0.0,0.0,0.0,19,0
2026-05-04 19:20:00,79980.04,79995.96,79940.0,79963.31,43.2367,0.0,24.003839999999936,-24.003839999999936,-135.3247899999996,0.0,-0.00020905218465161468,-0.00020907403910543575,0.0,0.0,0.0,0.0,0.0,0.0,0.0,0.0,80068.60888888889,0.0,0.0,0.0,0.0,19,0
2026-05-04 19:25:00,79963.31,79987.52,79900.0,79930.0,58.47685,0.0,22.024819999999938,-22.024819999999938,-157.34960999999956,0.0,-0.0004165660476035393,-0.00041665283534226774,0.0,0.0,0.0,0.0,0.0,0.0,0.0,0.0,80040.88711111111,0.0,0.0,0.0,0.0,19,0
2026-05-04 19:30:00,79930.0,79983.26,79930.0,79955.0,16.35594,0.0,7.412019999999992,-7.412019999999992,-164.76162999999954,0.0,0.00031277367696724845,0.0003127247734776304,0.0,0.0,0.0,0.0,0.0,0.0,0.0,0.0,80023.70968888889,0.0,0.0,0.0,0.0,19,0
2026-05-04 19:35:00,79955.01,80006.46,79900.0,79917.87,31.6557,0.0,9.73254000000001,-9.73254000000001,-174.49416999999954,0.0,-0.00046438621724731455,-0.0004644940779206652,0.0,0.0,0.0,0.0,0.0,0.0,0.0,0.0,80002.54175111112,0.0,0.0,0.0,0.0,19,0
2026-05-04 19:40:00,79917.87,79998.06,79901.01,79998.06,18.70549,0.0,13.185999999999984,-13.185999999999984,-187.68016999999952,0.0,0.0010034051207821193,0.0010029020463607563,0.0,0.0,0.0,0.0,0.0,0.0,0.0,0.0,80001.6454008889,0.0,0.0,0.0,0.0,19,0
2026-05-04 19:45:00,79998.05,80063.12,79970.0,80056.47,29.80018,0.0,18.66260999999994,-18.66260999999994,-206.34277999999946,0.0,0.0007301427059607235,0.0007298762814525763,0.0,0.0,0.0,0.0,0.0,0.0,0.0,0.0,80012.61032071112,0.0,0.0,0.0,0.0,19,0
2026-05-04 19:50:00,80056.46,80056.46,79970.0,79991.39,49.62519,0.0,21.824179999999973,-21.824179999999973,-228.16695999999945,0.0,-0.0008129261757356954,-0.0008132567794023528,37.8640274273885,0.0,0.0,0.0,0.0,0.0,0.0,99.31928571428683,80008.36625656889,0.0,0.0,0.0,0.0,19,0
2026-05-04 19:55:00,79991.39,80094.13,79975.0,80053.31,63.21463,0.0,24.874549999999935,-24.874549999999935,-253.0415099999994,0.0,0.000774083310716378,0.0007737838627522299,42.79882329552359,0.0,0.0,0.0,0.0,0.0,0.0,100.73433673469525,80017.35500525511,0.0,0.0,0.0,0.0,19,0
2026-05-04 20:00:00,80053.31,80063.54,79960.68,79999.99,40.76821,0.0,21.467489999999984,-21.467489999999984,-274.5089999999994,0.0,-0.0006660561568283541,-0.0006662780707739496,39.86293681121442,0.0,0.0,0.0,0.0,0.0,0.0,100.88616982507419,80013.88200420409,0.0,0.0,0.0,0.0,20,0
2026-05-04 20:05:00,80000.0,80035.44,79980.0,80022.94,23.69543,0.0,17.245169999999852,-17.245169999999852,-291.75416999999925,0.0,0.00028687503585933527,0.00028683389508422176,41.71618107123366,0.0,0.0,0.0,0.0,0.0,0.0,97.64001483756905,80015.69360336327,0.0,0.0,0.0,48.307238575548105,20,0
2026-05-04 20:10:00,80022.94,80123.18,80022.94,80123.17,27.43145,0.0,17.734109999999994,-17.734109999999994,-309.48827999999924,0.0,0.0012525158410825465,0.0012517320974823863,49.09446224963483,0.0,0.0,0.0,0.0,0.0,0.0,97.82572806345631,80037.1888826906,0.0,0.0,0.0,61.23708123163552,20,0
2026-05-04 20:15:00,80123.17,80154.12,79952.09,79954.8,73.99435,0.0,29.662069999999897,-29.662069999999897,-339.15034999999915,0.0,-0.0021013896479632477,-0.002103600665205052,39.946273141922376,0.0,0.0,79886.16785693019,80031.02399999999,80175.8801430698,-0.0036199997408455703,105.26889034463792,80020.71110615249,0.0,0.0,0.0,55.662994963451105,20,0
2026-05-04 20:20:00,79954.8,80003.71,79920.01,79985.45,43.46724,0.0,26.626559999999973,-26.626559999999973,-365.77690999999913,0.0,0.0003833415879972435,0.00038326813138275,42.06273791614678,0.0,0.0,79892.33214133231,80021.34649999999,80150.36085866766,-0.0032244985697078054,103.72825532002176,80013.658884922,80028.85380952379,0.0,0.0,49.65312292081961,20,0
2026-05-04 20:25:00,79985.46,80050.0,79985.45,80027.23,17.44787,0.0,13.544469999999968,-13.544469999999968,-379.3213799999991,0.0,0.0005223450014970599,0.0005222086268344477,44.91273821734051,0.0,0.0,79902.27924626226,80014.71849999999,80127.15775373772,-0.0028104642707135943,100.92980851144898,80016.3731079376,80028.70619047616,0.0,0.0,35.08578624272008,20,0
2026-05-04 20:30:00,80027.23,80039.31,79960.0,79981.93,38.51606,0.0,32.97297,-32.97297,-412.2943499999991,0.0,-0.0005660573282368908,-0.0005662175991708612,42.47315354946271,0.0,0.0,79899.17234376581,80011.51549999998,80123.85865623415,-0.0028081746866592495,99.38553647491675,80009.48448635008,80024.45380952378,0.0,0.0,38.64447242772331,20,0
2026-05-04 20:35:00,79981.94,79981.94,79901.0,79909.47,45.77361,0.0,24.78370999999992,-24.78370999999992,-437.078059999999,0.0,-0.0009059546325025369,-0.0009063652574243792,38.839031074489085,0.0,0.0,79891.04594511582,80001.24349999998,80111.44105488414,-0.0027548960506884705,98.06799815528,79989.48158908007,80014.0007359307,0.0,0.0,28.67805236371191,20,0
2026-05-04 20:40:00,79909.46,79935.52,79903.0,79917.14,24.4896,0.0,24.153959999999916,-24.153959999999916,-461.23201999999895,0.0,9.598361746099293e-05,9.597901132832231e-05,39.42981095762998,0.0,0.0,79880.39936244073,79995.84899999997,80111.29863755922,-0.0028863907065788522,93.38599828704601,79975.01327126405,80005.19521448246,0.0,0.0,14.23736817251634,20,0
2026-05-04 20:45:00,79917.14,80010.0,79913.97,79989.04,72.53752,0.0,35.394130000000004,-35.394130000000004,-496.626149999999,0.0,0.0008996818454714006,0.0008992773743385757,44.81149482157029,0.0,0.0,79880.97700636428,79992.08899999998,80103.20099363568,-0.002778074557740305,93.57485555225693,79977.81861701123,80003.72655862042,0.0,0.0,15.084450812762777,20,0
2026-05-04 20:50:00,79989.03,79989.04,79920.0,79939.71,34.76952,0.0,33.847759999999916,-33.847759999999916,-530.4739099999989,0.0,-0.0006167094891998959,-0.0006168997327176066,42.05090722910925,0.0,0.0,79880.1742796879,79984.81549999998,80089.45672031207,-0.002616527141006792,91.8223658699524,79970.19689360898,79997.90687147311,0.0,0.0,18.93996938875509,20,0
2026-05-04 20:55:00,79939.72,79968.27,79934.6,79936.7,16.62778,0.0,16.214969999999955,-16.214969999999955,-546.6888799999989,0.0,-3.765337652594791e-05,-3.765408543212501e-05,41.88136690408834,0.0,0.0,79875.92763302686,79982.64899999998,80089.37036697309,-0.0026686129631218803,87.66862545066996,79963.49751488719,79992.3426104301,0.0,0.0,21.393015170670044,20,0
2026-05-04 21:00:00,79936.7,80080.77,79936.7,80028.26,31.73473,0.0,16.31993999999995,-16.31993999999995,-563.0088199999989,0.0,0.001145406302736962,0.0011447508254152782,48.66186641443813,0.0,0.0,79877.78295586491,79985.89649999997,80094.01004413504,-0.0027033151809472676,91.6972950613369,79976.45001190975,79995.60782766373,0.0,0.0,26.557890855457483,21,0
2026-05-04 21:05:00,80028.26,80109.37,80019.18,80093.77,37.90392,0.0,24.258519999999965,-24.258519999999965,-587.2673399999989,0.0,0.0008185858345539643,0.0008182509758976062,52.89623284311947,0.0,0.0,79879.53026657898,79994.08499999998,80108.63973342098,-0.0028640800984472466,91.58963112838444,79999.9140095278,80004.53166151248,0.0,0.0,46.8460282343029,21,0
2026-05-04 21:10:00,80093.77,80150.76,80092.48,80115.99,22.6955,0.0,16.61401999999996,-16.61401999999996,-603.8813599999988,0.0,0.00027742482342896224,0.000277386348278445,54.273867227088544,0.0,0.0,79877.51408629172,80002.13449999997,80126.75491370822,-0.003115427219213838,89.21037176207119,80023.12920762225,80014.66423773862,0.0,0.0,70.45670037926858,21,0
2026-05-04 21:15:00,80115.99,80127.42,80073.7,80101.52,10.07716,0.0,9.241389999999999,-9.241389999999999,-613.1227499999989,0.0,-0.00018061313353301411,-0.00018062944604921576,53.18302847870411,0.0,0.0,79885.8244957544,80011.31699999997,80136.80950424554,-0.0031368688568286546,86.67534520763762,80038.8073660978,80022.56021612602,0.0,0.0,80.10429835651398,21,0
2026-05-04 21:20:00,80101.52,80287.41,80101.51,80275.75,50.24527,0.0,15.791069999999948,-15.791069999999948,-628.9138199999989,0.0,0.0021751147793449555,0.0021727526418532602,62.86196777563209,0.0,0.0,79855.12191877521,80025.20149999997,80195.28108122472,-0.004250650496012873,93.76282054994985,80086.19589287824,80045.57746920547,0.0,0.0,87.04594036319018,21,0
2026-05-04 21:25:00,80275.75,80287.9,80197.75,80201.24,20.37933,0.0,13.60162999999996,-13.60162999999996,-642.5154499999989,0.0,-0.0009281756944032882,-0.0009286067161930676,57.39697302814598,33.70185801135085,-3.7634798821850888,79846.1073745855,80032.43999999997,80218.77262541445,-0.004656427454029334,93.50476193923873,80109.2047143026,80059.7286083686,0.0,0.0,84.6010899187405,21,0
2026-05-04 21:30:00,80201.24,80284.82,80201.23,80245.32,33.49903,0.0,30.768340000000006,-30.768340000000006,-673.2837899999988,0.0,0.0005496174373365026,0.0005494664529926761,59.632819114324946,43.53904762410093,5.697025619072115,79838.25102147867,80045.13649999998,80252.02197852128,-0.0051692204565434,92.79656465786533,80136.42777144208,80076.60055306237,0.0,0.0,87.8594997976041,21,0
2026-05-04 21:35:00,80245.33,80290.0,80236.54,80261.98,31.49494,0.0,27.184209999999943,-27.184209999999943,-700.4679999999987,0.0,0.00020761335365082623,0.0002075918049809953,60.477064574711946,52.0790788292652,14.973436261110734,79828.06828789483,80055.56999999998,80283.07171210513,-0.005683594835566087,89.98681003944684,80161.53821715366,80093.4532300567,0.0,0.0,86.46431160347281,21,0
2026-05-04 21:40:00,80261.99,80277.67,80233.54,80244.06,17.01228,0.0,10.317259999999964,-10.317259999999964,-710.7852599999986,0.0,-0.00022326885033230326,-0.00022329377853259706,59.04658136974399,56.74697702328558,23.328144413545704,79827.67103000368,80067.77349999998,80307.87596999628,-0.0059974808715344595,86.71132360805811,80178.04257372292,80107.144754597,0.0,0.0,89.99390625681787,21,0
2026-05-04 21:45:00,80244.06,80309.0,80243.89,80308.99,11.84054,0.0,9.268300000000007,-9.268300000000007,-720.0535599999986,0.0,0.0008091564659116202,0.0008088292753054904,62.50704151530878,64.93707416079997,31.649930362996557,79821.18134403501,80082.07599999997,80342.97065596493,-0.006515681635550085,85.16837192176828,80204.23205897833,80125.49432236092,0.0,0.0,93.66156115845848,21,0
2026-05-04 21:50:00,80308.99,80383.15,80276.25,80289.91,44.36101,0.0,11.762319999999969,-11.762319999999969,-731.8158799999985,0.0,-0.00023758236780213604,-0.00023761059496382042,60.87913370883824,69.09174201314454,39.13829269302615,79814.57020024024,80090.41299999997,80366.2557997597,-0.006888285112469877,86.72063107021299,80221.36764718266,80140.44120214629,0.0,0.0,89.43826614865668,21,0
2026-05-04 21:55:00,80289.91,80305.2,80248.0,80259.17,32.06271,0.0,25.893929999999948,-25.893929999999948,-757.7098099999985,0.0,-0.0003828625539623598,-0.0003829358645424875,58.24713537915527,69.1072596522863,45.13208608487818,79827.81780871848,80105.63149999997,80383.44519128147,-0.006936183788314442,84.61201456519757,80228.92811774612,80151.2347292239,0.0,0.0,84.45190056837207,21,0
2026-05-04 22:00:00,80259.18,80388.74,80235.18,80337.59,35.28816,0.0,14.205449999999923,-14.205449999999923,-771.9152599999984,0.0,0.0009770846122629795,0.000976607575804586,62.67983551230536,74.58759672395536,51.02318821269362,79833.73435180666,80123.23849999998,80412.74264819329,-0.007226471461043477,89.53687066768433,80250.6604941969,80168.17611747627,0.0,0.0,80.69837270723315,22,0
2026-05-04 22:05:00,80337.59,80361.77,80284.07,80313.47,33.32441,0.0,17.65855999999992,-17.65855999999992,-789.5738199999984,0.0,-0.0003002330540410325,-0.00030027813300742486,60.55054328625141,76.10720443852188,56.03999145785927,79840.25032047163,80137.55049999998,80434.85067952833,-0.00741974711414093,88.69137990570667,80263.22239535752,80181.38465225114,0.0,0.0,81.77230222420725,22,0
2026-05-04 22:10:00,80313.47,80361.26,80296.03,80359.64,8.36881,0.0,8.11189,-8.11189,-797.6857099999984,0.0,0.000574872434225604,0.0005747072583681209,63.13233002683166,80.11353863724798,60.85470089373702,79853.15073905136,80156.43599999997,80459.72126094859,-0.007567333980483228,87.01556705529876,80282.50591628601,80197.58968386467,0.0,0.0,88.07051441278833,22,0
2026-05-04 22:15:00,80359.64,80397.19,80277.91,80295.68,30.08973,0.0,18.558709999999934,-18.558709999999934,-816.2444199999983,0.0,-0.0007959219329505274,-0.0007962388469825808,57.51660485713065,77.23720744095044,64.1312022031797,79889.09391386276,80175.74649999998,80462.3990861372,-0.007150605978759952,89.32016940849162,80285.1407330288,80206.50698533152,0.0,0.0,81.36498302778654,22,0
2026-05-04 22:20:00,80295.68,80316.9,80268.73,80281.69,26.35783,0.0,12.108809999999956,-12.108809999999956,-828.3532299999982,0.0,-0.00017423104206837348,-0.00017424622205962633,56.336187935299456,72.98746411119646,65.90245458478304,79929.94733697375,80193.97399999997,80458.00066302619,-0.006584700816203959,86.38087159359925,80284.45058642305,80213.34180484684,0.0,0.0,75.0139269852725,22,0
2026-05-04 22:25:00,80281.7,80315.77,80268.73,80268.73,21.87062,0.0,23.5084099999999,-23.5084099999999,-851.8616399999981,0.0,-0.0001614315792306531,-0.00016144461071052,55.20587307457146,67.79228099971078,66.28041986776859,79959.67254215603,80207.95849999998,80456.24445784393,-0.006191055413633374,83.57080933691418,80281.30646913844,80218.37709531531,0.0,0.0,63.15679762844764,22,0
2026-05-04 22:30:00,80268.74,80268.74,80132.29,80151.21,35.38913,0.0,15.949029999999949,-15.949029999999949,-867.8106699999981,0.0,-0.0014640819656669413,-0.0014651547809222051,46.16141485079829,53.57460441949661,63.73925677811419,80000.7004876628,80218.53349999998,80436.36651233715,-0.005430989643737895,87.34789438427829,80255.28717531075,80212.2709957412,0.0,0.0,42.66411717791673,22,0
2026-05-04 22:35:00,80151.21,80179.85,80122.4,80139.05,16.43216,0.0,7.525719999999997,-7.525719999999997,-875.3363899999981,0.0,-0.00015171324300655709,-0.00015172475262473125,45.33380449293873,40.85483382907114,59.16237218830558,80048.59748838727,80228.65099999998,80408.7045116127,-0.004488509014384748,85.21233049968782,80232.0397402486,80205.61454158291,0.0,0.0,23.251957810550973,22,0
2026-05-04 22:40:00,80139.05,80150.82,80116.88,80116.88,10.98662,0.0,11.046499999999972,-11.046499999999972,-886.382889999998,0.0,-0.00027664415787309604,-0.0002766824309269793,43.79224319222143,28.655072439665673,53.0609122385776,80069.35059581226,80233.08199999998,80396.8134041877,-0.004081393861642391,81.55002117828171,80209.00779219888,80197.54776507537,0.0,0.0,4.400496771590286,22,0
2026-05-04 22:45:00,80116.89,80200.0,80102.0,80194.94,14.33922,0.0,6.932510000000002,-6.932510000000002,-893.315399999998,0.0,0.0009743265089703357,0.0009738521609855014,50.21189883217174,24.99730984181224,47.44819175922453,80086.10427144443,80238.14049999998,80390.17672855553,-0.003789624924210344,82.7250196655473,80206.1942337591,80197.31069552306,80103.8398,0.0,12.514659618284261,22,0
2026-05-04 22:50:00,80194.93,80194.94,80076.29,80079.5,22.48562,0.0,12.029259999999947,-12.029259999999947,-905.3446599999979,0.0,-0.0014394923170963914,-0.0014405293815121978,42.48412186215181,12.637782907986548,40.486109988976935,80077.72560838827,80236.31599999998,80394.90639161169,-0.0039530825819996404,85.2910896894374,80180.85538700728,80186.60063229369,80102.88529803921,0.0,10.828372673147276,22,0
2026-05-04 22:55:00,80079.5,80098.0,80042.84,80067.23,17.42144,0.0,11.47356999999998,-11.47356999999998,-916.8182299999979,0.0,-0.00015322273490725458,-0.0001532344747097192,41.74865459830344,1.8315691232710378,32.755201815835754,80069.60702424803,80234.60149999998,80399.59597575192,-0.004112801027669856,83.13886899733497,80158.13030960583,80175.74875663062,80101.48705105728,0.0,13.12271442565177,22,0
2026-05-04 23:00:00,80067.22,80067.22,79950.52,79960.6,35.63715,0.0,11.39874999999997,-11.39874999999997,-928.2169799999979,0.0,-0.001331755825697889,-0.001332643400597074,35.927798798441756,-15.161807136813877,23.171800025305828,80016.58993603493,80218.84399999998,80421.09806396504,-0.005042557431145587,85.53680692609616,80118.62424768467,80156.18977875511,80095.96206866288,0.0,3.3800121526477933,23,0
2026-05-04 23:05:00,79960.6,79977.43,79915.0,79917.27,12.51247,0.0,8.318620000000006,-8.318620000000006,-936.5355999999979,0.0,-0.0005418918817517993,-0.0005420387582207277,33.86171797068396,-31.759446005700738,12.185550819104513,79963.34130999818,80204.64549999998,80445.94969000178,-0.006017212307279627,83.8863207170888,80078.35339814774,80134.46979886829,80088.95453655845,0.0,3.203497872824258,23,0
2026-05-04 23:10:00,79917.26,79940.0,79905.0,79930.08,40.89153,0.0,31.900270000000003,-31.900270000000003,-968.4358699999979,0.0,0.0001602907606828019,0.0001602779154914471,35.05086402666339,-43.379482771852054,1.0725441009131984,79920.59203665594,80188.88349999998,80457.17496334402,-0.006691487688416009,80.39444066586816,80048.6987185182,80115.88890806209,80082.72416257576,0.0,2.6076871754002298,23,0
2026-05-04 23:15:00,79930.09,79943.04,79889.01,79943.0,121.70242,0.0,62.84723,-62.84723,-1031.2830999999978,0.0,0.0001616412744738227,0.00016162821193062773,36.29496074638037,-50.958491830548155,-9.333663085379072,79886.60261852975,80172.93449999999,80459.26638147022,-0.007142856457879465,78.51126633259177,80027.55897481456,80100.1717346019,80077.24478365121,0.0,5.396850076358578,23,0
2026-05-04 23:20:00,79943.0,79943.0,79882.35,79882.35,13.60817,0.0,14.499949999999991,-14.499949999999991,-1045.7830499999977,0.0,-0.0007586655492037853,-0.0007589534815503383,33.09062030951311,-61.1539149753371,-19.69771346337068,79844.11807446455,80154.84899999999,80465.57992553542,-0.007753265820148547,77.23546159454908,79998.51717985165,80080.369758729,80069.601850959,0.0,5.239927148328543,23,0
2026-05-04 23:25:00,79882.36,79975.83,79882.35,79975.83,11.37675,0.0,11.505660000000004,-11.505660000000004,-1057.2887099999978,0.0,0.0011702209561936794,0.0011695367813556587,41.64249995547163,-60.98777738251374,-27.955726247199294,79826.57998748214,80138.19099999999,80449.80201251784,-0.0077768416938149496,78.3957857663667,79993.97974388133,80070.86614429909,80065.92452347041,0.0,10.71203238366333,23,0
2026-05-04 23:30:00,79975.83,79975.83,79765.09,79856.62,93.04042,0.0,11.860599999999975,-11.860599999999975,-1069.1493099999977,0.0,-0.0014905753400746846,-0.0014916873526599653,35.42442377018956,-69.67222482536454,-36.299025962832346,79790.21876871475,80116.52649999999,80442.83423128523,-0.008145828221477878,87.84894392591231,79966.50779510506,80051.38922209007,80057.71650294216,0.0,12.711059040469571,23,0
2026-05-04 23:35:00,79856.62,79856.62,79744.91,79803.31,103.56985,0.0,22.78152999999997,-22.78152999999997,-1091.9308399999977,0.0,-0.000667571454940119,-0.0006677943799816286,33.04789168838399,-79.93494319426827,-45.02620940911953,79747.39532183921,80093.7335,80440.07167816079,-0.008648321485994644,89.55330507406084,79933.86823608405,80028.83656553643,80047.73977733658,0.0,16.427277406478517,23,0
2026-05-04 23:40:00,79803.31,79808.79,79759.58,79772.8,12.19396,0.0,12.935029999999973,-12.935029999999973,-1104.8658699999976,0.0,-0.0003823149691409844,-0.0003823880701411305,31.735671290112432,-89.49844113919244,-53.92065575513411,79711.28118264533,80065.49399999999,80419.70681735466,-0.008848076734645919,86.67164042591307,79901.65458886724,80005.56051412402,80036.95782528416,0.0,11.299460485125769,23,0
2026-05-04 23:45:00,79772.8,79812.15,79760.76,79799.24,9.93181,0.0,9.755869999999975,-9.755869999999975,-1114.6217399999975,0.0,0.00033144129327289384,0.00033138637874107786,34.174932262033344,-93.86211114004254,-61.9089468321158,79686.65049319036,80039.7825,80392.91450680964,-0.008823912204150212,84.15152325263352,79881.17167109379,79986.8041037491,80027.63555762595,0.0,9.738470374769237,23,0
2026-05-04 23:50:00,79799.25,79872.0,79787.78,79851.0,32.00646,0.0,23.939779999999917,-23.939779999999917,-1138.5615199999975,0.0,0.0006486277312915956,0.0006484174632435737,38.78630807165044,-92.08228437557409,-67.94361434080746,79684.53074598148,80014.3505,80344.17025401852,-0.008244015028742151,84.15641444887407,79875.13733687504,79974.45827613556,80020.70867301317,0.0,13.792876134390923,23,0
2026-05-04 23:55:00,79851.0,79861.01,79830.18,79861.01,107.61269,0.0,107.61522999999993,-107.61522999999993,-1246.1767499999974,0.0,0.00012535848016925755,0.00012535062345157965,39.66658956324014,-88.83994392619934,-72.12288025788584,79683.15764188327,79992.617,80302.07635811673,-0.007737197999578593,80.34738484538319,79872.31186950003,79964.14479648687,80014.44597995383,0.0,20.349483470214135,23,0
2026-05-05 00:00:00,79861.01,80010.0,79808.72,79996.0,153.49951,0.0,12.332799999999935,-12.332799999999935,-1258.5095499999973,0.0,0.0016903117052990968,0.0016888847362572443,50.09005819674833,-74.51879464049125,-72.60206313440692,79698.62094208087,79978.3325,80258.04405791913,-0.0069946834142642425,88.98542878499859,79897.04949560002,79967.04072407898,80013.72260819093,0.0,40.07411117396031,0,1
2026-05-05 00:05:00,79996.01,80008.12,79932.26,79932.27,87.25741,0.0,74.86451999999996,-74.86451999999996,-1333.3740699999971,0.0,-0.0007966648332415893,-0.0007969823393116647,46.045521422533966,-67.53317859453091,-71.58828622643172,79715.20742633715,79961.50950000001,80207.81157366288,-0.0061605158582672265,88.04789815749872,79904.09359648002,79963.8797491627,80010.52838826188,0.0,51.6802775088596,0,1
2026-05-05 00:10:00,79932.26,79992.65,79932.26,79953.36,13.59117,0.0,10.195559999999961,-10.195559999999961,-1343.569629999997,0.0,0.000263848380635201,0.00026381357877269454,47.55470182085359,-59.608115554598044,-69.19225209206499,79721.20586268634,79951.61700000001,80182.02813731368,-0.00576376428543451,86.07233400339162,79913.94687718402,79962.92340832973,80008.28649068298,0.0,69.29207466505248,0,1
2026-05-05 00:15:00,79953.36,79963.13,79913.82,79963.12,10.36683,0.0,5.189740000000013,-5.189740000000013,-1348.759369999997,0.0,0.00012207116749052283,0.00012206371741184361,48.27575244792075,-51.94115031756519,-65.74203173716504,79728.85784797769,79942.8205,80156.78315202231,-0.005352892246835601,83.44645300314919,79923.78150174722,79962.94128029975,80006.51525575423,0.0,73.02649433468515,0,1
2026-05-05 00:20:00,79963.12,79963.12,79875.46,79875.47,15.07717,0.0,10.959429999999925,-10.959429999999925,-1359.718799999997,0.0,-0.001096130316075583,-0.0010967315062725132,42.61000086172413,-52.33436957267986,-63.060499304268,79730.63727018671,79930.75000000001,80130.86272981332,-0.005007152561768954,83.7474206457806,79914.11920139777,79954.98934572705,80001.37622611682,0.0,70.0667697763016,0,1
2026-05-05 00:25:00,79875.47,79904.76,79861.0,79861.01,11.72889,0.0,9.648619999999992,-9.648619999999992,-1369.3674199999969,0.0,-0.00018103179862360985,-0.00018104818685755713,41.73968146292789,-53.199548538104864,-61.088309151035375,79752.98371857809,79914.05350000001,80075.12328142193,-0.0040310752456554225,80.89117631393876,79903.49736111822,79946.44576884278,79995.87166822988,0.0,58.45436141184587,0,1
2026-05-05 00:30:00,79861.01,80142.22,79861.0,80093.96,35.56989,0.0,9.791669999999971,-9.791669999999971,-1379.159089999997,0.0,0.002916942823538271,0.0029126968007535344,56.98317675383182,-34.68822666158667,-55.808292653145635,79750.64196846106,79914.7765,80078.91103153896,-0.004107739237409944,95.20037800580035,79941.58988889458,79959.85615349344,79999.71826947576,0.0,60.300319243273925,0,1
2026-05-05 00:35:00,80093.96,80100.01,80035.67,80057.1,15.34987,0.0,8.534400000000003,-8.534400000000003,-1387.693489999997,0.0,-0.00046020948396108263,-0.000460315412846545,54.55101828939837,-22.730145685272873,-49.192663259571084,79751.96812057044,79914.27000000002,80076.5718794296,-0.004061899819133141,92.99606529110007,79964.69191111566,79968.69650317586,80001.9685334179,0.0,70.07522770203838,0,1
2026-05-05 00:40:00,80057.1,80076.28,80010.53,80076.28,11.98785,0.0,11.793659999999967,-11.793659999999967,-1399.487149999997,0.0,0.00023957900048832137,0.00023955030602255335,55.612670295776056,-11.572217334192828,-41.66857407449543,79743.90566568078,79920.05400000002,80096.20233431926,-0.00440811349600033,91.0499177703072,79987.00952889252,79978.47682106897,80004.88270857798,0.0,83.2775414663618,0,1
2026-05-05 00:45:00,80076.28,80100.0,80040.0,80045.45,13.5344,0.0,10.563419999999997,-10.563419999999997,-1410.050569999997,0.0,-0.0003850078949722002,-0.0003850820295406691,53.45131565797154,-5.157746776123531,-34.366408614821054,79742.05254532456,79926.46300000002,80110.87345467547,-0.004614503075794892,88.83206650099955,79998.69762311401,79984.56529188088,80006.4735827514,0.0,78.89640698794494,0,1
2026-05-05 00:50:00,80045.46,80183.33,80045.45,80161.85,37.97986,0.0,10.43052999999998,-10.43052999999998,-1420.481099999997,0.0,0.0014541738474829202,0.0014531175605860937,59.80326721668543,9.212083396458183,-25.650710212565208,79726.98555324077,79938.05150000002,80149.11744675926,-0.005280737841333262,92.33549032235705,80031.32809849121,80000.68208352807,80012.56677558467,0.0,84.34337213212635,0,1
2026-05-05 00:55:00,80161.86,80170.67,80128.08,80170.66,19.79002,0.0,15.55043,-15.55043,-1436.031529999997,0.0,0.0001099026531947711,0.00010989661434063482,60.24544233825016,21.068308364774566,-16.306906497097252,79715.24016092085,79949.4345,80183.62883907916,-0.005858561490617088,88.782241013617,80059.19447879297,80016.13462138915,80018.76650987547,0.0,88.80786457935027,0,1
2026-05-05 01:00:00,80170.66,80188.88,80080.76,80126.41,23.96601,0.0,16.595739999999907,-16.595739999999907,-1452.627269999997,0.0,-0.0005519475578721345,-0.0005520999369982258,56.862081246643115,26.587364298757166,-7.728052337926368,79717.4749821691,79961.6375,80205.8000178309,-0.006106991439011091,90.16350951264506,80072.63758303437,80026.15965580833,80022.98782321368,0.0,91.76037630866078,1,1
2026-05-05 01:05:00,80126.41,80213.36,80126.41,80209.63,30.10751,0.0,16.329169999999905,-16.329169999999905,-1468.956439999997,0.0,0.0010386088681622052,0.0010380698871330614,61.267605710851626,37.247053542756476,1.266968838210202,79706.25357517159,79973.32749999998,80240.40142482838,-0.006679074966047738,89.9339731188845,80100.0360664275,80042.83877800757,80030.30712426413,0.0,93.14750112411723,1,1
2026-05-05 01:10:00,80209.63,80259.75,80199.51,80199.62,74.32469,0.0,18.743039999999933,-18.743039999999933,-1487.6994799999968,0.0,-0.00012479798248676843,-0.0001248057704029357,60.46767431252652,44.375675559655065,9.888710182499175,79711.78497710786,79990.4775,80269.17002289213,-0.006968142499015132,87.81297503896454,80119.95285314201,80057.09161637053,80036.94684488123,0.0,89.18867147446281,1,1
2026-05-05 01:15:00,80199.61,80250.0,80189.46,80212.32,44.22217,0.0,19.394779999999958,-19.394779999999958,-1507.0942599999967,0.0,0.00015835486502324692,0.00015834232821510089,61.16054045525846,50.46817798817938,18.004603743635215,79730.15564582642,80010.92799999999,80291.70035417355,-0.007018350147708858,85.86490539332375,80138.42628251361,80071.20328760958,80043.82422351334,0.0,90.70129943026667,1,1
2026-05-05 01:20:00,80212.32,80286.08,80204.42,80267.06,50.74413,0.0,19.01271,-19.01271,-1526.1069699999966,0.0,0.0006824388074049281,0.0006822060519302277,64.08259104243506,59.03309381692088,26.21030175829235,79756.05216474787,80035.64099999999,80315.2298352521,-0.006986608259990428,85.56455500808659,80164.15302601088,80089.00844328143,80052.57856768928,0.0,89.51708448708983,1,1
2026-05-05 01:25:00,80267.07,80273.07,80244.65,80273.0,66.86737,0.0,40.97327000000002,-40.97327000000002,-1567.0802399999966,0.0,7.400295962001202e-05,7.400022153607914e-05,64.39561985718021,65.54460230021505,34.07716186667689,79783.61863778863,80059.329,80335.03936221136,-0.006887651087142251,81.48280107893846,80185.92242080871,80105.73494843766,80061.22254542696,0.0,93.51793647988971,1,1
2026-05-05 01:30:00,80273.0,80273.01,80166.88,80216.65,118.85884,0.0,80.2936199999996,-80.2936199999996,-1647.3738599999963,0.0,-0.0007019794949735259,-0.0007022259979459798,59.130780910192726,65.40410778086516,40.34255104951454,79811.24898466715,80077.61149999998,80343.97401533282,-0.006652608896378788,83.243315287585,80192.06793664697,80115.81813494333,80067.31773972395,0.0,92.0383614064793,1,1
2026-05-05 01:35:00,80216.65,80335.68,80200.02,80252.12,53.96235,0.0,20.133269999999964,-20.133269999999964,-1667.5071299999963,0.0,0.00044217752798214605,0.00044207979630779196,61.27688601968288,67.37820343913336,45.749681527438305,79840.01583704761,80097.16699999999,80354.31816295236,-0.0064209802314824415,86.98736419561386,80204.07834931757,80128.20921358485,80074.56488718576,0.0,87.66203266055054,1,1
2026-05-05 01:40:00,80252.12,80277.41,80244.65,80246.01,13.01475,0.0,12.372339999999983,-12.372339999999983,-1679.8794699999962,0.0,-7.613506035730744e-05,-7.613795877813048e-05,60.68572485259417,67.66960940000718,50.13366710195208,79849.11891345173,80109.6675,80370.21608654826,-0.0065047976025680646,83.11398103878496,80212.46467945406,80138.91837598622,80081.28822494317,0.0,79.49504164116883,1,1
2026-05-05 01:45:00,80246.0,80374.47,80246.0,80340.91,22.9033,0.0,15.000079999999972,-15.000079999999972,-1694.8795499999962,0.0,0.0011826133162260444,0.001181914579933826,66.1483211756089,74.69712564398651,55.04635881035897,79864.36214164758,80130.09949999998,80395.83685835238,-0.0066326476570118895,86.35369667887183,80238.15374356325,80157.28125089656,80091.46947102383,0.0,81.86574025860354,1,1
2026-05-05 01:50:00,80340.91,80385.06,80324.23,80335.84,16.75797,0.0,10.412739999999953,-10.412739999999953,-1705.2922899999962,0.0,-6.31060813227613e-05,-6.310807259528596e-05,65.62371178933984,78.94732069960446,59.826551188208065,79882.06831174537,80149.2235,80416.37868825461,-0.006666444828492173,84.53057548752396,80257.69099485059,80173.51386445142,80101.05262902289,0.0,82.97882431426792,1,1
2026-05-05 01:55:00,80335.85,80352.0,80313.62,80352.0,14.30053,0.0,14.03890999999998,-14.03890999999998,-1719.3311999999962,0.0,0.0002011555490053496,0.00020113531994064873,66.53473528030251,82.66667784347374,64.3945765192612,79901.91597269538,80168.66749999998,80435.41902730458,-0.006654757665882399,81.23410580984401,80276.55279588047,80189.73987677402,80110.89370239453,0.0,88.92660605555443,1,1
2026-05-05 02:00:00,80351.99,80508.53,80300.0,80497.43,78.42373,0.0,9.285289999999971,-9.285289999999971,-1728.6164899999962,0.0,0.0018099113898844,0.0018082754738760313,73.37355444124935,96.23988725426898,70.76363866626275,79931.97446880514,80199.76549999998,80467.55653119482,-0.006678100104789865,90.32666968056935,80320.72823670438,80217.7117061582,80126.05198857514,0.0,91.13542200234768,2,1
2026-05-05 02:05:00,80497.44,80517.21,80435.31,80442.81,34.04473,0.0,22.210150000000024,-22.210150000000024,-1750.8266399999964,0.0,-0.0006785309791876859,-0.0006787612855184243,67.77186929586047,101.42026628261374,76.89496418953294,79989.71079060447,80228.85549999998,80468.00020939548,-0.005961563527364708,89.72476470338646,80345.14458936351,80238.17518741653,80138.47387137612,0.0,90.20794191905081,2,1
2026-05-05 02:10:00,80442.8,80456.37,80400.0,80456.36,37.11073,0.0,25.844349999999917,-25.844349999999917,-1776.6709899999962,0.0,0.00016844264888304927,0.00016842846401293694,68.41606475606879,105.4040929711191,82.59678994585018,79996.7972540492,80246.97549999999,80497.15374595077,-0.006235206857130244,87.3422815102871,80367.38767149081,80258.01017037866,80150.93999406724,0.0,88.26263235906765,2,1
2026-05-05 02:15:00,80456.36,80456.37,80399.29,80399.29,20.56506,0.0,15.45790999999996,-15.45790999999996,-1792.128899999996,0.0,-0.000709328634802886,-0.0007095803273878382,62.728807951862976,102.77154586985125,86.6317411306504,80021.49972619607,80264.08499999999,80506.67027380392,-0.006044677985276349,85.18068997383814,80373.76813719264,80270.85379125334,80160.67920998618,0.0,77.90768572033788,2,1
2026-05-05 02:20:00,80399.29,80485.0,80375.2,80484.99,26.35597,0.0,18.60943999999996,-18.60943999999996,-1810.738339999996,0.0,0.0010659298110717863,0.0010653621112736652,67.14550111472938,106.37429049570346,90.580251003661,80039.81080132019,80284.52049999998,80529.23019867978,-0.006096061785155677,86.9392121185642,80396.01250975412,80290.32071932121,80173.39728018279,0.0,80.52421352045116,2,1
2026-05-05 02:25:00,80485.0,80530.71,80455.3,80458.55,42.97715,0.0,25.998049999999942,-25.998049999999942,-1836.736389999996,0.0,-0.00032850845853371613,-0.0003285624292575967,64.60198146560843,105.87553724819736,93.63930825256827,80075.38726463959,80305.17549999998,80534.96373536038,-0.005722874869014956,86.11569696723843,80408.5200078033,80305.61429029201,80184.57973978347,0.0,79.10327540924835,2,1
2026-05-05 02:30:00,80458.56,80485.66,80448.21,80464.57,13.85414,0.0,11.394689999999978,-11.394689999999978,-1848.131079999996,0.0,7.482113460910433e-05,7.481833564762569e-05,64.92774434843047,104.75844524802233,95.86313565165908,80090.40038529978,80320.31149999998,80550.22261470018,-0.005724856151739323,82.63957575529263,80419.73000624264,80320.06480935638,80195.55974998804,0.0,84.26356624646911,2,1
2026-05-05 02:35:00,80464.56,80766.74,80464.56,80722.37,112.89352,0.0,17.70467999999993,-17.70467999999993,-1865.8357599999958,0.0,0.0032038945836656563,0.0031987730497348827,75.37783384935703,123.25464444735553,101.34143741079836,80069.21012445098,80347.897,80626.58387554901,-0.006937004849025833,98.32103462991513,80480.2580049941,80356.6380085058,80216.21897547871,0.0,84.86367187497454,2,1
2026-05-05 02:40:00,80723.12,80812.06,80644.79,80809.05,137.18713,0.0,20.93507999999998,-20.93507999999998,-1886.7708399999958,0.0,0.0010738039529811783,0.0010732278379026743,77.77560102109274,143.25600114828558,109.7243501582958,80056.87131433077,80382.02900000001,80707.18668566925,-0.008090307988350004,103.24596072777864,80546.01640399528,80397.76637136891,80239.46725095014,0.0,91.31088546570545,2,1
2026-05-05 02:45:00,80809.04,80900.0,80549.66,80558.25,170.34049,0.0,19.413319999999946,-19.413319999999946,-1906.1841599999957,0.0,-0.0031036127760443177,-0.0031084389705223025,59.66945123132285,137.28719513164833,115.23691915296631,80075.76470094062,80399.46,80723.15529905939,-0.008052175948927652,120.89553496150849,80548.46312319623,80412.35579215355,80251.96853522661,0.0,79.98792294787484,2,1
2026-05-05 02:50:00,80558.25,80625.17,80542.31,80542.31,34.05748,0.0,10.895439999999962,-10.895439999999962,-1917.0795999999957,0.0,-0.00019786924368392356,-0.00019788882238544608,58.73358301763155,129.77468676953868,118.14447267628078,80100.84412129714,80416.5945,80732.34487870288,-0.007852866206684966,118.1787110356865,80547.23249855699,80424.16981104869,80263.35447502164,0.0,64.2226113986259,2,1
2026-05-05 02:55:00,80542.31,80567.64,80500.89,80554.68,60.63465,0.0,20.846949999999953,-20.846949999999953,-1937.9265499999956,0.0,0.00015358387411534835,0.00015357208131959427,59.26749520745761,123.39668521210842,119.19491518344631,80127.12791989949,80433.7125,80740.2970801005,-0.007623285574453754,114.50523167599462,80548.72199884559,80436.03437368062,80274.77900541294,0.0,45.202099594748944,2,1
2026-05-05 03:00:00,80554.69,80576.22,80457.93,80487.28,21.66052,0.0,8.784199999999997,-8.784199999999997,-1946.7107499999956,0.0,-0.0008366987492222089,-0.0008370489769910686,55.0854846110852,111.61680723734025,117.6792935942251,80147.18624092806,80444.7235,80742.26075907193,-0.007397309509602191,114.77557227056703,80536.43359907647,80440.69306698239,80283.1123777497,0.0,39.65577981651318,3,1
2026-05-05 03:05:00,80487.28,80538.0,80468.65,80523.69,12.22671,0.0,9.447769999999986,-9.447769999999986,-1956.1585199999956,0.0,0.00045236961666494935,0.00045226732837682173,56.85652765761876,104.02007312905334,114.94744950119075,80168.72842559939,80457.258,80745.78757440062,-0.0071722447812132585,111.53088853695552,80533.88487926117,80448.23824271126,80292.54679430854,0.0,36.98055555555522,3,1
2026-05-05 03:10:00,80523.69,80720.35,80523.69,80678.15,61.81091,0.0,36.89180000000004,-36.89180000000004,-1993.0503199999957,0.0,0.0019181932670992996,0.0019163558836568216,63.442230415885206,109.20439742451708,113.79883908585602,80198.73096519716,80480.333,80761.93503480284,-0.006998033539519267,117.61153935574465,80562.73790340894,80469.13931155569,80307.66848864937,0.0,42.0739176829266,3,1
2026-05-05 03:15:00,80678.14,80765.03,80636.92,80755.89,24.65307,0.0,11.492899999999954,-11.492899999999954,-2004.5432199999957,0.0,0.0009635818372137894,0.0009631178902452808,66.23578330132013,118.22317688762269,114.68370664620934,80219.98347933289,80505.5215,80791.05952066711,-0.007093625762479178,118.36142940176293,80601.36832272715,80495.20755595971,80325.24580281999,0.0,55.84947831978304,3,1
2026-05-05 03:20:00,80755.88,80831.68,80751.08,80811.97,40.90287,0.0,18.84929999999997,-18.84929999999997,-2023.3925199999958,0.0,0.0006944385109246554,0.0006941975000736174,68.1278511390966,128.41551775601692,117.43006886817086,80244.6106707143,80533.8195,80823.02832928569,-0.007182295117287797,115.66418444449353,80643.48865818173,80524.00414178155,80344.33302623882,0.0,71.16425304878031,3,1
2026-05-05 03:25:00,80811.97,80858.68,80760.91,80796.22,31.56192,0.0,11.709009999999985,-11.709009999999985,-2035.1015299999958,0.0,-0.00019489686985729726,-0.00019491586472030368,66.99241453219216,133.6811350431526,120.68028210316722,80260.11128375368,80556.58499999999,80853.0587162463,-0.007360632684374926,114.38602841274324,80674.03492654538,80548.75103798322,80362.05408403337,0.0,78.66361788617907,3,1
2026-05-05 03:30:00,80796.22,80842.84,80752.91,80821.01,36.55422,0.0,16.528729999999946,-16.528729999999946,-2051.630259999996,0.0,0.00030682128446102297,0.0003067742244364892,67.89926123945006,138.26073679182446,124.19637304089866,80281.20837146085,80580.84349999999,80880.47862853913,-0.007436882403424902,112.63916924040394,80703.4299412363,80573.50185271203,80380.05235524775,0.0,81.98901723318886,3,1
2026-05-05 03:35:00,80821.0,81083.98,80821.0,80870.62,293.34849,0.0,17.188279999999903,-17.188279999999903,-2068.8185399999957,0.0,0.0006138255386811675,0.0006136372248424873,69.69370695894968,144.230615805267,128.20322159377233,80301.1411286125,80606.77449999998,80912.40787138748,-0.007583317240599722,123.37780000894622,80736.86795298904,80600.51259337457,80399.29030210078,0.0,76.39391826918661,3,1
2026-05-05 03:40:00,80870.62,80999.18,80870.62,80910.54,55.3437,0.0,14.14812999999994,-14.14812999999994,-2082.9666699999957,0.0,0.0004936279702072444,0.0004935061759997956,71.0939703397551,150.44871912572125,132.6523211001621,80299.1487016541,80627.43,80955.71129834588,-0.008143166620736546,123.74795715116419,80771.60236239123,80628.69690306779,80419.33930986153,0.0,73.75101657573873,3,1
2026-05-05 03:45:00,80910.54,80950.0,80822.56,80904.93,41.81873,0.0,10.603989999999971,-10.603989999999971,-2093.5706599999958,0.0,-6.933583683910172e-05,-6.93382406793523e-05,70.60029612069006,153.15841581125278,136.75354004238025,80312.57534693672,80650.536,80988.49665306327,-0.008380865641445301,124.01167449750976,80798.26788991298,80653.8090027889,80438.38208202383,0.0,70.0456281205931,3,1
2026-05-05 03:50:00,80904.92,80910.91,80841.22,80892.64,22.92445,0.0,16.300599999999957,-16.300599999999957,-2109.871259999996,0.0,-0.0001519066885045106,-0.00015191822749409807,69.46232639445647,152.55560363254335,139.91395276041288,80331.03488721687,80672.34999999998,81013.66511278308,-0.008461761998580878,120.13155489054495,80817.14231193038,80675.52091162627,80456.1961180229,0.0,71.04437877698801,3,1
2026-05-05 03:55:00,80892.63,80900.0,80853.16,80893.08,35.12813,0.0,18.743799999999915,-18.743799999999915,-2128.6150599999955,0.0,5.439308199184367e-06,5.439293406201167e-06,69.48129239685684,150.37988920613134,142.00714004955657,80367.05508457385,80697.03949999998,81027.02391542612,-0.008178352451855123,114.89644382693434,80832.3298495443,80695.29901056933,80473.3288192769,0.0,70.11474056917757,3,1
2026-05-05 04:00:00,80893.08,80982.59,80834.37,80912.0,110.12205,0.0,18.792969999999947,-18.792969999999947,-2147.4080299999955,0.0,0.00023388898036769135,0.00023386163260426653,70.33448080219927,148.47082645943738,143.29987733153274,80390.80040271673,80718.38999999998,81045.97959728324,-0.00811685161914779,117.27669783929626,80848.26387963544,80714.99910051757,80490.5316106778,0.0,70.49117482629266,4,1
2026-05-05 04:05:00,80912.01,80967.99,80852.62,80852.62,45.99069,0.0,21.81478999999995,-21.81478999999995,-2169.2228199999954,0.0,-0.000733883725529072,-0.0007341531500159324,64.26237508964,140.54628070109175,142.74915800544454,80428.47727617038,80738.09349999999,81047.7097238296,-0.0076696441644267775,117.14050513649009,80849.13510370835,80727.5100913796,80504.7311553571,0.0,68.36035460426545,4,1
2026-05-05 04:10:00,80852.62,80852.62,80781.42,80808.24,38.00751,0.0,17.519199999999937,-17.519199999999937,-2186.742019999995,0.0,-0.0005488999614359225,-0.0005490506621686955,60.08710920920623,129.19563908755663,140.03845422186697,80471.19567245325,80755.27699999997,81039.3583275467,-0.0070356102560758405,113.85904048388345,80840.95608296669,80734.84917398146,80516.63346299015,0.0,63.58736963827405,4,1
2026-05-05 04:15:00,80808.24,80887.66,80808.24,80832.24,41.29142,0.0,20.49216999999996,-20.49216999999996,-2207.234189999995,0.0,0.00029699941491112547,0.00029695531931559133,61.54229793583465,120.7449011956196,136.1797436166175,80475.20164133361,80760.77049999997,81046.33935866633,-0.007071969643141533,111.3991090207488,80839.21286637335,80743.7028854377,80529.01018993172,0.0,57.76748475808093,4,1
2026-05-05 04:20:00,80832.23,80867.36,80829.66,80834.91,19.57459,0.0,17.90223999999998,-17.90223999999998,-2225.136429999995,0.0,3.3031374609970854e-05,3.303082908612944e-05,61.709553767223866,112.96093388774898,131.5359816708438,80475.39987008423,80762.06349999996,81048.72712991569,-0.007098967448144151,106.13488694783796,80838.35229309868,80751.994441307,80541.00626091479,0.0,51.515029768846915,4,1
2026-05-05 04:25:00,80834.9,80919.72,80793.68,80793.69,26.3193,0.0,15.05773999999994,-15.05773999999994,-2240.1941699999948,0.0,-0.0005099281981015835,-0.0005100582557004304,57.54841039821523,102.28687478456413,125.68616029358786,80502.7012614284,80773.83549999996,81044.96973857151,-0.006713417454877562,107.55668073727868,80829.41983447895,80755.78494664273,80550.91542715342,0.0,37.38548529290173,4,1
2026-05-05 04:30:00,80793.69,80800.0,80725.0,80764.8,39.54667,0.0,19.193529999999967,-19.193529999999967,-2259.3876999999948,0.0,-0.00035757742962350125,-0.00035764137567682056,54.7612750291732,90.45373019050749,118.63967427297179,80535.33172847437,80784.95999999996,81034.58827152556,-0.006180067961303561,105.23120354175877,80816.49586758316,80756.60449694794,80559.30305746113,0.0,22.72457615393178,4,1
2026-05-05 04:35:00,80764.81,80846.22,80754.4,80811.97,40.12562,0.0,18.662719999999997,-18.662719999999997,-2278.0504199999946,0.0,0.0005840415626610085,0.0005838710767648871,58.311410680079526,83.914785221481,111.69469646267363,80571.56706952164,80797.82449999996,81024.08193047828,-0.00560058224038741,104.27326043163364,80815.59069406653,80761.63772449813,80569.21156501168,0.0,16.03786153265672,4,1
2026-05-05 04:40:00,80811.98,80827.64,80769.3,80769.3,38.15804,0.0,36.1735100000001,-36.1735100000001,-2314.2239299999947,0.0,-0.0005280158372577004,-0.0005281552867097379,54.17011889837161,74.43151169620978,104.24205950938087,80635.08595644974,80811.92549999997,80988.7650435502,-0.00437657047412468,100.99231325794528,80806.33255525322,80762.33429499829,80577.05817030533,0.0,15.884821809943778,4,1
2026-05-05 04:45:00,80769.31,80927.97,80732.28,80921.22,61.54955,0.0,40.45641999999995,-40.45641999999995,-2354.6803499999946,0.0,0.001880912673503321,0.0018791459722542708,63.978921355953176,78.27234854454582,99.04811731641385,80707.44348598285,80831.80199999997,80956.16051401709,-0.0030769699781558733,107.75643373952077,80829.31004420258,80776.77844999844,80590.5547126463,0.0,36.04454041342621,4,1
2026-05-05 04:50:00,80921.22,80951.48,80901.99,80902.0,56.75275,0.0,39.63049000000004,-39.63049000000004,-2394.3108399999946,0.0,-0.00023751495590407234,-0.00023754316704834561,62.16614466871425,78.856339254271,95.00976170398528,80737.03358172449,80842.99449999997,80948.95541827545,-0.0026214001332046004,103.59454561526863,80843.84803536205,80788.16222727131,80602.76825332684,0.0,50.873497464767524,4,1
2026-05-05 04:55:00,80901.99,80916.78,80887.9,80902.44,11.50319,0.0,11.326319999999955,-11.326319999999955,-2405.6371599999948,0.0,5.438678895464122e-06,5.4386641059036815e-06,62.19255468704884,78.45033380742825,91.69787612467387,80749.3157532298,80850.32199999997,80951.32824677014,-0.0024985985032976027,98.25779235703548,80855.56642828965,80798.5511157012,80614.52008652971,0.0,69.72154456756692,4,1
2026-05-05 05:00:00,80902.44,80902.44,80830.06,80865.03,52.32281,0.0,11.752089999999948,-11.752089999999948,-2417.3892499999947,0.0,-0.0004624087975592106,-0.0004625157414763835,58.456278416019494,74.2539439694956,88.20908969363822,80753.3597495605,80852.97499999998,80952.59025043945,-0.0024641084744122387,96.40937861724755,80857.45914263172,80804.59465063745,80624.34400470501,0.0,63.98669720615547,5,1
2026-05-05 05:05:00,80865.03,80920.0,80838.4,80891.46,15.93109,0.0,8.08815999999999,-8.08815999999999,-2425.4774099999945,0.0,0.00032684091009427263,0.0003267875092394228,60.27216860573017,72.22835143015254,85.01294204094108,80760.3486814962,80857.73699999998,80955.12531850376,-0.002408880636958337,95.35156585887314,80864.25931410538,80812.49150057949,80634.8191417754,0.0,62.62277262316263,5,1
2026-05-05 05:10:00,80891.45,80984.38,80861.38,80868.69,147.98073,0.0,29.09722999999999,-29.09722999999999,-2454.5746399999944,0.0,-0.00028148830544050263,-0.00028152793070976024,57.92314766453991,68.00182335596764,81.6107183039464,80764.12115678018,80860.12099999997,80956.12084321976,-0.0023744669691946156,97.32645401181078,80865.1454512843,80817.60045507226,80643.99054798028,0.0,58.127047503784695,5,1
2026-05-05 05:15:00,80868.69,80949.31,80868.69,80927.71,44.7218,0.0,34.88861999999999,-34.88861999999999,-2489.4632599999945,0.0,0.000729825102892212,0.000729558910060073,62.051575338097145,68.62363955589535,79.01330255433619,80762.60127023923,80862.97549999997,80963.34972976071,-0.0024825757187413593,96.13313586810968,80877.65836102744,80827.61041370206,80655.11680100067,0.0,66.05710220804946,5,1
2026-05-05 05:20:00,80927.72,81187.93,80901.99,81155.69,101.59006,0.0,15.206779999999979,-15.206779999999979,-2504.6700399999945,0.0,0.002817082060026177,0.0028131215207256623,73.05093433572823,86.51522045834281,80.51368613513752,80713.49902042288,80875.23299999996,81036.96697957705,-0.0039995922998350385,109.69076902038668,80933.26468882195,80857.43583063823,80674.74712253005,0.0,75.5282989750545,5,1
2026-05-05 05:25:00,81155.69,81188.0,81043.73,81061.53,144.19095,0.0,28.731029999999876,-28.731029999999876,-2533.4010699999944,0.0,-0.0011602390417727593,-0.0011609126401636277,64.70855879795265,92.0355733539036,82.81806357889073,80702.29359820357,80883.06299999997,81063.83240179636,-0.004469895058163043,112.16071409035935,80958.91775105755,80875.98984603476,80689.91507850926,0.0,81.29069194614277,5,1
2026-05-05 05:30:00,81061.53,81134.3,81020.01,81134.3,35.14839,0.0,15.463729999999979,-15.463729999999979,-2548.8647999999944,0.0,0.0008977131322343013,0.0008973104287905005,67.77173188364105,101.11681196604331,86.47781325632124,80683.72404440165,80895.14599999998,81106.56795559831,-0.0052270615989327505,112.31280594104854,80993.99420084605,80899.47258730434,80707.34193817557,0.0,84.70735240928059,5,1
2026-05-05 05:35:00,81134.31,81323.52,81084.78,81235.83,200.513,0.0,52.73655000000004,-52.73655000000004,-2601.6013499999945,0.0,0.0012513819679222937,0.0012505996420984107,71.48988906518342,115.17867342039244,92.21798528913548,80653.94896574203,80912.28349999998,81170.61803425792,-0.006385545508870516,121.34331980240259,81042.36136067683,80930.05053391303,80728.0669602079,0.0,82.14508453705845,5,1
2026-05-05 05:40:00,81235.84,81246.18,81040.41,81040.42,86.59435,0.0,40.57695999999991,-40.57695999999991,-2642.1783099999943,0.0,-0.0024054656670585706,-0.002408363447536618,57.693773995095945,109.29496175731765,95.63338058277192,80654.40241698977,80918.70449999996,81183.00658301015,-0.006532533723650724,127.37379695937308,81041.97308854146,80940.08412173911,80740.31609902327,0.0,75.2893905894891,5,1
2026-05-05 05:45:00,81040.42,81040.42,80912.51,80959.9,84.81502,0.0,39.03773000000008,-39.03773000000008,-2681.2160399999943,0.0,-0.0009935782662529036,-0.0009940721923350723,53.14285860179192,97.0164416593907,95.90999279809567,80660.9972497357,80924.06849999996,81187.13975026424,-0.006501681270863712,127.41209717656098,81025.55847083317,80941.88556521738,80748.92723239491,0.0,58.655064099967326,5,1
2026-05-05 05:50:00,80959.9,81065.62,80959.89,81026.05,55.76701,0.0,25.305979999999995,-25.305979999999995,-2706.5220199999944,0.0,0.000817071167330985,0.0008167375464004037,56.19959971171259,91.56784110791341,95.04156246005923,80673.94392813508,80934.95899999996,81195.97407186484,-0.006449995776605763,125.86337594966348,81025.65677666654,80949.53687747035,80759.79479190883,0.0,46.767810026384694,5,1
2026-05-05 05:55:00,81026.05,81026.05,80964.03,80970.0,41.81085,0.0,22.055329999999927,-22.055329999999927,-2728.5773499999946,0.0,-0.0006917528375134374,-0.0006919922089044666,53.04216374812179,81.78426128999854,92.39010222604709,80684.79753918665,80941.84699999997,81198.89646081328,-0.006351460223370389,121.30313481040209,81014.52542133324,80951.39716133669,80768.0381334026,0.0,38.84826052105168,5,1
2026-05-05 06:00:00,80969.99,81016.42,80932.14,80932.14,29.88017,0.0,16.47326999999995,-16.47326999999995,-2745.0506199999945,0.0,-0.0004675805854019721,-0.00046768993529181337,50.95951379509652,70.16687811311567,87.94545740346081,80694.29687318264,80946.70849999996,81199.12012681729,-0.006236488956615795,118.65862518108757,80998.04833706659,80949.64651030608,80774.47350072015,0.0,32.9108712141767,6,1
2026-05-05 06:05:00,80932.15,80943.62,80900.0,80933.55,61.86636,0.0,54.66128,-54.66128,-2799.7118999999943,0.0,1.7422003174560885e-05,1.7421851413226232e-05,51.03662005270151,60.377795816544676,82.43192508607758,80711.07479473212,80953.70149999997,81196.32820526781,-0.005994209054612409,113.29872338243813,80985.14866965327,80948.18319118735,80780.71179480955,0.0,23.339277753009643,6,1
2026-05-05 06:10:00,80933.55,80992.49,80910.67,80958.93,28.67228,0.0,13.918009999999953,-13.918009999999953,-2813.629909999994,0.0,0.0003135905937647898,0.00031354143451152536,52.484806724758656,54.04483623015403,76.75450731489288,80736.78151072012,80963.40799999997,81190.03448927982,-0.00559824480905868,111.05024314083589,80979.90493572262,80949.16017380668,80787.70074403271,0.0,22.168099155823608,6,1
2026-05-05 06:15:00,80958.94,80972.06,80900.0,80900.01,26.35833,0.0,18.793789999999937,-18.793789999999937,-2832.423699999994,0.0,-0.000727776417005499,-0.0007280413748232407,48.871036691689795,43.767049246744136,70.15701570126313,80749.86683553149,80967.80999999997,81185.75316446845,-0.0053834521266780235,108.26522577363315,80963.9259485781,80944.6919761879,80792.10502858045,0.0,18.05888528152882,6,1
2026-05-05 06:20:00,80900.01,80900.01,80810.0,80810.0,67.46864,0.0,30.07813999999999,-30.07813999999999,-2862.501839999994,0.0,-0.0011126080206911304,-0.00111322742847632,43.89838376906786,28.035597345238784,61.732732030058266,80758.69999475102,80969.84499999996,81180.9900052489,-0.00521539852889525,106.96128107551613,80933.14075886247,80932.44725107991,80792.80679216553,0.0,11.06811264207112,6,1
2026-05-05 06:25:00,80810.0,80833.93,80810.0,80824.93,16.43285,0.0,14.752069999999978,-14.752069999999978,-2877.253909999994,0.0,0.00018475436208387208,0.0001847372970985722,44.899865393758844,16.581888905653614,52.70256340517734,80745.4475113254,80965.03049999996,81184.61348867453,-0.005424143912959147,101.03047528440733,80911.49860708998,80922.67295552719,80794.0665258061,0.0,3.7554410591574956,6,1
2026-05-05 06:30:00,80824.94,80867.6,80801.99,80864.36,19.45527,0.0,13.102809999999923,-13.102809999999923,-2890.356719999994,0.0,0.0004878445301468304,0.000487725572690957,47.562206361229876,10.564631422734237,44.274977008688715,80740.80897956635,80963.14849999997,81185.48802043358,-0.005492363490128157,98.50044133552113,80902.07088567199,80917.37177775199,80796.82313263723,0.0,4.955475970359166,6,1
2026-05-05 06:35:00,80864.35,80889.41,80808.44,80814.8,24.85432,0.0,10.952349999999958,-10.952349999999958,-2901.309069999994,0.0,-0.0006128781579425313,-0.0006130660445324196,44.642439734375046,1.7763569683302194,35.77525300061701,80728.50055430573,80958.76649999997,81189.0324456942,-0.005688474655656587,97.24826695441256,80884.6167085376,80908.04707068363,80797.52810782794,0.0,5.774220817251816,6,1
2026-05-05 06:40:00,80814.8,80880.0,80800.0,80811.51,42.02223,0.0,15.877759999999922,-15.877759999999922,-2917.1868299999937,0.0,-4.071036493324964e-05,-4.0711193622647053e-05,44.4473737534352,-5.391736771925935,27.541855046108424,80720.35049295485,80956.09049999996,81191.83050704507,-0.005823898006663535,96.01624788624022,80869.99536683007,80899.27097334876,80798.07641732488,0.0,5.537952324944882,6,1
2026-05-05 06:45:00,80811.51,80935.2,80811.51,80935.19,28.05043,0.0,15.884229999999956,-15.884229999999956,-2933.071059999994,0.0,0.001530475052378133,0.0015293050690365743,52.79739930391808,-1.080109511196497,21.81746213464744,80724.16981586396,80958.27699999997,81192.38418413598,-0.005783403323566532,97.99294446579465,80883.03429346406,80902.53633940796,80803.45342056704,0.0,11.651414704853371,6,1
2026-05-05 06:50:00,80935.19,80936.53,80896.92,80920.1,26.65606,0.0,13.661259999999947,-13.661259999999947,-2946.7323199999937,0.0,-0.00018644547569479641,-0.00018646285881320271,51.77486789872785,1.1064942914963467,17.67526856601722,80729.62017823766,80960.84749999997,81192.07482176229,-0.005712077600529446,93.82273414680935,80890.44743477125,80904.13303582542,80808.02779623108,0.0,25.904326108746044,6,1
2026-05-05 06:55:00,80920.1,80976.0,80903.96,80976.0,18.11673,0.0,13.209009999999994,-13.209009999999994,-2959.9413299999937,0.0,0.0006908048803695443,0.0006905663845079227,55.233648960038984,7.266295056659146,15.593473864145604,80732.46109887173,80963.26199999997,81194.06290112821,-0.005701373571836598,92.26682456489394,80907.557947817,80910.66639620492,80814.61494147692,0.0,47.25815675106247,6,1
2026-05-05 07:00:00,80976.0,80976.0,80900.34,80949.99,28.3665,0.0,15.964209999999925,-15.964209999999925,-2975.905539999994,0.0,-0.00032120628334320056,-0.0003212578811307483,53.317485587994106,9.934671211056411,14.461713333527765,80739.72725623331,80952.97699999998,81166.22674376666,-0.005268484289754416,91.0806228102589,80916.0443582536,80914.2412692772,80819.92376730136,0.0,59.27587213122903,7,1
2026-05-05 07:05:00,80949.99,80955.54,80900.38,80900.39,38.50635,0.0,12.167189999999996,-12.167189999999996,-2988.072729999994,0.0,-0.0006127239793359829,-0.0006129117713871229,49.77151089991334,7.955368526192615,13.160444372060734,80736.56424658802,80944.91999999997,81153.27575341192,-0.005148087203296919,88.51486403809676,80912.91348660288,80912.98206297928,80823.07930583856,0.0,59.66643440614994,7,1
2026-05-05 07:10:00,80900.39,81026.7,80900.38,80995.36,27.28957,0.0,12.61685,-12.61685,-3000.689579999994,0.0,0.0011739127586405385,0.001173224261828872,55.82900007357991,13.889927750002244,13.306341047649036,80746.77948917908,80937.97299999997,81129.16651082085,-0.00472444524453029,91.21523089251788,80929.4027892823,80920.4709663448,80829.83541149195,0.0,66.30493161931291,7,1
2026-05-05 07:15:00,80995.35,81007.62,80973.5,80999.99,26.02721,0.0,18.27362999999999,-18.27362999999999,-3018.963209999994,0.0,5.7163768393708736e-05,5.71621346077622e-05,56.10691881652142,18.75056614188361,14.39518606649595,80788.25269725651,80926.18099999997,81064.10930274343,-0.003408743648571719,87.13700011448056,80943.52023142585,80927.69996940436,80836.50814045305,0.0,73.59337570847502,7,1
2026-05-05 07:20:00,81000.0,81095.0,80998.95,81042.01,37.38872,0.0,13.392479999999983,-13.392479999999983,-3032.355689999994,0.0,0.0005187654961438248,0.000518630983842047,58.64975528055315,25.697099740747944,16.655568801346348,80788.0673270905,80926.26049999997,81064.45367290945,-0.003415286263214387,87.77364296344645,80963.21818514068,80938.0917903676,80844.56703690586,0.0,85.4769198946326,7,1
2026-05-05 07:25:00,81042.0,81095.0,81031.54,81050.01,35.60713,0.0,20.41567999999999,-20.41567999999999,-3052.771369999994,0.0,9.871423475305008e-05,9.870936282359519e-05,59.135145412065704,31.484872791246744,19.621429599326426,80782.93968477666,80930.76599999997,81078.59231522329,-0.003653154975039089,86.0369541803436,80980.57654811254,80948.26617306145,80852.62362369387,0.0,85.00144993632533,7,1
2026-05-05 07:30:00,81050.0,81079.39,81016.79,81079.39,216.20158,0.0,59.37475999999996,-59.37475999999996,-3112.146129999994,0.0,0.00036249224398621216,0.00036242655954565786,60.948158200223254,38.00435455114348,23.298014589689835,80777.14423373967,80933.43299999998,81089.72176626028,-0.003862155859873201,84.36288602460517,81000.33923849004,80960.18652096495,80861.5164227647,0.0,87.16497175141113,7,1
2026-05-05 07:35:00,81079.41,81136.59,81079.41,81124.88,98.98151,0.0,37.33888999999993,-37.33888999999993,-3149.485019999994,0.0,0.0005610550350712007,0.0005608977025403997,63.638119739950625,46.307944482105086,27.900000568172885,80764.40239215668,80941.17699999998,81117.95160784328,-0.0043679772001165105,82.4226798799903,81025.24739079204,80975.15865542268,80871.8444061857,0.0,91.9928723490146,7,1
2026-05-05 07:40:00,81124.88,81124.89,80994.83,81011.05,162.58684,0.0,85.15757999999975,-85.15757999999975,-3234.6425999999938,0.0,-0.0014031453729115295,-0.0014041307031958988,53.67486968178156,43.205424405430676,30.961085335624443,80765.82635434897,80945.12249999998,81124.41864565099,-0.004430066694902076,85.82534560284796,81022.40791263363,80978.4215049297,80877.30344908038,0.0,84.64395402678659,7,1
2026-05-05 07:45:00,81011.05,81029.57,80890.36,80956.29,115.5522,0.0,27.397909999999996,-27.397909999999996,-3262.040509999994,0.0,-0.000675957168806085,-0.0006761857308576907,49.647920571125866,35.91398646037851,31.951665560575258,80766.9829124997,80946.25949999999,81125.53608750027,-0.00442952123069456,89.63853520264499,81009.1843301069,80976.4095499361,80880.40096088115,0.0,68.55224457054652,7,1
2026-05-05 07:50:00,80956.29,80956.3,80854.07,80875.0,101.09701,0.0,26.36846999999991,-26.36846999999991,-3288.408979999994,0.0,-0.0010041221009509105,-0.0010046265692745208,44.330881219542476,23.30737284006318,30.222807016472842,80760.25780940587,80942.063,81123.86819059412,-0.004492230216423437,90.5379255453129,80982.34746408553,80967.1904999419,80880.18915849365,0.0,42.88877362398526,7,1
2026-05-05 07:55:00,80875.0,80894.19,80826.0,80855.59,156.82768,0.0,39.05707999999992,-39.05707999999992,-3327.466059999994,0.0,-0.00024000000000001798,-0.00024002880460884758,43.14278907592237,11.61640920204809,26.50152745358789,80754.97658694646,80939.84199999999,81124.70741305352,-0.004567970692444119,88.9416451492193,80956.99597126842,80957.04499994719,80879.22448561154,0.0,25.163650832917764,7,1
2026-05-05 08:00:00,80855.59,80877.77,80839.71,80850.28,44.05949,0.0,30.018289999999904,-30.018289999999904,-3357.484349999994,0.0,-6.567263933143774e-05,-6.567479587363385e-05,42.80480985467969,1.9008518309274223,21.581392329055795,80761.87967509136,80941.856,81121.83232490864,-0.004447052089061043,85.30724192427489,80935.65277701474,80947.33909086107,80878.08940774442,0.0,12.291662038898542,8,1
2026-05-05 08:05:00,80850.29,80895.5,80850.29,80888.01,34.18168,0.0,39.12003000000013,-39.12003000000013,-3396.604379999994,0.0,0.00046666505051051743,0.00046655619624017246,46.03951426785999,-2.7229136516398285,16.72053113291667,80771.23650628059,80945.01,81118.7834937194,-0.004293618438478261,82.44386750111248,80926.12422161178,80941.94553714643,80878.47845057798,0.0,12.436545499424833,8,1
2026-05-05 08:10:00,80888.0,80888.01,80859.31,80859.32,58.91061,0.0,34.86548999999995,-34.86548999999995,-3431.469869999994,0.0,-0.0003546879197545705,-0.0003547508363924011,44.001662435292126,-8.603152549359947,11.655794396461346,80770.50346256151,80944.758,81119.0125374385,-0.004305517534279207,78.60501982246137,80912.76337728943,80934.43412467858,80877.72713879061,0.0,12.836858881483765,8,1
2026-05-05 08:15:00,80859.32,80878.43,80812.83,80857.42,38.14209,0.0,26.668850000000017,-26.668850000000017,-3458.138719999994,0.0,-2.349760052411387e-05,-2.3497876597053777e-05,43.863194293890736,-13.263702653857763,6.671894986397524,80778.08660644539,80946.889,81115.6913935546,-0.004170695023365457,77.67608983514208,80901.69470183154,80927.4328406169,80876.93078040666,0.0,14.821914795018552,8,1
2026-05-05 08:20:00,80857.43,80879.24,80839.42,80879.23,11.79383,0.0,10.502929999999987,-10.502929999999987,-3468.641649999994,0.0,0.00026973405780195137,0.00026969768611129105,45.96523346752036,-15.024148431970389,2.332686302723941,80789.96766575144,80950.275,81110.58233424855,-0.003960637175069724,74.97208341834673,80897.20176146523,80923.05076419718,80877.02094588091,0.0,15.00317864706551,8,1
2026-05-05 08:25:00,80879.23,80879.24,80834.54,80842.63,18.65473,0.0,15.885269999999936,-15.885269999999936,-3484.526919999994,0.0,-0.00045252656337102515,-0.00045262898441629794,43.051866469882185,-19.151857820164878,-1.9642225218538236,80778.65973810261,80945.647,81112.63426189739,-0.004125910857130824,72.8097917456085,80886.28740917219,80915.73978563379,80875.67228133656,0.0,14.495305164318756,8,1
2026-05-05 08:30:00,80842.64,80869.25,80800.0,80842.65,47.62673,0.0,29.485730000000018,-29.485730000000018,-3514.0126499999938,0.0,2.473942273262253e-07,2.4739419672427847e-07,43.053990509512296,-22.165967935463414,-6.004571604575742,80769.10166721849,80941.77449999998,81114.44733278148,-0.004266593705120528,72.55552090663647,80877.55992733774,80909.09525966708,80874.3772899116,0.0,14.12819009328942,8,1
2026-05-05 08:35:00,80842.64,80864.71,80780.01,80789.44,41.26036,0.0,28.514550000000014,-28.514550000000014,-3542.5271999999936,0.0,-0.0006581921794992507,-0.0006584088830654401,38.89727549204521,-28.519518961009453,-10.507561075862483,80748.39557268124,80932.44649999999,81116.49742731874,-0.00454826056243707,73.4229836990204,80859.9359418702,80898.21750878826,80871.04641579742,0.0,8.17337303078221,8,1
2026-05-05 08:40:00,80789.44,80802.92,80723.2,80741.27,73.67525,0.0,27.32730999999994,-27.32730999999994,-3569.8545099999938,0.0,-0.0005962412909409354,-0.0005964191134663814,35.551034935192455,-37.014984648136306,-15.80904579031725,80720.29971838921,80922.01049999999,81123.72128161076,-0.004985313151871692,73.8727705776619,80836.20275349615,80883.94955344388,80865.95714458967,0.0,6.562315037164898,8,1
2026-05-05 08:45:00,80741.28,80805.0,80741.27,80804.99,38.9132,0.0,23.107349999999958,-23.107349999999958,-3592.9618599999935,0.0,0.0007891874873902083,0.0007888762426879332,42.58712045532357,-38.16607617340924,-20.280451866935646,80709.2945981402,80917.24049999999,81125.18640185977,-0.005139718076762258,73.14828696497148,80829.96020279692,80876.7714122217,80863.56627617439,0.0,9.125738512000707,8,1
2026-05-05 08:50:00,80805.0,80833.99,80795.1,80795.1,45.41221,0.0,36.764640000000185,-36.764640000000185,-3629.726499999994,0.0,-0.00012239343139575087,-0.0001224009220829888,41.823908809679494,-39.42193333795876,-24.10874816114027,80696.03188804344,80907.2275,81118.42311195655,-0.005220685925903429,70.70126646747347,80822.98816223754,80869.34673838336,80860.88132416755,0.0,16.067000984601236,8,1
2026-05-05 08:55:00,80795.1,80815.24,80772.81,80815.24,21.82772,0.0,15.345880000000006,-15.345880000000006,-3645.0723799999937,0.0,0.0002492725425180531,0.00024924147927986073,44.023881797626174,-38.35000452569511,-26.956999434051237,80687.6720867501,80897.98999999999,81108.30791324988,-0.0051995831602217,68.68189029122591,80821.43852979003,80864.42794398488,80859.09146831784,0.0,27.77167583981218,8,1
2026-05-05 09:00:00,80815.24,80815.24,80686.0,80694.7,60.02727,0.0,21.617619999999924,-21.617619999999924,-3666.6899999999937,0.0,-0.0014915503560962717,-0.0014926638246626777,35.3963320002022,-46.6888636668009,-30.903372280601168,80663.49689923975,80880.62449999999,81097.75210076023,-0.005369088137054204,73.00746955613872,80796.09082383203,80848.99813089534,80852.64474407009,0.0,22.36876645732995,9,1
2026-05-05 09:05:00,80694.7,80719.19,80694.21,80713.39,41.80639,0.0,37.39184999999992,-37.39184999999992,-3704.0818499999937,0.0,0.00023161372432145555,0.00023158690600372223,37.44341280554947,-51.19915087231493,-34.96252799894392,80649.62895848152,80863.79349999999,81077.95804151845,-0.005296920469566178,69.57693601641424,80779.55065906562,80836.67011899577,80847.1837737144,0.0,18.903976598487557,9,1
2026-05-05 09:10:00,80713.4,80713.4,80667.77,80667.77,78.27616,0.0,24.721660000000007,-24.721660000000007,-3728.803509999994,0.0,-0.0005652098121513571,-0.0005653696034304692,34.564437339165146,-57.78858784674958,-39.52773996850505,80636.90977838363,80843.2125,81049.51522161636,-0.005103773470564668,67.86644058666965,80757.19452725249,80821.31556272342,80840.14793945108,0.0,5.742243436753559,9,1
2026-05-05 09:15:00,80667.78,80688.61,80621.88,80632.67,240.01807,0.0,79.52474999999987,-79.52474999999987,-3808.328259999994,0.0,-0.00043511801553464124,-0.00043521270684728956,32.49426825573373,-65.09269273729296,-44.640730522262636,80636.56788544617,80818.60199999998,81000.6361145538,-0.004504757816865266,67.7852662590501,80732.28962180199,80804.1659661122,80832.01154966869,0.0,5.709465059768395,9,1
2026-05-05 09:20:00,80632.67,80660.0,80597.99,80636.87,80.11033,0.0,38.91925999999993,-38.91925999999993,-3847.247519999994,0.0,5.208806802503574e-05,5.208671148872648e-05,33.01128526310042,-69.73844223572814,-49.660272864955736,80624.01130801499,80799.89299999997,80975.77469198495,-0.004353512992522846,67.37274724054615,80713.20569744159,80788.95724192017,80824.35893987777,0.0,5.959469833037005,9,1
2026-05-05 09:25:00,80636.88,80670.84,80636.44,80657.73,28.38712,0.0,12.841569999999997,-12.841569999999997,-3860.089089999994,0.0,0.00025869059649763493,0.00025865714185475345,35.64749135294163,-70.91948879734264,-53.91211605143312,80614.10526739628,80784.96499999997,80955.82473260365,-0.004229988404492926,65.01755100907815,80702.11055795327,80777.0274926547,80817.82447164727,0.0,13.039766129332198,9,1
2026-05-05 09:30:00,80657.73,80701.48,80611.2,80611.21,87.34599,0.0,67.44644999999993,-67.44644999999993,-3927.535539999994,0.0,-0.0005767581110946995,-0.0005769245000345793,32.569296052470435,-74.74760802599485,-58.07921444634546,80590.35307483806,80771.77549999996,80953.19792516186,-0.004492223280690461,66.82201165128677,80683.93044636262,80761.95317514063,80809.72194334738,0.0,13.255111111108912,9,1
2026-05-05 09:35:00,80611.2,80642.82,80566.89,80581.34,106.36038,0.0,51.42232000000034,-51.42232000000034,-3978.957859999994,0.0,-0.0003705439975408842,-0.00037061266593157153,30.7341580903033,-79.27781416779908,-62.31893439063619,80563.10113816256,80758.06299999997,80953.02486183737,-0.0048282946518271004,67.47258224762398,80663.4123570901,80745.53379558239,80800.76578870631,0.0,10.240134879685852,9,1
2026-05-05 09:40:00,80581.34,80589.59,80564.13,80589.59,16.60382,0.0,13.881650000000043,-13.881650000000043,-3992.8395099999943,0.0,0.00010238102270321292,0.00010237578212399557,31.875891187028166,-81.26555044222914,-66.10825760095477,80541.78881357958,80745.02849999997,80948.26818642036,-0.005034110215724084,64.47168351565026,80648.64788567208,80731.35708689308,80792.48438522762,0.0,5.983268840448314,9,1
2026-05-05 09:45:00,80589.59,80610.0,80574.94,80574.94,24.6963,0.0,18.436849999999982,-18.436849999999982,-4011.2763599999944,0.0,-0.0001817852653176466,-0.00018180179026168114,30.901804357320156,-83.06545150690363,-69.49969638214455,80524.3786107916,80729.37499999997,80934.37138920835,-0.00507860711688592,62.37084897881793,80633.90630853767,80717.13735172099,80783.95323286575,0.0,5.7517142840386635,9,1
2026-05-05 09:50:00,80574.94,80588.0,80527.76,80588.0,74.51705,0.0,49.1404300000001,-49.1404300000001,-4060.4167899999943,0.0,0.00016208513465842955,0.00016207200028222986,32.87120653110099,-82.48719220991188,-72.09719554769802,80511.09551317824,80715.80899999996,80920.52248682169,-0.005072450845948294,62.21864548033131,80624.72504683014,80705.39759247363,80776.26879236121,0.0,10.715853432225154,9,1
2026-05-05 09:55:00,80588.0,80588.0,80568.93,80586.02,27.19873,0.0,27.61235999999992,-27.61235999999992,-4088.0291499999944,0.0,-2.4569414801112188e-05,-2.456971663412794e-05,32.71895075725432,-81.25206378965231,-73.92816919608887,80500.92001449851,80702.23899999997,80903.55798550144,-0.004989179680664484,59.13659937459386,80616.9840374641,80694.54508406694,80768.80805540587,0.0,14.23406181279361,9,1
2026-05-05 10:00:00,80586.02,80605.99,80530.82,80605.98,39.59141,0.0,27.638129999999958,-27.638129999999958,-4115.667279999994,0.0,0.00024768564075983157,0.00024765497173559237,35.94019579734836,-77.76617042574799,-74.69576944202069,80500.50557055225,80688.57649999997,80876.64742944768,-0.004661649457843959,60.281842276408454,80614.78322997129,80686.49371278813,80762.42264146838,0.0,21.968417991473586,10,1
2026-05-05 10:05:00,80605.98,80707.98,80605.98,80688.89,76.13787,0.0,52.39585999999976,-52.39585999999976,-4168.063139999994,0.0,0.001028583735350752,0.0010280551055627184,47.23991294100479,-67.53493009303929,-73.26360157222442,80506.5684223424,80680.88949999996,80855.21057765752,-0.004321248284144363,63.26171068523642,80629.60458397704,80686.71155708011,80759.53900846963,0.0,34.09429389480302,10,1
2026-05-05 10:10:00,80688.89,80707.98,80673.34,80677.56,20.80032,0.0,14.944709999999926,-14.944709999999926,-4183.007849999994,0.0,-0.00014041586146495977,-0.00014042572069497422,46.04463560769674,-59.653189888296765,-70.54151923543888,80514.88768223255,80672.63499999998,80830.3823177674,-0.003910801172353565,61.21730277914806,80639.19566718163,80685.87959734556,80756.32414539238,0.0,53.83703771203369,10,1
2026-05-05 10:15:00,80677.56,80718.94,80677.55,80710.0,49.80187,0.0,38.76945000000014,-38.76945000000014,-4221.777299999993,0.0,0.00040209446096284296,0.00040201364264874634,49.94948063615046,-50.21042260664399,-66.4752999096799,80519.09142457969,80668.66299999997,80818.23457542025,-0.0037082943948205252,59.80106686635173,80653.3565337453,80688.07236122324,80754.50751223974,0.0,76.54201415425901,10,1
2026-05-05 10:20:00,80710.0,80739.0,80702.85,80718.65,29.47475,0.0,24.09532999999991,-24.09532999999991,-4245.8726299999935,0.0,0.00010717383223890486,0.00010716808953405461,50.96845830635965,-41.55001607423765,-61.49024314259145,80519.84339425527,80667.53199999998,80815.22060574469,-0.0036616616892335783,58.11170494732619,80666.41522699624,80690.85214656658,80753.10133528916,0.0,87.98111129326514,10,1
2026-05-05 10:25:00,80718.65,80749.05,80715.09,80732.38,48.91951,0.0,34.323460000000026,-34.323460000000026,-4280.196089999993,0.0,0.00017009699741032946,0.0001700825325563277,52.61743221633832,-33.196022169067874,-55.83139894788674,80526.71070430794,80663.90149999996,80801.09229569198,-0.0034015412877597706,56.38658316537477,80679.608181597,80694.62740596962,80752.28873390527,0.0,92.71902838500671,10,1
2026-05-05 10:30:00,80732.39,80824.84,80732.38,80820.38,54.98428,0.0,23.676739999999796,-23.676739999999796,-4303.872829999993,0.0,0.0010900211290687523,0.001089427487386666,61.544244486510856,-19.25262498218217,-48.51564415474583,80522.79479178997,80665.16549999996,80807.53620820995,-0.003529917959691942,58.963255796418856,80707.7625452776,80706.05945997238,80754.95897963448,0.0,93.77734246678494,10,1
2026-05-05 10:35:00,80820.38,80831.87,80750.23,80791.2,50.85691,0.0,26.09130999999994,-26.09130999999994,-4329.964139999993,0.0,-0.0003610475476607533,-0.0003611127410189962,57.66474679891203,-10.43665710093046,-40.899846743982756,80526.3549709289,80663.96349999995,80801.57202907102,-0.0034118960462700726,60.583023239531755,80724.45003622207,80713.79950906581,80756.3801961194,0.0,92.53072304227459,10,1
2026-05-05 10:40:00,80791.21,80826.52,80791.2,80822.42,22.05185,0.0,18.34172999999996,-18.34172999999996,-4348.305869999993,0.0,0.00038642822485623896,0.00038635358069887655,60.531380999686455,-0.9201391643291572,-32.90390522805204,80516.70793894833,80670.34949999995,80823.99106105158,-0.0038091209968447457,58.7785215795657,80744.04402897766,80723.67409915074,80758.96999235002,0.0,94.00594741794153,10,1
2026-05-05 10:45:00,80822.42,80826.45,80810.37,80810.37,16.47869,0.0,16.430390000000042,-16.430390000000042,-4364.736259999993,0.0,-0.00014909229394521883,-0.00014910340930609925,58.874333522854215,5.585054537164979,-25.206113275008637,80510.6921802927,80675.19849999997,80839.70481970724,-0.004078237742601257,55.72862718102541,80757.30922318212,80731.55554468249,80760.98567892452,0.0,92.14977036817864,10,1
2026-05-05 10:50:00,80810.38,80810.38,80724.94,80724.94,30.67222,0.0,22.13912000000004,-22.13912000000004,-4386.875379999993,0.0,-0.0010571663018000832,-0.0010577254962373301,48.69640662007386,3.803140149015235,-19.404262590203864,80512.18520618194,80678.05699999996,80843.92879381798,-0.0041119431970955845,57.850868096666616,80750.8353785457,80730.95413152954,80759.57212288826,0.0,84.88704744993693,10,1
2026-05-05 10:55:00,80724.94,80829.24,80708.82,80823.61,81.33454,0.0,44.27010000000022,-44.27010000000022,-4431.145479999994,0.0,0.0012222988335450768,0.0012215524344790611,57.77575398723238,10.234823860315373,-13.476445300100016,80511.60965249673,80687.60399999996,80863.5983475032,-0.004362363951301225,62.32009180404744,80765.39030283656,80739.37739229958,80762.08341218677,0.0,85.01748270910876,10,1
2026-05-05 11:00:00,80823.61,80839.76,80780.0,80835.45,61.38834,0.0,32.378979999999906,-32.378979999999906,-4463.524459999993,0.0,0.00014649184811221794,0.00014648111922921942,58.71981431359907,16.101757550248294,-7.560804730030354,80511.96206913749,80697.53299999997,80883.10393086245,-0.00459917234055914,62.13722810375797,80779.40224226925,80748.11126572688,80764.96053327748,0.0,86.90905516501725,11,1
2026-05-05 11:05:00,80835.45,80839.51,80833.2,80839.51,24.61286,0.0,24.751340000000017,-24.751340000000017,-4488.275799999993,0.0,5.0225488940736085e-05,5.0224227683097764e-05,59.057853823111486,20.838736850899295,-1.8808964138444235,80512.14637521682,80706.62199999997,80901.09762478313,-0.004819322627160726,58.14956895348938,80791.4237938154,80756.4202415699,80767.8840417764,0.0,98.60262092805476,11,1
2026-05-05 11:10:00,80839.51,80978.99,80820.01,80942.73,76.86602,0.0,29.520719999999912,-29.520719999999912,-4517.796519999993,0.0,0.0012768508864045014,0.001276036405551457,66.55617822692852,32.54664101124217,5.004611071172897,80508.60438147403,80723.19799999997,80937.79161852592,-0.005316776932597465,65.35174259966945,80821.68503505232,80773.35749233628,80774.74074602046,0.0,96.26768874321216,11,1
2026-05-05 11:15:00,80942.73,80960.0,80832.9,80848.05,58.28369,0.0,28.261249999999926,-28.261249999999926,-4546.057769999992,0.0,-0.001169715921368053,-0.0011704005729870786,56.359875442401176,33.79577799142862,10.762844455224041,80525.7446368772,80736.53349999998,80947.32236312274,-0.005221647598302418,69.7623324139792,80826.95802804186,80780.1477203057,80777.61561872554,80487.51025,82.45276987562345,11,1
2026-05-05 11:20:00,80848.06,80866.69,80818.72,80865.27,36.83782,0.0,27.130699999999887,-27.130699999999887,-4573.188469999992,0.0,0.00021299215008907524,0.0002129694704814039,57.63121039174951,35.76298470819893,15.762872505819018,80543.75494520685,80750.31749999998,80956.8800547931,-0.005116080312455164,68.2057372415522,80834.6204224335,80787.88610936882,80781.05304544218,80490.9416,69.90454920820052,11,1
2026-05-05 11:25:00,80865.28,80967.52,80862.64,80949.23,71.34123,0.0,16.966190000000008,-16.966190000000008,-4590.154659999992,0.0,0.0010382701993079113,0.0010377315696010678,63.25238559024451,43.59435196824779,21.329168398304773,80561.59781276976,80769.03199999998,80976.4661872302,-0.005136478229186096,70.82532743858452,80857.5423379468,80802.55373578983,80787.64822013072,80494.88880000002,69.55247486846974,11,1
2026-05-05 11:30:00,80949.23,81000.0,80936.38,80999.99,33.24274,0.0,20.275549999999953,-20.275549999999953,-4610.430209999992,0.0,0.00062705970149457,0.0006268631817087515,66.17426428914732,53.2824676054006,27.719828239723938,80576.4522632574,80789.63149999997,81002.81073674255,-0.005277390991505652,70.31066119297101,80886.03187035744,80820.50248708166,80795.97534875305,80499.6588,83.83127993488914,11,1
2026-05-05 11:35:00,81000.0,81095.48,80988.65,81020.74,88.64019,0.0,35.65756999999991,-35.65756999999991,-4646.087779999993,0.0,0.00025617287113255394,0.0002561400644652676,67.31824721647489,61.92093464186473,34.5600495201521,80597.0166862158,80811.36749999996,81025.71831378413,-0.005304966873235278,72.91918539347321,80912.97349628595,80838.70589734695,80804.78964880196,80504.18795,89.96326001808107,11,1
2026-05-05 11:40:00,81020.75,81047.2,81017.54,81039.01,25.03769,0.0,18.54836999999995,-18.54836999999995,-4664.636149999992,0.0,0.00022549781697867033,0.00022547239616742574,68.33373400367546,69.44074859189277,41.536189334500236,80618.54630223651,80833.01899999997,81047.49169776343,-0.005306561611003456,69.82924357965395,80938.18079702876,80856.9153612245,80813.97476061365,80509.25785000001,88.68745331200934,11,1
2026-05-05 11:45:00,81039.0,81055.79,80989.06,80998.65,37.81295,0.0,19.27110999999996,-19.27110999999996,-4683.907259999992,0.0,-0.0004980317503878728,-0.0004981558093919953,63.630147252518924,71.32139201607788,47.49322987081577,80633.1674601649,80848.50699999997,81063.84653983504,-0.005326988656329041,69.6078690382498,80950.274637623,80869.80032838591,80821.2169268641,80513.92990000002,80.34104036276482,11,1
2026-05-05 11:50:00,80999.13,81002.62,80874.0,80930.0,57.23609,0.0,30.43942999999995,-30.43942999999995,-4714.346689999992,0.0,-0.0008475449899473242,-0.0008479043592711111,56.50556660167233,66.50569792372698,51.295723481398014,80658.10805446512,80861.12899999997,81064.14994553482,-0.005021471949392452,73.82302124980306,80946.2197100984,80875.27302580538,80825.48292973217,80518.15400000001,72.51849169813198,11,1
2026-05-05 11:55:00,80929.99,81020.01,80926.89,81014.05,52.36291,0.0,18.710219999999904,-18.710219999999904,-4733.056909999992,0.0,0.001038551834919188,0.0010380129130621947,62.100688567829465,68.67966183515091,54.772511152148596,80675.32898304622,80876.33149999997,81077.33401695373,-0.004970614102439968,75.20137687481679,80959.78576807873,80887.88911436853,80832.8777168015,80523.32410000003,70.3667304608699,11,1
2026-05-05 12:00:00,81014.05,81014.05,80932.54,81003.04,36.71352,0.0,27.626189999999983,-27.626189999999983,-4760.683099999992,0.0,-0.00013590235274019147,-0.00013591158830169746,60.99382014048076,68.72194510666304,57.56239794305149,80696.04765093054,80890.55099999998,81085.05434906941,-0.004809049923999979,75.65199281233053,80968.43661446297,80898.35737669867,80839.55074751515,80528.52275000002,70.74518526181471,12,1
2026-05-05 12:05:00,81003.03,81065.94,80982.84,81022.33,28.32992,0.0,9.259699999999974,-9.259699999999974,-4769.942799999992,0.0,0.00023813921057791454,0.00023811085993695073,62.26292472859315,69.5107203751395,59.95206242946909,80716.73925783281,80905.04849999999,81093.35774216717,-0.004655067777808091,76.18399332573593,80979.21529157038,80909.62761518061,80846.71856133809,80533.98440000002,77.2819851917328,12,1
2026-05-05 12:10:00,81022.32,81134.06,81022.32,81105.01,49.95569,0.0,20.859649999999956,-20.859649999999956,-4790.802449999992,0.0,0.0010204594214950902,0.0010199391067229537,67.19033490623526,75.93211729062023,63.148073401699314,80716.26916869097,80919.28,81122.29083130903,-0.005017613387292407,78.72370808818269,81004.3742332563,80927.38965016419,80856.84763736404,80539.73445000002,81.2311742081448,12,1
2026-05-05 12:15:00,81105.02,81134.06,81078.46,81083.2,47.73318,0.0,33.78035000000007,-33.78035000000007,-4824.582799999992,0.0,-0.00026891063819600713,-0.0002689468011448877,64.78719243313719,78.3579739361885,66.19005350859715,80727.83676756329,80933.87999999999,81139.92323243669,-0.005091643510398843,77.07201465331187,81020.13938660503,80941.55422742199,80865.72420060467,80545.5611,83.82406943254328,12,1
2026-05-05 12:20:00,81083.2,81129.93,81063.6,81099.4,14.68111,0.0,7.798200000000001,-7.798200000000001,-4832.380999999992,0.0,0.00019979477869647155,0.0001997748223777423,65.76660729064805,80.65791320054268,69.08362544698625,80736.34938369371,80947.72899999999,81159.10861630627,-0.005222620051670129,76.3047278923601,81035.99150928402,80955.90384311091,80874.8879574437,80551.06780000002,87.88926238345819,12,1
2026-05-05 12:25:00,81099.41,81245.73,81099.4,81222.9,76.97876,0.0,16.27235999999997,-16.27235999999997,-4848.653359999992,0.0,0.0015228226102781406,0.001521664291720305,72.13060723402567,91.39253327145707,73.54540701188041,80735.22495920272,80968.35549999999,81201.48604079726,-0.005758559362052713,81.30653304290594,81073.37320742721,80980.17622100991,80888.53548852434,80556.89995,89.17786231845757,12,1
2026-05-05 12:30:00,81222.91,81288.88,81212.47,81239.01,73.75978,0.0,18.7833099999999,-18.7833099999999,-4867.436669999992,0.0,0.0001983430781220541,0.00019832341073428513,72.8398989260588,100.0464659963036,78.84561880876505,80760.59011566713,80994.059,81227.52788433286,-0.005765086654883224,80.95678068269862,81106.50056594177,81003.70656455446,80902.27958701359,80563.13805000001,90.65407626588252,12,1
2026-05-05 12:35:00,81239.0,81269.33,81173.2,81269.32,51.99148,0.0,30.585299999999968,-30.585299999999968,-4898.021969999992,0.0,0.0003730966194690488,0.0003730270362322948,74.17178430307759,108.1043737893051,84.69736980487306,80767.61915506203,81016.34449999999,81265.06984493796,-0.0061401275624812755,82.0405820625062,81139.06445275342,81027.85324050406,80916.67332869933,80569.2181,92.74630782966851,12,1
2026-05-05 12:40:00,81269.31,81307.68,81269.31,81307.68,40.54604,0.0,20.126609999999918,-20.126609999999918,-4918.148579999992,0.0,0.00047201084000692006,0.00047189947793173777,75.78989939537868,116.24564771499718,91.00702538689788,80775.25806617002,81039.95599999999,81304.65393382996,-0.006532529060849234,78.92125477232686,81172.78756220273,81053.29203682188,80932.0069236523,80575.75655,94.5284674980605,12,1
2026-05-05 12:45:00,81307.68,81312.39,81192.29,81238.54,54.21752,0.0,22.16576999999991,-22.16576999999991,-4940.3143499999915,0.0,-0.0008503501760227516,-0.0008507119288259282,67.5727352419531,115.78396036088816,95.96241238169594,80798.51861731525,81059.9075,81321.29638268476,-0.006449276609025349,81.86259371716108,81185.93804976219,81070.13276074716,80944.02782860711,80581.83455,92.81321758509095,12,1
2026-05-05 12:50:00,81238.54,81329.61,81222.4,81318.96,94.46191,0.0,37.60218999999995,-37.60218999999995,-4977.916539999991,0.0,0.0009899242403914599,0.0009894345885094707,71.45008382372536,120.51803482293326,100.87353686994341,80800.17962377334,81078.719,81357.25837622666,-0.006870838110470425,83.67312273736431,81212.54243980975,81092.75341886106,80958.73105101468,80587.8135,93.60558117153853,12,1
2026-05-05 12:55:00,81318.96,81318.97,81252.71,81279.41,38.45166,0.0,17.315939999999962,-17.315939999999962,-4995.2324799999915,0.0,-0.000486356441351421,-0.0004864747510074403,67.19481138078174,119.69865686786943,104.63856086952862,80829.84808340833,81100.28699999998,81370.72591659163,-0.006669246844752867,82.42932825612363,81225.9159518478,81109.7221989646,80971.30669607292,80594.43655,89.93284937607041,12,1
2026-05-05 13:00:00,81279.4,81485.71,81270.0,81473.47,173.07678,0.0,22.157759999999953,-22.157759999999953,-5017.3902399999915,0.0,0.0023875665436055016,0.002384720835250733,75.04742488431899,133.17317662536516,110.34548402069592,80837.02260982325,81130.69699999999,81424.37139017672,-0.007239538202826809,91.94937623782953,81275.42676147824,81142.79018087691,80990.99937465829,80601.87665,94.81798315840598,13,1
2026-05-05 13:05:00,81473.48,81666.0,81443.2,81587.72,280.15311,0.0,45.30063000000025,-45.30063000000025,-5062.690869999992,0.0,0.0014022969685714148,0.001401314668387863,78.33539146363215,151.32645362481708,118.54167794152015,80820.04902192175,81162.62149999998,81505.19397807821,-0.008441631671008386,101.29584936369905,81337.88540918259,81183.23834625173,81014.40018349522,80609.67910000001,92.03959100087393,13,1
2026-05-05 13:10:00,81587.72,81660.91,81578.88,81622.0,133.00421,0.0,23.21568999999996,-23.21568999999996,-5085.906559999992,0.0,0.00042016126936750275,0.00042007302633803475,79.2201479628906,166.55917544919066,128.14517744305425,80805.90392585807,81193.72199999998,81581.54007414189,-0.009552907899502517,99.91971726629188,81394.70832734607,81223.12576931975,81038.22762727972,80617.87945000001,93.56543675695646,13,1
2026-05-05 13:15:00,81621.99,81637.57,81478.24,81551.04,94.84027,0.0,28.043499999999867,-28.043499999999867,-5113.950059999992,0.0,-0.0008693734532356778,-0.0008697515775062932,72.60978169642786,170.93490707284946,136.7031233690133,80811.40775216927,81220.237,81629.06624783072,-0.010067176923670556,104.1633088901283,81425.97466187685,81252.93615392705,81058.337916406,80626.0873,88.34227792638796,13,1
2026-05-05 13:20:00,81551.04,81712.32,81536.02,81550.02,148.0013,0.0,33.2132,-33.2132,-5147.163259999992,0.0,-1.2507504502545785e-05,-1.2507582722032447e-05,72.51611274940957,172.33384316462616,143.82926732813587,80821.86207968008,81245.78749999999,81669.7129203199,-0.010435628316604327,109.31592968369078,81450.78372950149,81279.94377629731,81077.61956674303,80634.2517,83.56034593392594,13,1
2026-05-05 13:25:00,81550.01,81550.01,81418.81,81460.27,110.93868,0.0,30.064689999999963,-30.064689999999963,-5177.227949999992,0.0,-0.0011005515387979559,-0.0011011575903441774,64.6171952277224,164.30641311500221,147.92469648550914,80851.05635138825,81268.8685,81686.68064861174,-0.010282218919086962,110.87979184914191,81452.6809836012,81296.3370693612,81092.62546608644,80641.60785,72.756087154797,13,1
2026-05-05 13:30:00,81460.28,81538.44,81370.2,81478.31,137.846,0.0,15.480959999999941,-15.480959999999941,-5192.708909999992,0.0,0.00022145765045955557,0.0002214331323338329,65.43225759190666,157.58376663035597,149.85651051447852,80899.58848794008,81296.284,81692.97951205992,-0.009759253253443071,114.97694957420357,81457.80678688096,81312.88006305564,81107.75034976933,80649.30085,65.98284451514192,13,1
2026-05-05 13:35:00,81478.32,81490.13,81355.62,81355.62,127.1282,0.0,29.094479999999933,-29.094479999999933,-5221.803389999992,0.0,-0.001505799518914941,-0.0015069343743968199,55.98645491346773,140.73367304119165,148.03194301982114,80937.89802143369,81313.3625,81688.82697856631,-0.009235000669571653,116.37216746176112,81437.36942950476,81316.76551186875,81117.47072820974,80656.39545,52.26788471831943,13,1
2026-05-05 13:40:00,81355.62,81428.58,81215.25,81414.1,147.69072,0.0,19.625349999999965,-19.625349999999965,-5241.428739999992,0.0,0.0007188194251364077,0.0007185611981917172,59.02293666806037,130.59330144808337,144.5442147054736,80984.55398321553,81333.9155,81683.27701678447,-0.008590795479026683,123.2977269287783,81432.71554360382,81325.61410169887,81129.1032486721,80663.32465,46.78033932562584,13,1
2026-05-05 13:45:00,81414.11,81640.0,81410.35,81634.11,157.62283,0.0,25.00542999999995,-25.00542999999995,-5266.434169999992,0.0,0.002702357454052784,0.0026987126510451677,67.9745176599621,138.71097838853893,143.37756744208667,81022.57327223144,81364.50450000001,81706.43572776858,-0.008404923740881814,130.8943178624366,81472.99443488305,81353.65918336262,81148.90743499868,80671.02635,54.493678353245876,13,1
2026-05-05 13:50:00,81634.12,81671.5,81375.5,81375.51,134.56841,0.0,51.61077000000006,-51.61077000000006,-5318.0449399999925,0.0,-0.0031677934628062676,-0.003172821541936442,53.249781350460204,122.86116996992496,139.27428794765433,81057.49555931716,81378.0295,81698.56344068285,-0.007877653038596676,142.68758087226254,81453.49754790643,81355.64562123874,81157.79381009677,80677.32394999999,54.95899838368001,13,1
2026-05-05 13:55:00,81375.51,81399.01,81196.0,81330.0,126.54639,0.0,20.17784999999995,-20.17784999999995,-5338.2227899999925,0.0,-0.000559259167776549,-0.0005594156115160363,51.149833014167854,105.41267425769183,132.50196520966182,81098.46303468797,81390.3695,81682.27596531203,-0.0071729976680356385,146.996325095672,81428.79803832514,81353.31420112612,81164.54699401454,80683.46635,48.71532107087191,13,1
2026-05-05 14:00:00,81330.0,81434.46,81195.0,81429.26,93.35536,0.0,19.260659999999927,-19.260659999999927,-5357.483449999992,0.0,0.001220459854911926,0.0012197156991964448,55.291131895188585,98.4590930101258,125.69339076975461,81147.07190645875,81406.86250000002,81666.65309354129,-0.006382523182029546,153.60087330312444,81428.89043066012,81360.2183646601,81174.92789621005,80689.23389999999,35.48962125197357,14,1
2026-05-05 14:05:00,81429.26,81432.9,81236.38,81268.0,66.94407,0.0,9.904289999999982,-9.904289999999982,-5367.387739999993,0.0,-0.0019803692186322053,-0.001982332742516366,48.149472639086916,79.02504396419681,116.35972140864305,81155.03300442989,81409.11750000002,81663.20199557015,-0.006242163123071128,156.66652521004337,81396.71234452809,81351.83487696374,81178.57778263319,80694.5677,28.449156484333784,14,1
2026-05-05 14:10:00,81268.0,81354.42,81090.0,81104.08,146.87631,0.0,24.830489999999912,-24.830489999999912,-5392.218229999993,0.0,-0.0020170300733375335,-0.0020190670180092398,42.18476391219488,49.82212754400098,103.05220263571464,81124.52368074658,81402.37100000001,81680.21831925344,-0.006826516619606308,164.36320198075444,81338.18587562247,81329.31170633067,81175.6563009613,80698.8615,20.55235787731355,14,1
2026-05-05 14:15:00,81104.08,81209.99,80953.61,81042.0,298.51675,0.0,19.352399999999918,-19.352399999999918,-5411.570629999993,0.0,-0.0007654362147995197,-0.0007657293106726576,40.155906230937,21.42232547639287,86.72622720385029,81076.17913257887,81391.00500000002,81705.83086742117,-0.007736134169154288,170.93583041070087,81278.94870049797,81303.1924603006,81170.41487739419,80702.7616,9.341242534447003,14,1
2026-05-05 14:20:00,81041.99,81244.36,80939.87,81240.93,119.57663,0.0,17.297289999999894,-17.297289999999894,-5428.867919999992,0.0,0.002454653142814678,0.0024516454027558097,48.67440745783109,14.796699064725544,72.34032157602533,81068.00101571558,81387.66750000001,81707.33398428444,-0.007855403505314437,180.47541395279404,81271.34496039838,81297.53223663691,81173.1801763199,80707.74594999998,17.62907669638493,14,1
2026-05-05 14:25:00,81240.92,81456.0,81239.29,81409.03,89.10946,0.0,20.880349999999893,-20.880349999999893,-5449.748269999992,0.0,0.00206915405818231,0.002067016307306748,54.56050561247926,22.84674447934958,62.441606156690185,81083.87891701526,81396.19200000001,81708.50508298476,-0.007673899117657751,183.06359867045208,81298.8819683187,81307.66839694264,81182.42918901324,80713.24614999998,37.12044857968137,14,1
2026-05-05 14:30:00,81409.03,81500.0,81358.0,81391.79,84.75175,0.0,16.46060999999994,-16.46060999999994,-5466.208879999992,0.0,-0.00021177011935902268,-0.00021179254581697433,53.87807293652646,27.51812770187098,55.456910465726345,81089.5153747486,81399.83350000002,81710.15162525144,-0.007624539557600412,180.1304844797055,81317.46357465496,81315.3158154024,81190.63941689508,80718.75554999997,53.826745030631656,14,1
2026-05-05 14:35:00,81391.78,81450.0,81156.27,81213.99,105.83621,0.0,30.83113999999994,-30.83113999999994,-5497.040019999992,0.0,-0.0021844955123850873,-0.002186885003229142,47.30633935885161,16.680970651679672,47.70172250291701,81079.92115949352,81396.56250000003,81713.20384050654,-0.007780214072467995,188.2447355882977,81296.76885972398,81306.10437763855,81191.55512603644,80723.52964999998,53.324189951923785,14,1
2026-05-05 14:40:00,81213.99,81263.1,81127.8,81244.87,65.17835,0.0,11.955449999999994,-11.955449999999994,-5508.995469999993,0.0,0.0003802300564224037,0.0003801577872931833,48.48166955352248,10.463585832854733,40.254095168904556,81063.9497963492,81385.13250000002,81706.31520365084,-0.007892908539549735,184.46296876056235,81286.38908777919,81300.53761603504,81193.64590540757,80728.06604999998,46.97456364555851,14,1
2026-05-05 14:45:00,81244.88,81260.35,81128.0,81208.0,65.20358,0.0,20.540359999999882,-20.540359999999882,-5529.5358299999925,0.0,-0.0004538132684561713,-0.0004539162728618409,47.129972887634274,2.531975666162907,32.709671268356225,81050.26154970535,81366.14650000002,81682.03145029469,-0.007764530185650825,180.74061384909402,81270.71127022334,81292.1251054864,81194.20881107786,80732.53869999998,38.6010232859053,14,1
2026-05-05 14:50:00,81208.0,81360.0,81174.0,81360.0,82.22106,0.0,19.73020999999996,-19.73020999999996,-5549.266039999992,0.0,0.001871736774702093,0.0018699872581746473,52.9534764608882,8.414252878399566,27.850587590364892,81059.76810833877,81353.04650000003,81646.32489166128,-0.007210016201698195,181.11628428844443,81288.56901617868,81298.29555044218,81200.71042632971,80737.54049999997,45.25329287572501,14,1
2026-05-05 14:55:00,81359.99,81392.0,81306.68,81336.59,65.3442,0.0,24.514469999999857,-24.514469999999857,-5573.780509999992,0.0,-0.0002877335299902306,-0.00028777493322462727,52.003420402880664,11.059521316725295,24.492374335636974,81063.45807332043,81342.32400000002,81621.18992667961,-0.006856600917367138,174.27369255355603,81298.17321294294,81301.77686403834,81206.03903706187,80742.74504999997,49.43208999084242,14,1
2026-05-05 15:00:00,81336.59,81410.0,81235.0,81409.99,67.58822,0.0,17.901419999999995,-17.901419999999995,-5591.6819299999925,0.0,0.0009024228824936475,0.0009020159437663675,54.7449987716916,18.861261303260108,23.3661517291616,81071.01523018302,81335.32250000002,81599.62976981702,-0.006499200143135839,174.32557165687348,81320.53657035435,81311.61442185304,81214.03711403983,80748.38654999998,65.1928267550206,15,1
2026-05-05 15:05:00,81410.0,81484.0,81354.99,81394.37,75.25293,0.0,21.468339999999934,-21.468339999999934,-5613.150269999993,0.0,-0.00019186834441342615,-0.00019188675349900497,54.03761321673476,23.51275261689443,23.395471906708167,81072.43194787108,81332.02750000001,81591.62305212894,-0.006383599674284003,171.08874510995358,81335.30325628349,81319.13765623003,81221.10899192063,80754.01474999997,73.09884119719777,15,1
2026-05-05 15:10:00,81394.37,81664.97,81375.36,81564.86,128.0649,0.0,24.725939999999913,-24.725939999999913,-5637.876209999993,0.0,0.00209461661783239,0.0020924259669603215,60.09810446787813,40.489473701731185,26.81427226571277,81064.55098547172,81336.35500000001,81608.1590145283,-0.0066834569739026685,179.55454903067124,81381.21460502679,81341.47605111821,81234.58942361001,80761.08299999996,83.75534079119878,15,1
2026-05-05 15:15:00,81564.85,81609.57,81526.75,81551.1,77.16603,0.0,23.10574999999995,-23.10574999999995,-5660.981959999993,0.0,-0.00016870009952807408,-0.00016871433099045305,59.41714503173519,52.23124123313755,31.897666059197725,81058.6500391039,81346.12900000003,81633.60796089616,-0.007068042804990242,172.6449383856238,81415.19168402144,81360.53277374383,81247.00160307629,80768.14324999995,83.87715514048546,15,1
2026-05-05 15:20:00,81551.1,81670.0,81518.86,81622.17,110.68728,0.0,20.933789999999895,-20.933789999999895,-5681.915749999993,0.0,0.0008714781284371309,0.0008710986118505563,61.82323653839812,66.50480563828023,38.819093975014226,81045.84465491399,81356.53250000002,81667.22034508604,-0.007637686502581067,171.10887135807917,81456.58734721715,81384.31797613075,81261.71408923017,80775.66969999995,87.97956648169729,15,1
2026-05-05 15:25:00,81622.18,81660.0,81531.94,81609.99,68.45167,0.0,16.053709999999842,-16.053709999999842,-5697.969459999993,0.0,-0.0001492241629938995,-0.0001492352980270679,61.154060321151135,75.95828423903731,46.24693202781884,81048.79851350976,81355.32650000001,81661.85448649027,-0.007535535770734199,168.03395197535906,81487.26787777372,81404.83361466433,81275.37196808388,80782.74494999995,89.84199556912984,15,1
2026-05-05 15:30:00,81610.0,81650.0,81547.88,81604.57,39.71126,0.0,13.233939999999876,-13.233939999999876,-5711.203399999993,0.0,-6.641343786462084e-05,-6.641564333463445e-05,60.83848442184934,82.06686964715482,53.410919551686035,81041.54464426091,81366.77950000002,81692.01435573913,-0.007994290980611041,163.32581254854736,81510.72830221898,81422.99146787667,81288.2816948257,80790.37029999995,91.05417492094625,15,1
2026-05-05 15:35:00,81604.57,81670.0,81586.6,81599.27,62.56547,0.0,19.56829999999989,-19.56829999999989,-5730.771699999993,0.0,-6.494734302264771e-05,-6.494945219265438e-05,60.50965966480325,85.49477138118527,59.827689917585886,81040.25407627736,81380.24300000002,81720.23192372268,-0.008355564230071413,157.61682593793643,81528.43664177519,81439.01678897878,81300.47731463645,80798.03049999995,88.88947037216462,15,1
2026-05-05 15:40:00,81599.28,81626.33,81569.14,81625.0,47.89309,0.0,14.176439999999948,-14.176439999999948,-5744.948139999993,0.0,0.00031532144834134357,0.000315271744981534,61.59489439778499,89.25868560149684,65.71388905436808,81034.066530901,81390.03000000001,81745.99346909903,-0.008747102540667955,150.44348122808398,81547.74931342015,81455.92435361708,81313.20369445463,80806.35249999995,88.86265830566877,15,1
2026-05-05 15:45:00,81625.0,81689.2,81596.13,81648.36,48.27268,0.0,19.293549999999957,-19.293549999999957,-5764.2416899999935,0.0,0.0002861868300152448,0.00028614588637590835,62.59979820003794,93.0539040293661,71.18189204936769,81040.7656794496,81409.04800000002,81777.33032055045,-0.009047699969429062,146.34537542607742,81567.87145073611,81473.41850328825,81326.34707898581,80815.00794999996,90.46026907227402,15,1
2026-05-05 15:50:00,81648.37,81648.37,81527.86,81559.87,38.72351,0.0,12.547819999999938,-12.547819999999938,-5776.789509999993,0.0,-0.0010837939672028174,-0.0010843816965745634,56.562154132774445,87.90789107080491,74.52709185365514,81086.1457567916,81431.83750000002,81777.52924320845,-0.008490333850281348,144.4999914670715,81566.27116058889,81481.27773026205,81335.5048405942,80823.15689999994,87.126849634784,15,1
2026-05-05 15:55:00,81559.87,81579.48,81519.99,81525.19,134.66345,0.0,93.94928,-93.94928,-5870.738789999993,0.0,-0.0004252091132562752,-0.00042529954028577984,54.34976350837184,80.10781948137446,75.64323737919901,81158.48004563479,81455.99700000002,81753.51395436525,-0.007304973613305107,138.42784921942288,81558.05492847112,81485.26975478369,81342.9434742964,80831.06784999995,79.2819434153562,15,1
2026-05-05 16:00:00,81525.19,81584.93,81496.71,81573.26,48.61577,0.0,12.689089999999986,-12.689089999999986,-5883.427879999993,0.0,0.0005896337070787627,0.0005894599414265363,56.86810228005006,76.91838653261948,75.8982672098831,81188.16444448657,81472.61350000002,81757.06255551348,-0.006982691319051752,134.84157427517744,81561.0959427769,81493.26886798517,81351.97549491221,80839.52239999994,73.19810026694158,16,1
2026-05-05 16:05:00,81572.61,81615.33,81484.0,81484.01,35.76441,0.0,18.426009999999913,-18.426009999999913,-5901.853889999993,0.0,-0.0010941085350762991,-0.001094707508754229,51.21851305139887,66.42332212510519,74.00327819292752,81193.39174368617,81476.36250000002,81759.33325631387,-0.0069460822165164976,134.5907475412363,81545.67875422152,81492.42715271379,81357.15331864114,80847.06329999995,65.82114236529877,16,1
2026-05-05 16:10:00,81484.01,81520.0,81429.85,81449.23,51.06325,0.0,17.361119999999957,-17.361119999999957,-5919.215009999993,0.0,-0.00042683220916595044,-0.0004269233279625551,49.168570208624715,54.66925944542163,70.13647444342635,81198.59917016666,81479.23450000002,81759.86982983338,-0.00688851169394224,131.41640843114757,81526.38900337722,81488.50013883071,81360.76416889051,80855.02634999996,52.498501969321815,16,1
2026-05-05 16:15:00,81449.24,81500.0,81416.34,81485.73,30.41599,0.0,19.248369999999902,-19.248369999999902,-5938.463379999993,0.0,0.00044813192218029485,0.00044803154105866,51.36836237132915,47.74890538645559,65.6589606320322,81239.92770524946,81492.82150000002,81745.71529475058,-0.006206529362848527,128.00523640035155,81518.25720270177,81488.24830802792,81365.66478971834,80863.43844999996,39.3964357151381,16,1
2026-05-05 16:20:00,81485.73,81552.31,81416.34,81468.02,21.65887,0.0,7.598810000000014,-7.598810000000014,-5946.062189999993,0.0,-0.00021733866776418864,-0.00021736228923507607,50.232451954320936,40.37006496549293,60.60118149872435,81277.51852704737,81503.97900000002,81730.43947295267,-0.005557040913368099,128.5741480860408,81508.20976216142,81486.40937093447,81369.67871953332,80871.91454999994,27.43518560581946,16,1
2026-05-05 16:25:00,81467.83,81467.83,81334.98,81419.99,26.39998,0.0,5.743430000000025,-5.743430000000025,-5951.805619999994,0.0,-0.0005895564910010087,-0.0005897303477646633,47.18503847588567,30.297411473671673,54.540427493713814,81328.2318742254,81514.57850000003,81700.92512577467,-0.004572105486005379,128.89313750846705,81490.56580972915,81480.37124630407,81371.65171092417,80880.01829999994,26.035642222208605,16,1
2026-05-05 16:30:00,81420.0,81420.0,81250.0,81257.87,53.49462,0.0,9.717710000000011,-9.717710000000011,-5961.523329999994,0.0,-0.0019911572084448936,-0.0019931421973469203,38.65965902880889,9.127812168415403,45.45790442865413,81302.05525083946,81509.47200000002,81716.88874916059,-0.005089390081205829,131.82934197214797,81444.02664778332,81460.14386027642,81367.1896830448,80887.05264999994,14.910406564826479,16,1
2026-05-05 16:35:00,81257.88,81293.77,81073.6,81134.0,202.62158,0.0,18.01957999999986,-18.01957999999986,-5979.542909999994,0.0,-0.0015244061898249672,-0.0015255692791046984,33.65601583030984,-17.443444406002527,32.8776346617228,81244.72614519089,81499.34250000001,81753.95885480914,-0.006248304513846306,138.1393889741373,81382.02131822666,81430.49441843311,81358.04498959206,80893.41759999994,11.867556612029025,16,1
2026-05-05 16:40:00,81133.99,81150.0,81052.5,81075.79,93.88724,0.0,33.23263999999998,-33.23263999999998,-6012.775549999994,0.0,-0.0007174550743215269,-0.0007177125683810077,31.587049066790346,-42.706127540863235,17.760882221205595,81169.59071057524,81482.63250000002,81795.6742894248,-0.007683644472944101,135.2365754759846,81320.77505458133,81398.24856221191,81346.9761664708,80898.81654999993,5.087127991400442,16,1
2026-05-05 16:45:00,81075.8,81196.65,81050.04,81180.0,62.42713,0.0,39.72063000000005,-39.72063000000005,-6052.496179999994,0.0,0.0012853405437061038,0.0012845152007049702,38.83611953678835,-53.699100053476286,3.468885766269219,81133.8387876733,81471.91400000002,81809.98921232673,-0.008299184239779014,136.04896294198574,81292.62004366507,81378.40778382901,81340.42808151117,80905.05519999994,11.267475533539823,16,1
2026-05-05 16:50:00,81180.01,81293.77,81180.0,81261.96,28.90683,0.0,12.31144999999999,-12.31144999999999,-6064.807629999994,0.0,0.0010096082779009752,0.00100909896623826,43.87333441248054,-55.16175259122974,-8.257241905230574,81109.6872952913,81456.769,81803.8507047087,-0.008521862798380915,134.4576084461299,81286.48803493206,81367.82162166273,81337.35090184407,80911.59819999995,19.048959307125216,16,1
2026-05-05 16:55:00,81261.97,81285.76,81232.17,81285.75,52.197,0.0,31.932249999999957,-31.932249999999957,-6096.739879999994,0.0,0.0002927569061832447,0.0002927140612420833,45.281983973716464,-53.78130369527207,-17.362054263238875,81091.6045894134,81443.5015,81795.3984105866,-0.008641497580665736,128.68135069997751,81286.34042794564,81360.36056514794,81335.32733706587,80918.21134999995,30.961200896870867,16,1
2026-05-05 17:00:00,81285.75,81372.01,81235.28,81344.51,35.31912,0.0,14.180289999999927,-14.180289999999927,-6110.920169999994,0.0,0.0007228819319498037,0.000722620778653788,48.706269988986364,-47.399455657752696,-23.36953454214164,81085.18293018271,81429.61850000001,81774.05406981731,-0.008459712231546367,129.2562542214074,81297.97434235651,81358.91960467995,81335.68744149467,80925.55654999995,41.547504124533354,17,1
2026-05-05 17:05:00,81344.51,81351.88,81185.02,81231.27,29.24492,0.0,7.812730000000003,-7.812730000000003,-6118.732899999994,0.0,-0.0013921037818039883,-0.0013930736584908123,43.10746967586751,-50.892657843083725,-28.874159202330056,81066.3523920237,81410.68250000001,81755.01260797631,-0.008459089087634269,131.94223606273547,81284.6334738852,81347.31509516359,81331.59263986742,80932.40784999995,41.182048633211444,17,1
2026-05-05 17:10:00,81231.27,81332.0,81220.59,81331.99,15.9828,0.0,11.041869999999992,-11.041869999999992,-6129.774769999994,0.0,0.0012399165986203275,0.0012391485368573555,48.75035831324864,-45.01487997866934,-32.10230335759791,81063.07707257722,81397.05350000001,81731.0299274228,-0.008206106070480616,130.47564777254033,81294.10477910817,81345.92190469417,81331.60822261772,80938.59799999994,44.676183905606614,17,1
2026-05-05 17:15:00,81331.99,81395.81,81310.82,81395.81,42.9808,0.0,14.990179999999928,-14.990179999999928,-6144.764949999993,0.0,0.0007846850913151293,0.0007843773869257065,51.99914340530232,-34.805739144969266,-32.642990515072185,81066.02492337386,81386.8805,81707.73607662614,-0.007884700203643794,127.22667293164393,81314.44582328653,81350.45718608561,81334.12593937782,80945.29154999995,50.25938827555934,17,1
2026-05-05 17:20:00,81395.81,81458.26,81360.0,81360.0,26.18981,0.0,16.39023999999992,-16.39023999999992,-6161.155189999993,0.0,-0.0004399489359464548,-0.000440045741873726,50.08076911821762,-29.26711610837083,-31.967815633731913,81071.88493822273,81373.6305,81675.37606177726,-0.007416298373888205,125.15762486509756,81323.55665862923,81351.32471462328,81335.14060842182,80951.71014999996,60.1434474424975,17,1
2026-05-05 17:25:00,81360.01,81438.63,81360.0,81418.14,15.39777,0.0,10.697759999999985,-10.697759999999985,-6171.852949999993,0.0,0.0007146017699115603,0.0007143465636401114,53.10568133154262,-19.956261978746625,-29.565504902734855,81086.76276583344,81362.1195,81637.47623416656,-0.006768671609312294,121.83422308901949,81342.47332690337,81357.3988314757,81338.39548652292,80958.57359999996,67.946854613389,17,1
2026-05-05 17:30:00,81418.14,81418.14,81300.0,81330.75,27.35176,0.0,14.57151999999995,-14.57151999999995,-6186.424469999993,0.0,-0.0010733480278473095,-0.0010739244783666865,48.361949951837495,-19.405293507050374,-27.53346262359796,81090.52482857958,81350.6635,81610.80217142041,-0.00639548985166944,121.57035001123234,81340.1286615227,81354.97621043246,81338.09566352202,80964.41809999995,67.39612060953694,17,1
2026-05-05 17:35:00,81330.76,81371.01,81293.47,81293.47,18.63019,0.0,6.327210000000016,-6.327210000000016,-6192.751679999993,0.0,-0.00045837521478653276,-0.00045848030081908014,46.45554351082018,-21.726383239991264,-26.37204674687662,81090.68767286211,81339.0775,81587.46732713789,-0.0061075152257015885,118.42532501042956,81330.79692921817,81349.38473675678,81336.34563750155,80970.03214999996,66.7028648908642,17,1
2026-05-05 17:40:00,81293.47,81310.0,81248.04,81304.22,14.9675,0.0,11.01582999999997,-11.01582999999997,-6203.767509999993,0.0,0.00013223694350839033,0.00013222820097449157,47.10307274768182,-22.43975686847989,-25.585588771197273,81101.46394796003,81325.6255,81549.78705203996,-0.005512691741669165,114.39208750968506,81325.48154337454,81345.27885159708,81335.08580857993,80975.92119999997,63.028921335903725,17,1
2026-05-05 17:45:00,81304.22,81356.67,81261.2,81300.01,20.44245,0.0,16.42291999999996,-16.42291999999996,-6220.190429999993,0.0,-5.178083007262302e-05,-5.178217074608551e-05,46.864047937932426,-23.07878456180333,-25.084227929318484,81104.23704082434,81316.4255,81528.61395917565,-0.0052188339039977456,113.04050983042193,81320.38723469964,81341.16350145188,81333.71028667483,80981.37309999995,61.04388156712991,17,1
2026-05-05 17:50:00,81300.01,81327.04,81286.0,81290.01,17.12973,0.0,14.778559999999898,-14.778559999999898,-6234.968989999993,0.0,-0.00012300121488295623,-0.00012300878015275219,46.263517561404065,-24.114161990350112,-24.890214741524808,81105.03741034197,81308.4645,81511.89158965803,-0.0050038354778678025,107.8976162711056,81314.31178775971,81336.51318313807,81331.99654994249,80986.82504999996,60.76135417177067,17,1
2026-05-05 17:55:00,81290.01,81295.0,81259.35,81270.6,17.16984,0.0,14.667849999999914,-14.667849999999914,-6249.636839999993,0.0,-0.00023877472766931085,-0.00023880323889319442,45.05663732194699,-26.198925935910665,-25.15195698040198,81110.8339670219,81297.70800000001,81484.58203297813,-0.004597276788617803,102.7370722517405,81305.56943020778,81330.52107558007,81329.5888421016,80992.11644999996,50.859364720182406,17,1
2026-05-05 18:00:00,81270.61,81348.27,81270.61,81332.74,19.75002,0.0,12.161399999999967,-12.161399999999967,-6261.798239999993,0.0,0.0007646061429347206,0.0007643139805744188,49.590499527961015,-22.576687705950462,-24.636903125511676,81120.11335239593,81290.944,81461.77464760408,-0.004202944121403592,100.94656709090177,81311.00354416622,81330.72279598188,81329.71241692115,80997.44484999996,48.46877282126983,18,1
2026-05-05 18:05:00,81332.74,81438.15,81321.48,81388.52,30.80549,0.0,17.24798999999997,-17.24798999999997,-6279.046229999993,0.0,0.0006858246752783348,0.0006855896050075789,53.31463748671214,-15.031780970733962,-22.71587869455613,81122.79664946231,81289.3705,81455.9443505377,-0.004098293528738642,102.06966944155151,81326.50683533297,81335.97708725627,81332.01859664972,81003.02244999996,53.699496689998035,18,1
2026-05-05 18:10:00,81388.52,81599.0,81387.53,81562.07,117.73368,0.0,27.10456999999996,-27.10456999999996,-6306.150799999992,0.0,0.0021323646135844587,0.002130094350940802,62.57804261946616,4.895217536599375,-17.19365944832503,81100.87478471384,81304.58050000001,81508.28621528618,-0.0050109283888665306,109.88397876715506,81373.61946826638,81356.53098841479,81341.04022031052,81009.74954999995,73.20609750461989,18,1
2026-05-05 18:15:00,81562.07,81575.26,81454.5,81471.53,27.36547,0.0,13.451869999999985,-13.451869999999985,-6319.602669999992,0.0,-0.001110074817865847,-0.0011106914072656236,56.3016305235429,13.229188247045386,-11.109089909250946,81121.17809661505,81321.45700000001,81521.73590338496,-0.004925610306882595,110.66083742664361,81393.20157461311,81366.98544401344,81346.15746657285,81015.84659999996,77.29008163888228,18,1
2026-05-05 18:20:00,81471.53,81500.0,81425.28,81435.24,51.31659,0.0,28.31816000000002,-28.31816000000002,-6347.920829999992,0.0,-0.00044543167410737716,-0.00044553090826464483,53.965295100676805,16.712963723926805,-5.544679182615395,81168.14477982851,81339.4295,81510.71422017149,-0.004211603676701232,108.093634753312,81401.6092596905,81373.19040364858,81349.65089925627,81021.79274999996,70.24433541727716,18,1
2026-05-05 18:25:00,81435.24,81476.1,81422.03,81459.38,19.47203,0.0,13.669419999999965,-13.669419999999965,-6361.590249999992,0.0,0.000296431864141411,0.000296387936897114,55.294256968017386,21.17765432577289,-0.20021248093773725,81191.06552456062,81353.39850000001,81515.7314754394,-0.003990809933758148,104.2348036995045,81413.16340775239,81381.02582149871,81353.95400124622,81027.38509999996,59.95713856169493,18,1
2026-05-05 18:30:00,81459.38,81484.64,81426.08,81484.64,17.77571,0.0,12.314459999999947,-12.314459999999947,-6373.904709999992,0.0,0.00031009320228059245,0.0003100451333205239,56.7027924997087,26.44933323803707,5.129696662857224,81198.31337504559,81364.5325,81530.75162495441,-0.004085788238368164,100.97231772096829,81427.45872620192,81390.44529227156,81359.07894237382,81033.12909999996,60.32406352101055,18,1
2026-05-05 18:35:00,81484.63,81520.0,81453.13,81453.13,21.5988,0.0,18.78425999999997,-18.78425999999997,-6392.688969999992,0.0,-0.0003866986465178579,-0.000386773433720162,54.40026286720464,27.764530867425492,9.65666350377088,81206.53682888145,81372.9015,81539.26617111856,-0.0040889452889561135,98.53643788375594,81432.59298096153,81396.14390206506,81362.76721914347,81038.63474999997,62.02321252184627,18,1
2026-05-05 18:40:00,81453.14,81537.44,81438.53,81517.24,33.70999,0.0,19.46826999999991,-19.46826999999991,-6412.157239999992,0.0,0.0007870784093870764,0.000786768825609636,58.12596120992164,33.592739484563936,14.443878699929492,81204.38170650345,81381.53800000002,81558.69429349658,-0.004353721933752647,98.56312089205935,81449.52238476923,81407.15263824096,81368.82497525548,81043.73379999997,67.5186156067182,18,1
2026-05-05 18:45:00,81517.24,81555.01,81497.6,81532.22,31.11097,0.0,18.046449999999925,-18.046449999999925,-6430.203689999992,0.0,0.00018376480852388966,0.00018374792583972756,58.969533916141344,38.97116231013206,19.349335421970004,81221.93281047503,81396.58550000002,81571.238189525,-0.004291400884991286,95.62361225691146,81466.06190781538,81418.52239840088,81375.23262328468,81049.18084999998,72.03764911481036,18,1
2026-05-05 18:50:00,81532.22,81560.0,81414.69,81492.61,36.93689,0.0,20.046929999999943,-20.046929999999943,-6450.250619999992,0.0,-0.0004858202070298079,-0.0004859382559018204,55.77021384321619,39.581138457680936,23.39569602911219,81227.82509944473,81404.61650000002,81581.4079005553,-0.004343522717910928,99.1726399528462,81471.3715262523,81425.25763490988,81379.83565766568,81054.36209999997,75.45088909142635,18,1
2026-05-05 18:55:00,81492.61,81527.41,81471.32,81515.0,19.98659,0.0,18.69378999999995,-18.69378999999995,-6468.944409999992,0.0,0.00027474883918920945,0.00027471110263878226,57.18427197363239,41.39406975894235,26.99537077507822,81227.45164531773,81410.57600000002,81593.7003546823,-0.004498785383419487,96.09530852764264,81480.09722100184,81433.41603173625,81385.13622011016,81059.94064999997,74.97247610258798,18,1
2026-05-05 19:00:00,81515.0,81515.0,81480.0,81480.0,15.45247,0.0,14.851119999999977,-14.851119999999977,-6483.795529999992,0.0,-0.0004293688278230734,-0.00042946103301252713,54.26374755747816,39.550707447880995,29.506438109638776,81232.61165216278,81416.57600000002,81600.54034783725,-0.0045190882956618285,91.7313579185253,81480.07777680147,81437.65093794205,81388.85636834113,81064.91569999997,69.63639040188373,19,1
2026-05-05 19:05:00,81480.0,81488.54,81455.0,81474.97,12.2472,0.0,10.101990000000027,-10.101990000000027,-6493.897519999992,0.0,-6.173294059885759e-05,-6.173484615525921e-05,53.838189015818116,37.25450384293799,31.05605125629862,81233.69709881279,81419.41750000001,81605.13790118723,-0.00456206656568683,87.57483235291589,81479.05622144118,81441.04357994732,81392.23337350423,81069.99779999997,67.48782546145615,19,1
2026-05-05 19:10:00,81474.96,81477.13,81407.58,81467.29,16.11469,0.0,8.59652999999998,-8.59652999999998,-6502.494049999992,0.0,-9.426207828011623e-05,-9.426652122902033e-05,53.15277436305491,34.41828160153818,31.72849732534653,81244.05886434567,81426.24450000002,81608.43013565436,-0.00447486278590051,86.28734432770783,81476.70297715293,81443.42961813393,81395.17677062172,81075.01139999997,59.911724974164976,19,1
2026-05-05 19:15:00,81467.29,81556.73,81432.04,81552.49,31.26017,0.0,18.145339999999955,-18.145339999999955,-6520.639389999992,0.0,0.0010458185119452956,0.0010452720247497611,59.33749552007017,38.60052022607124,33.10290190549147,81259.8007845801,81439.19550000002,81618.59021541993,-0.004405611188040584,89.03039116144315,81491.86038172235,81453.34419830357,81401.34591687185,81079.16199999997,64.25919268592999,19,1
2026-05-05 19:20:00,81552.49,81568.07,81522.05,81558.11,10.56178,0.0,9.227590000000008,-9.227590000000008,-6529.8669799999925,0.0,6.891267207165264e-05,6.891029770254873e-05,59.715291969479466,41.88563002903538,34.859447530200256,81276.61217158224,81451.89000000003,81627.16782841782,-0.00430383698690825,85.9582203641975,81505.11030537788,81462.86836209416,81407.49352797492,81082.90729999996,73.43962638747675,19,1
2026-05-05 19:25:00,81558.11,81580.0,81536.11,81538.09,25.39764,0.0,23.577479999999955,-23.577479999999955,-6553.444459999992,0.0,-0.000245469150768729,-0.0002454992832518828,57.66010372034663,42.38506785154459,36.364571594469126,81299.3918181752,81463.79400000002,81628.19618182485,-0.004036202434294412,82.9533474810405,81511.7062443023,81469.70669281288,81412.61495825041,81087.80649999996,81.1571989200042,19,1
2026-05-05 19:30:00,81538.09,81650.0,81517.85,81590.5,75.67916,0.0,12.866239999999971,-12.866239999999971,-6566.310699999993,0.0,0.0006427670797783946,0.0006425605934959566,61.40493766440667,46.474199275427964,38.38649713066089,81326.18874750484,81478.81850000002,81631.4482524952,-0.0037464890950813317,86.46739408953718,81527.46499544184,81480.68790255715,81419.59084224059,81093.04744999997,80.30702688022023,19,1
2026-05-05 19:35:00,81590.5,81612.09,81522.08,81555.0,25.65067,0.0,15.398969999999995,-15.398969999999995,-6581.709669999993,0.0,-0.0004350996745944302,-0.0004351943579232994,57.68331882679306,46.31640538501961,39.97247878153264,81370.65899523329,81493.03850000002,81615.41800476676,-0.003003434575991106,86.72043736885557,81532.97199635347,81487.44354777923,81424.90100528998,81098.04904999997,70.65356991096739,19,1
2026-05-05 19:40:00,81554.99,81666.66,81545.29,81654.17,45.36485,0.0,8.722739999999998,-8.722739999999998,-6590.432409999993,0.0,0.0012159892097356462,0.0012152504936431044,64.20916802752254,53.575952560509904,42.69317353732809,81390.8005710465,81509.11000000002,81627.41942895354,-0.0029029743780424537,89.19540612822372,81557.21159708277,81502.60049798111,81433.891946259,81103.88349999997,77.14890998125185,19,1
2026-05-05 19:45:00,81654.16,81680.0,81617.96,81652.76,41.0959,0.0,18.340159999999905,-18.340159999999905,-6608.772569999993,0.0,-1.726794847101143e-05,-1.726809756374998e-05,64.05790887088303,58.54060117309564,45.862659064481605,81401.83312880892,81522.32200000001,81642.8108711911,-0.002955972505078789,87.25573426192157,81576.32127766621,81516.25136180101,81442.47500719002,81109.52884999997,81.99721454246095,19,1
2026-05-05 19:50:00,81652.76,81652.76,81526.0,81610.34,34.37214,0.0,11.697249999999968,-11.697249999999968,-6620.469819999993,0.0,-0.0005195170377584324,-0.0005196520334917734,59.51545403529804,58.37922215249273,48.36597168208383,81399.32528864825,81524.73550000002,81650.1457113518,-0.0030766174359872127,90.0774675289268,81583.12502213297,81524.80487436456,81449.05794808453,81114.18979999996,86.53633988053848,19,1
2026-05-05 19:55:00,81610.35,81643.3,81564.0,81606.35,31.4405,0.0,13.48471000000005,-13.48471000000005,-6633.954529999993,0.0,-4.889086358406125e-05,-4.889205878128856e-05,59.091004416769074,57.26920471865742,50.146618289398546,81403.7581494546,81531.47650000002,81659.19485054543,-0.003132982647393019,89.30764841971795,81587.77001770638,81532.21806760415,81455.22626384592,81118.44209999996,79.13148814330755,19,1
2026-05-05 20:00:00,81606.35,81770.0,81589.84,81702.05,194.91838,0.0,34.49970999999997,-34.49970999999997,-6668.454239999993,0.0,0.0011727028595200917,0.001172015780628854,65.45469621548511,63.38108046459092,52.79351072443702,81404.93536326603,81544.81700000002,81684.69863673401,-0.0034307916034440186,95.79710210402405,81610.6260141651,81547.65733418558,81464.90562604804,81122.89249999996,76.21492166018218,20,1
2026-05-05 20:05:00,81702.06,81715.07,81510.13,81657.5,86.2825,0.0,15.62266999999993,-15.62266999999993,-6684.0769099999925,0.0,-0.0005452739557942898,-0.0005454226717007879,60.719490065397366,63.89344943402102,55.01349846635382,81412.40661846363,81554.72300000003,81697.03938153642,-0.0034900831319455284,103.5930233823082,81620.00081133208,81557.64303107781,81472.45834659517,81127.19889999996,74.39141383327055,20,1
2026-05-05 20:10:00,81657.5,81770.0,81657.49,81700.01,51.61094,0.0,20.899699999999896,-20.899699999999896,-6704.976609999992,0.0,0.0005205890457091744,0.0005204535862423557,63.43756409782342,66.95785874700232,57.40237052248352,81413.73693770326,81565.49150000003,81717.2460622968,-0.003721048190993212,104.22995028357153,81636.00264906566,81570.58548279801,81481.38194084635,81131.59389999996,76.96595110645067,20,1
2026-05-05 20:15:00,81700.0,81700.0,81576.35,81625.66,41.89994,0.0,20.035319999999917,-20.035319999999917,-6725.011929999992,0.0,-0.0009100366083185651,-0.0009104509430250449,56.122833957169135,62.66464258200722,58.45482493438826,81429.44315936389,81574.11800000003,81718.79284063618,-0.003547077043141156,105.61781097760135,81633.93411925253,81575.5922570891,81487.03990395041,81135.36909999997,69.94003274285781,20,1
2026-05-05 20:20:00,81625.66,81647.19,81567.6,81594.79,31.05021,0.0,15.080369999999906,-15.080369999999906,-6740.092299999992,0.0,-0.00037818989763771516,-0.0003782614294726995,53.37114904187607,56.12432059994899,57.98872406750041,81435.48544975149,81577.99550000003,81720.50555024858,-0.0034938355465854464,103.75868162205815,81626.10529540203,81577.33750644463,81491.26539791314,81138.79034999997,63.00600602220661,20,1
2026-05-05 20:25:00,81594.8,81647.02,81545.01,81554.07,40.86659,0.0,17.337549999999993,-17.337549999999993,-6757.429849999992,0.0,-0.0004990514713009153,-0.0004991760389319161,49.89594591999004,47.1122242253914,55.8134240990786,81437.66753885672,81579.08800000003,81720.50846114334,-0.0034670762963986243,103.6337757919118,81611.69823632162,81575.22227858602,81493.72832348518,81142.03604999997,41.74610680857923,20,1
2026-05-05 20:30:00,81554.07,81689.2,81545.01,81671.35,50.17468,0.0,14.13174999999994,-14.13174999999994,-6771.561599999992,0.0,0.001438064341853229,0.0014370313175792288,58.314855148927236,48.87024302908685,54.42478788508025,81447.00360666342,81588.02500000004,81729.04639333666,-0.0034569140100307013,106.53064894963255,81623.6285890573,81583.96116235093,81500.69387942694,81145.92959999996,42.36791748964418,20,1
2026-05-05 20:35:00,81671.35,81714.0,81629.47,81629.47,35.44771,0.0,21.31977999999995,-21.31977999999995,-6792.881379999992,0.0,-0.0005127869197705248,-0.0005129184399462077,54.775403804916756,46.349827641344746,52.80979583633315,81455.78833526623,81593.74850000003,81731.70866473383,-0.0033816356588592944,104.95917402465872,81624.79687124584,81588.09832940993,81505.74392337097,81149.61154999997,41.62337579046001,20,1
2026-05-05 20:40:00,81629.48,81738.22,81587.91,81658.01,81.51585,0.0,19.163849999999965,-19.163849999999965,-6812.0452299999915,0.0,0.00034962863289433876,0.0003495675270463568,56.703979567186266,46.123635213429225,51.472563711752365,81472.44033947148,81602.64900000003,81732.85766052859,-0.0031912851390047026,108.19851873718292,81631.43949699667,81594.4539358272,81511.71514206231,81153.34159999997,54.95568296968932,20,1
2026-05-05 20:45:00,81658.01,81658.01,81569.51,81598.86,55.70235,0.0,30.947629999999947,-30.947629999999947,-6842.992859999991,0.0,-0.0007243624967102624,-0.0007246249739836988,51.77592677557743,40.70227493272978,49.31850595594785,81492.46784171055,81608.84350000005,81725.21915828955,-0.0028520354730795865,106.791481684527,81624.92359759733,81594.85448711563,81515.13258747163,81157.07279999997,45.65744410666722,20,1
2026-05-05 20:50:00,81598.85,81631.69,81598.85,81626.68,25.35942,0.0,22.284769999999913,-22.284769999999913,-6865.277629999991,0.0,0.00034093613562724556,0.0003408780301094293,53.809238632002845,38.21018610957253,47.096841986672786,81520.14143436897,81616.81300000004,81713.48456563111,-0.002368913023620998,101.50923299277483,81625.27487807786,81597.74771555967,81519.50699580608,81161.16499999996,45.29957286335221,20,1
2026-05-05 20:55:00,81626.69,81668.0,81613.04,81646.38,29.84404,0.0,23.439779999999914,-23.439779999999914,-6888.717409999991,0.0,0.00024134265904240948,0.00024131354058779528,55.248184785660534,37.3937611215224,45.156225813642706,81528.74657010715,81621.50750000004,81714.26842989292,-0.0022729531157676137,98.18428777900566,81629.4959024623,81602.16883232698,81524.48240773525,81165.23569999996,43.80780133656441,20,1
2026-05-05 21:00:00,81646.39,81791.48,81633.46,81684.74,144.77285,0.0,19.163899999999977,-19.163899999999977,-6907.881309999991,0.0,0.000469830995568854,0.0004697206595448253,57.99237734026785,39.388029166540946,44.002586484222356,81535.96920216954,81627.83900000004,81719.70879783054,-0.0022509427900081727,102.45826722336164,81640.54472196984,81609.67530211543,81530.76701919662,81169.48484999996,53.11363272783442,21,1
2026-05-05 21:05:00,81684.74,81733.13,81619.99,81652.97,34.29841,0.0,18.524199999999954,-18.524199999999954,-6926.4055099999905,0.0,-0.0003889343346138441,-0.0003890099891892421,54.9851081217966,37.967264481965685,42.79552208377102,81550.9789901033,81633.58300000003,81716.18700989676,-0.0020237751881290096,103.22124813597863,81643.02977757587,81613.6111837413,81535.5592929536,81173.78124999997,55.087018203000554,21,1
2026-05-05 21:10:00,81652.96,81698.8,81591.69,81591.7,103.03515,0.0,67.90822999999992,-67.90822999999992,-6994.3137399999905,0.0,-0.0007503707458529352,-0.0007506524148940044,49.638977426187246,31.533819051241153,40.543181477265044,81551.16260104087,81633.64300000003,81716.12339895919,-0.0020207452694267253,103.49901612626591,81632.76382206069,81611.61925794664,81537.76088930837,81177.91574999997,47.27445056572491,21,1
2026-05-05 21:15:00,81591.69,81651.64,81558.7,81558.71,46.55265,0.0,23.130549999999907,-23.130549999999907,-7017.44428999999,0.0,-0.00040433034242437493,-0.0004044121059776772,46.98976444284258,23.502329679002287,37.13501111761249,81552.04265049947,81633.82850000003,81715.6143495006,-0.0020037244608848374,102.74480068867567,81617.95305764856,81606.80932540604,81538.58242306099,81181.64944999997,28.440116089561744,21,1
2026-05-05 21:20:00,81558.71,81587.6,81545.0,81569.59,31.72088,0.0,24.386209999999934,-24.386209999999934,-7041.83049999999,0.0,0.00013340083480950504,0.00013339193770938603,47.97588500048051,17.809939661674434,33.26999682642488,81543.80935453721,81629.59950000004,81715.38964546287,-0.0021019371891645732,98.44874349662781,81608.28044611885,81603.42575036912,81539.79840647036,81185.65089999996,14.842437590463701,21,1
2026-05-05 21:25:00,81569.59,81623.77,81448.51,81474.85,74.03104,0.0,48.37742000000022,-48.37742000000022,-7090.20791999999,0.0,-0.0011614622557253318,-0.001162137275735198,40.84982258875685,5.589520820052712,27.733901625150445,81512.4190556306,81620.70400000004,81728.98894436948,-0.0026533695266691905,103.93526181829792,81581.59435689508,81591.73704579011,81537.2514101382,81188.41904999995,7.738308835998516,21,1
2026-05-05 21:30:00,81474.85,81474.85,81307.58,81315.54,60.86993,0.0,10.987109999999957,-10.987109999999957,-7101.19502999999,0.0,-0.00195532731879855,-0.0019572414668580325,32.19105351178243,-16.75706967774022,18.83570736457231,81434.32458245025,81605.96400000004,81777.60341754982,-0.004206541020697564,108.45917168841979,81528.38348551605,81566.62822344556,81528.55684503473,81190.48674999995,6.433802885600837,21,1
2026-05-05 21:35:00,81315.55,81463.27,81305.27,81420.07,28.90505,0.0,15.120669999999947,-15.120669999999947,-7116.31569999999,0.0,0.0012854861444688837,0.001284660614550852,41.024323595269344,-25.735542920432636,9.921457307571321,81406.84912192589,81596.65000000004,81786.45087807419,-0.004652173295696601,111.99780228210409,81506.72078841284,81553.30474858687,81524.30245895495,81193.07489999995,10.97871226192269,21,1
2026-05-05 21:40:00,81420.07,81421.71,81355.22,81362.45,27.49396,0.0,10.344659999999967,-10.344659999999967,-7126.66035999999,0.0,-0.0007076879201898256,-0.0007079384494906967,38.079604148068846,-37.073143974732375,0.5225370511105822,81370.81792859809,81579.67000000003,81788.52207140197,-0.005120198976091459,108.7472449762399,81477.86663073028,81535.95431689716,81517.9553037018,81195.56199999996,12.338838414132695,21,1
2026-05-05 21:45:00,81362.45,81448.76,81345.01,81427.17,30.15343,0.0,10.734230000000005,-10.734230000000005,-7137.39458999999,0.0,0.0007954529392859566,0.0007951367342696763,43.026422087980734,-40.37054486940906,-7.656079332993347,81352.44903352177,81568.15350000003,81783.85796647829,-0.005288938322681505,108.39029890650848,81467.72730458422,81526.06483354287,81514.3950957135,81198.24054999994,20.14767281627237,21,1
2026-05-05 21:50:00,81427.17,81501.47,81427.16,81491.99,19.99026,0.0,6.910630000000018,-6.910630000000018,-7144.30521999999,0.0,0.000796048788137993,0.0007957321093514772,47.54626961097733,-37.32308921858203,-13.589481310111083,81348.5190368967,81557.75250000003,81766.98596310336,-0.0051309276356856426,105.95599184175771,81472.57984366738,81522.96712140262,81513.51646450904,81201.35704999995,25.078326923208294,21,1
2026-05-05 21:55:00,81492.0,81511.33,81407.1,81407.11,16.76512,0.0,10.378179999999984,-10.378179999999984,-7154.68339999999,0.0,-0.00104157476090605,-0.0010421175768523222,42.76226075092507,-41.28120129593299,-19.127825307275465,81330.22087285428,81546.82500000004,81763.4291271458,-0.005312386525061279,105.8327067102033,81459.4858749339,81512.43465582056,81509.34366197928,81203.75404999994,28.140104070257525,21,1
2026-05-05 22:00:00,81407.11,81600.0,81407.11,81520.0,38.5546,0.0,10.993539999999976,-10.993539999999976,-7165.67693999999,0.0,0.0013867339105884113,0.0013857732831062738,49.97205651926919,-34.90637513092952,-22.283535272006276,81327.34213314888,81543.08550000003,81758.82886685118,-0.005291518355683295,112.05108480233159,81471.58869994713,81513.12241438232,81509.76155758793,81205.57559999995,34.50429512624865,22,1
2026-05-05 22:05:00,81520.0,81540.22,81411.32,81441.39,18.26304,0.0,10.809749999999969,-10.809749999999969,-7176.486689999991,0.0,-0.0009643032384690775,-0.0009647684779489432,45.65910213897823,-35.784942948885146,-24.98381680738205,81317.30951033632,81537.45150000002,81757.59348966373,-0.0053997760688831165,113.25457874502176,81465.5489599577,81506.60128580211,81507.08032003546,81207.47489999996,31.035286535995695,22,1
2026-05-05 22:10:00,81441.39,81441.4,81356.86,81382.14,20.13113,0.0,12.867869999999945,-12.867869999999945,-7189.354559999991,0.0,-0.0007275170524471131,-0.0007277818214016551,42.66984066506944,-40.79196966724703,-28.145447379355044,81301.93751748546,81522.99100000001,81744.04448251455,-0.005423095492522941,111.20353740609117,81448.86716796616,81495.28662345647,81502.1806996419,81208.71409999995,30.042111618400245,22,1
2026-05-05 22:15:00,81382.14,81388.0,81324.05,81382.0,22.38701,0.0,12.863989999999953,-12.863989999999953,-7202.2185499999905,0.0,-1.720279166894656e-06,-1.720280646576559e-06,42.66273328437558,-44.261156188265886,-31.368589141137214,81287.09934627725,81510.61750000002,81734.1356537228,-0.005484393581554606,107.82828473422731,81435.49373437293,81484.98783950588,81497.46773102849,81209.44494999996,21.820056230591593,22,1
2026-05-05 22:20:00,81382.0,81412.53,81341.53,81412.53,14.68816,0.0,12.88934999999996,-12.88934999999996,-7215.107899999991,0.0,0.00037514438082131285,0.00037507403176156834,44.8211947601673,-44.0393375800777,-33.90273882892531,81281.69382318022,81498.34350000002,81714.99317681981,-0.005316664548397786,105.19769296749679,81430.90098749835,81478.40076318716,81494.1368396156,81211.30549999996,22.810306818868554,22,1
2026-05-05 22:25:00,81412.53,81520.0,81408.52,81438.84,34.20039,0.0,16.675379999999944,-16.675379999999944,-7231.783279999991,0.0,0.0003231689274365568,0.0003231167196063893,46.683901161978035,-41.26487186050508,-35.375165435241264,81277.34381829541,81490.34250000001,81703.34118170461,-0.005227580966532347,105.64642918410388,81432.48878999868,81474.80433017015,81491.96833610127,81213.70019999995,30.800656317962147,22,1
2026-05-05 22:30:00,81438.84,81438.84,81122.01,81122.01,199.68008,0.0,13.79490999999994,-13.79490999999994,-7245.57818999999,0.0,-0.003890404136404735,-0.0038979914434304716,32.46928874646887,-63.89507824134489,-41.07914799646199,81207.74213415252,81465.10900000003,81722.47586584753,-0.006318456306183965,120.730969956668,81370.39303199894,81442.7321183365,81477.46016605808,81214.17999999995,24.301363591444375,22,1
2026-05-05 22:35:00,81122.02,81185.14,80917.8,81009.3,165.53295,0.0,21.102799999999974,-21.102799999999974,-7266.68098999999,0.0,-0.0013893886505029762,-0.0013903547458723625,29.077381191390927,-89.88825898712093,-50.84097019459378,81121.55076809612,81433.25500000002,81744.95923190392,-0.007655453092324574,131.20304353119147,81298.17442559915,81403.32919848773,81459.10094385972,81214.37649999995,18.449898219215108,22,1
2026-05-05 22:40:00,81009.3,81067.69,80817.72,81021.72,126.24475,0.0,11.995669999999949,-11.995669999999949,-7278.67665999999,0.0,0.0001533157304161037,0.00015330397876063426,29.94583953936571,-108.23814978239534,-62.32040611215409,81062.4846238004,81400.10400000002,81737.72337619965,-0.008295305770116104,139.68639756467786,81242.88354047932,81368.63745317067,81441.94874998287,81214.82439999995,13.163369424305026,22,1
2026-05-05 22:45:00,81021.72,81085.1,80986.55,81073.6,53.85,0.0,12.856269999999935,-12.856269999999935,-7291.53292999999,0.0,0.0006403221259683178,0.000640117207227152,33.60325323153016,-117.24278616292577,-73.30488212230843,81025.93573633983,81371.13550000002,81716.3352636602,-0.008484575311356891,136.74808345291538,81209.02683238346,81341.8158665188,81427.50370096393,81215.52464999995,24.06654134910625,22,1
2026-05-05 22:50:00,81073.6,81357.28,81028.0,81212.0,191.15141,0.0,25.500519999999955,-25.500519999999955,-7317.03344999999,0.0,0.0017070908409149155,0.0017056354174699538,42.2631730741447,-111.92114473841502,-81.02813464552975,81015.91213563495,81352.15050000002,81688.38886436509,-0.008266244034079178,150.5003632062785,81209.62146590676,81330.014424108,81419.05257543594,81216.78999999995,36.39617528250765,22,1
2026-05-05 22:55:00,81212.25,81237.17,81097.25,81111.27,37.2022,0.0,17.161699999999904,-17.161699999999904,-7334.19514999999,0.0,-0.0012403339407969227,-0.0012411037915864862,38.34336566231569,-114.5117545085086,-87.72485861812552,80991.95379727136,81329.77850000003,81667.6032027287,-0.008307527918047153,149.7446229772585,81189.95117272541,81310.1285673709,81406.98267051688,81217.84629999995,40.211944572276145,22,1
2026-05-05 23:00:00,81111.27,81160.0,81028.63,81093.41,51.92268,0.0,13.278369999999956,-13.278369999999956,-7347.47351999999,0.0,-0.00022019134948814134,-0.00022021559516252653,37.67613457444636,-116.6611866132007,-93.51212421714055,80972.00818740537,81305.96950000002,81639.93081259467,-0.00821492725929918,148.432149907454,81170.64293818033,81290.4268794281,81394.68570304563,81219.26334999995,41.05605835932587,23,1
2026-05-05 23:05:00,81093.42,81152.22,81040.0,81137.39,28.81573,0.0,17.382739999999924,-17.382739999999924,-7364.85625999999,0.0,0.0005423375339623782,0.000542190522112967,40.42533319645468,-113.50736633496126,-97.5111726407047,80956.87511191498,81289.09650000001,81621.31788808505,-0.008173824101613238,145.84556777120739,81163.99235054427,81276.51443584372,81384.59567547521,81220.82564999996,37.876889775187166,23,1
2026-05-05 23:10:00,81137.39,81222.03,81134.06,81213.22,39.95241,0.0,21.18252999999992,-21.18252999999992,-7386.03878999999,0.0,0.0009345876173734169,0.0009341511622819905,44.93551292718498,-103.69377647212241,-98.74769340698825,80950.3969965107,81283.9805,81617.56400348931,-0.008207853538602474,141.71159864469266,81173.83788043541,81270.76039622157,81377.8750607507,81222.56994999996,43.615408872854324,23,1
2026-05-05 23:15:00,81213.23,81213.23,81100.0,81110.39,33.87234,0.0,23.879419999999932,-23.879419999999932,-7409.91820999999,0.0,-0.001266173167373541,-0.0012669754419022542,40.462052505715555,-103.02633397022146,-99.60342151963489,80932.87528684363,81268.4965,81604.11771315636,-0.00825956496331555,139.67719874150004,81161.14830434833,81256.18126929233,81367.38545052518,81224.04789999995,45.75954348717901,23,1
2026-05-05 23:20:00,81110.38,81117.86,81055.0,81055.01,32.93364,0.0,21.9773699999999,-21.9773699999999,-7431.895579999989,0.0,-0.000682773193422026,-0.0006830063891914424,38.25333103154269,-105.74709743486892,-100.8321567026817,80908.09370386394,81253.1245,81598.15529613607,-0.008492739159490828,134.19025597425008,81139.92064347866,81237.89297208394,81355.13543285753,81225.26539999996,43.401087602686175,23,1
2026-05-05 23:25:00,81055.02,81081.75,80878.72,80883.57,63.4579,0.0,25.18196999999996,-25.18196999999996,-7457.077549999989,0.0,-0.0021151067651461464,-0.0021173467625732905,32.363619539827596,-120.34977995065856,-104.73568135227707,80855.34096634647,81225.94450000001,81596.54803365355,-0.009125250212474718,139.10738054751783,81088.65051478293,81205.68179280357,81336.64267078468,81225.00729999995,28.27979343471723,23,1
2026-05-05 23:30:00,80883.57,80968.32,80833.35,80855.54,37.8272,0.0,17.708729999999964,-17.708729999999964,-7474.786279999989,0.0,-0.0003465475126779305,-0.00034660757414370396,31.50941720092867,-132.65513200774149,-110.31957148336996,80811.26412787318,81194.122,81576.97987212683,-0.009430679529407996,138.81185336555237,81042.02841182634,81173.85072073052,81317.77589938136,81224.68449999996,16.1834785745472,23,1
2026-05-05 23:35:00,80855.54,80855.55,80790.0,80838.95,73.58352,0.0,37.117469999999955,-37.117469999999955,-7511.9037499999895,0.0,-0.00020518074580910817,-0.00020520179825808758,30.988094646516934,-142.1077567589382,-116.6772085384836,80766.32854122804,81165.714,81565.09945877198,-0.009841235642231123,133.57886383944168,81001.41272946107,81143.40520066411,81298.9984131311,81223.99924999995,7.4353837026122855,23,1
2026-05-05 23:40:00,80838.95,80949.97,80822.0,80926.79,31.23445,0.0,19.273479999999903,-19.273479999999903,-7531.177229999989,0.0,0.0010866049101330155,0.0010860149823246146,36.93742980136981,-140.88701823911106,-121.51917047860908,80758.82282092776,81136.05350000001,81513.28417907226,-0.009298718949209193,133.17823070805306,80986.48818356886,81123.71290969464,81284.40200477303,81223.88324999994,12.347620610838234,23,1
2026-05-05 23:45:00,80926.79,80971.0,80882.02,80936.46,32.7478,0.0,18.94822999999997,-18.94822999999997,-7550.125459999989,0.0,0.00011949071500327868,0.0001194835765564391,37.57542708201693,-137.55365309407352,-124.72606700170198,80751.53707418809,81110.807,81470.07692581191,-0.008858743713693048,130.02121422890613,80976.48254685508,81106.68991790422,81270.75722027212,81224.06359999995,19.1584945553534,23,1
2026-05-05 23:50:00,80936.47,80978.86,80913.12,80921.81,30.14796,0.0,23.63383999999993,-23.63383999999993,-7573.759299999989,0.0,-0.0001810061868285917,-0.00018102257042547826,36.965276605363044,-134.5431401958922,-126.68948164054002,80742.28290772624,81087.79050000002,81433.29809227379,-0.008521815433453551,125.42969892684178,80965.54803748407,81089.8826526402,81257.07301555556,81223.69584999996,24.388896723546086,23,1
2026-05-05 23:55:00,80921.81,80950.0,80905.52,80905.52,22.58015,0.0,19.62864999999988,-19.62864999999988,-7593.387949999988,0.0,-0.0002013054329851327,-0.00020132569764344353,36.26020786278094,-131.9507082648779,-127.7417269654076,80737.71839582529,81063.96650000001,81390.21460417473,-0.00804915225002525,119.64757757492421,80953.54242998725,81073.12241149109,81243.28662278868,81223.22349999995,23.139073003337984,23,1
2026-05-06 00:00:00,80905.53,81109.94,80880.0,81062.0,191.30295,0.0,16.556649999999912,-16.556649999999912,-7609.944599999988,0.0,0.001934107833433396,0.0019322398550709729,46.76438856922115,-115.93315380880085,-125.38001233408625,80761.9921429544,81046.44000000002,81330.88785704563,-0.007019379433460917,127.52560774814408,80975.2339439898,81072.11128317371,81236.17734346364,81223.32344999995,34.80875311082312,0,2
2026-05-06 00:05:00,81062.0,81108.0,81014.0,81089.84,35.34043,0.0,17.364279999999933,-17.364279999999933,-7627.308879999988,0.0,0.0003434408230735819,0.0003433818607737594,48.39386452540806,-99.84175753912132,-120.27236137509325,80807.01312422381,81028.99000000002,81250.96687577623,-0.0054789495901703,125.1309214804195,80998.15515519184,81073.72298470337,81230.43862411212,81223.52259999995,50.19780260882834,0,2
2026-05-06 00:10:00,81089.83,81251.84,81073.6,81156.91,99.04875,0.0,40.41209000000014,-40.41209000000014,-7667.720969999988,0.0,0.0008271073170202925,0.0008267654522562696,52.19053862688807,-80.74642704248254,-112.36717450857111,80805.33820658592,81030.73500000002,81256.13179341411,-0.005563241982541474,128.9244270889603,81029.90612415347,81081.28544063943,81227.55514865674,81223.91019999995,69.89160958860687,0,2
2026-05-06 00:15:00,81156.91,81262.28,81106.0,81106.0,115.89291,0.0,69.83422000000006,-69.83422000000006,-7737.555189999987,0.0,-0.0006273033312875764,-0.0006275001683442976,49.22986779420469,-68.9267073993251,-103.67908108672191,80808.08092820478,81035.57,81263.05907179523,-0.005614548569109148,130.87839658260592,81045.12489932278,81083.53221876312,81222.78828008196,81223.81579999994,71.91910356711439,0,2
2026-05-06 00:20:00,81106.0,81106.01,80944.98,80998.38,52.66875,0.0,25.381139999999984,-25.381139999999984,-7762.936329999988,0.0,-0.0013269055310334288,-0.001327786649704646,43.59929718712603,-67.46582497350755,-96.43642986407903,80806.40281370733,81034.403,81262.40318629268,-0.00562724417905992,133.03208254099113,81035.77591945822,81075.79110796648,81213.98795537287,81223.75244999994,63.492284619120795,0,2
2026-05-06 00:25:00,80998.38,81085.73,80922.15,80922.16,33.23487,0.0,13.813409999999944,-13.813409999999944,-7776.7497399999875,0.0,-0.0009410064744505009,-0.0009414494989907587,40.101126826330955,-71.63264558035007,-91.47567300733324,80794.52266724262,81026.83099999999,81259.13933275736,-0.005734108810385772,135.21407664520618,81013.05273556657,81061.82464360588,81202.54372182883,81223.58179999996,46.33833036899072,0,2
2026-05-06 00:30:00,80922.16,81009.75,80907.49,81001.66,32.30525,0.0,18.314059999999955,-18.314059999999955,-7795.063799999987,0.0,0.0009824255803354554,0.0009819433161582707,45.05319672015382,-67.73904183266859,-86.72834677240031,80799.99493829998,81016.31399999998,81232.63306169999,-0.005340135857082003,132.86021402769106,81010.77418845326,81056.3551305508,81194.66592881593,81224.21509999996,38.974054939161185,0,2
2026-05-06 00:35:00,81001.66,81045.99,80986.21,80986.21,19.75543,0.0,16.491639999999908,-16.491639999999908,-7811.555439999987,0.0,-0.00019073683181303203,-0.00019075502439590424,44.286913066284534,-65.14902132570569,-82.41248168306139,80797.89253345811,81010.06099999999,81222.22946654186,-0.005238076948044084,127.64019873999875,81005.86135076261,81049.97830050073,81186.49118650942,81224.86819999995,38.11510121114685,0,2
2026-05-06 00:40:00,80986.2,81011.15,80906.3,80906.31,23.27881,0.0,11.030429999999976,-11.030429999999976,-7822.585869999987,0.0,-0.0009865877166002068,-0.0009870747145986573,40.45481069694588,-68.7511531641212,-79.68021597927336,80787.56558400781,81000.70599999999,81213.84641599217,-0.005262680451011881,126.01232740142679,80985.95108061009,81036.91754590976,81175.50368899925,81225.14834999996,36.996414556337136,0,2
2026-05-06 00:45:00,80906.31,80948.39,80731.14,80808.2,222.67798,0.0,7.222510000000006,-7.222510000000006,-7829.808379999987,0.0,-0.0012126371849118245,-0.0012133730243139064,36.301130788231504,-78.616286049888,-79.46742999339628,80765.11095927662,80984.2465,81203.38204072337,-0.0054118066215107325,132.5293040156106,80950.40086448807,81016.12504173614,81161.09962276398,81224.74929999997,26.893675109728168,0,2
2026-05-06 00:50:00,80808.2,81070.0,80808.2,81040.08,35.88102,0.0,16.28860999999989,-16.28860999999989,-7846.096989999986,0.0,0.0028695107674716613,0.0028654015804766876,49.49884844619146,-66.95191681737197,-76.96432735819141,80781.01736990825,80975.5895,81170.16163009175,-0.004805698391161457,141.7629251573529,80968.33669159045,81018.30276521467,81156.35375520462,81225.65309999995,32.433737003144,0,2
2026-05-06 00:55:00,81040.09,81065.87,81010.02,81030.01,14.812,0.0,9.35730999999997,-9.35730999999997,-7855.454299999987,0.0,-0.00012425950221184312,-0.00012426722306338748,49.02381403714743,-57.85348603044986,-73.1421590926431,80785.15218659987,80971.5705,81157.98881340014,-0.004604537425889151,135.6262876461128,80980.67135327235,81019.36705928606,81151.39909813777,81226.51604999996,42.98113491734722,0,2
2026-05-06 01:00:00,81030.0,81148.33,80996.0,81148.3,37.82997,0.0,19.96300999999997,-19.96300999999997,-7875.417309999987,0.0,0.001459829512547417,0.0014587649973257881,54.542534944194045,-40.629547538919724,-66.63963678189842,80777.44116075826,80976.23500000002,81175.02883924177,-0.0049099304071560336,136.81940995710485,81014.19708261789,81031.0882357146,81151.27756487747,81227.86139999997,64.32516222966953,1,2
2026-05-06 01:05:00,81148.31,81160.72,81105.82,81150.11,29.50398,0.0,11.253069999999916,-11.253069999999916,-7886.670379999987,0.0,2.2304841875930848e-05,2.2304593126644162e-05,54.62348505678495,-26.527606583578745,-58.61723074223448,80781.8658337121,80989.562,81197.25816628791,-0.005128961341657926,130.96802353159694,81041.3796660943,81041.90839610419,81151.23177801953,81229.39879999995,71.23043516461443,1,2
2026-05-06 01:10:00,81150.12,81169.21,81130.45,81161.58,27.08841,0.0,17.237949999999923,-17.237949999999923,-7903.908329999987,0.0,0.00014134300002788258,0.00014133301204719717,55.16832226852567,-14.261782683141064,-49.7461411304158,80793.85037049977,81004.86400000002,81215.87762950026,-0.005209900222787728,124.38173613648353,81065.41973287544,81052.78763282199,81151.63759064622,81230.99344999995,79.48751741537112,1,2
2026-05-06 01:15:00,81161.58,81346.78,81161.57,81287.59,70.80477,0.0,25.244979999999952,-25.244979999999952,-7929.153309999987,0.0,0.0015525818989723383,0.001551377889750009,60.74479014186574,5.56280051729118,-38.68435280087441,80797.08896171574,81027.29600000002,81257.5030382843,-0.0056822095676074234,128.72661212673412,81109.85378630034,81074.13330256545,81156.9690576797,81233.48419999995,83.43588980623626,1,2
2026-05-06 01:20:00,81287.6,81320.01,81220.27,81294.65,66.20535,0.0,10.474009999999979,-10.474009999999979,-7939.627319999987,0.0,8.685212589032432e-05,8.68483544628079e-05,61.03721118378761,21.594678517445573,-26.62854653721041,80792.87006926232,81045.68900000001,81298.5079307377,-0.006238923596236901,126.65613983196673,81146.81302904028,81094.1802750595,81162.36831031971,81236.25109999995,87.65292807897838,1,2
2026-05-06 01:25:00,81294.65,81305.39,81250.0,81250.0,93.54395,0.0,26.907549999999954,-26.907549999999954,-7966.534869999987,0.0,-0.0005492366348830435,-0.0005493875205740879,58.089981384835646,30.347350129901315,-15.233367203788065,80798.88411399198,81061.36600000001,81323.84788600804,-0.0064761278759607075,121.5657012725405,81167.45042323222,81108.34570459955,81165.80484716991,81238.47614999996,88.73259264072031,1,2
2026-05-06 01:30:00,81250.01,81335.53,81240.0,81322.34,88.85795,0.0,12.126169999999952,-12.126169999999952,-7978.661039999986,0.0,0.0008903384615384091,0.0008899423453512433,61.34647442137373,42.62972988176625,-3.6607477866772005,80803.86987393907,81081.39250000002,81358.91512606097,-0.006845531816956616,119.70600832450181,81198.42833858577,81127.79973145413,81171.94348061424,81241.11234999995,90.61410348038851,1,2
2026-05-06 01:35:00,81322.34,81360.15,81262.63,81320.02,117.13815,0.0,58.710380000000185,-58.710380000000185,-8037.371419999987,0.0,-2.852844618084216e-05,-2.8528853124702574e-05,61.18228236655248,51.58179686819494,7.387761144297228,80818.38682670103,81102.11750000002,81385.84817329902,-0.006996874608088903,118.1212934441795,81222.74667086861,81145.27430132193,81177.75040294309,81243.63624999995,91.31001820261802,1,2
2026-05-06 01:40:00,81320.01,81331.11,81292.03,81318.3,29.54954,0.0,14.829689999999953,-14.829689999999953,-8052.201109999986,0.0,-2.115100316013585e-05,-2.1151226845757312e-05,61.051819689046305,57.870489841967355,17.484306883831252,80816.81961874462,81114.93250000002,81413.04538125543,-0.007350382280239431,112.47548676959538,81241.85733669488,81161.00391029267,81183.26215184727,81246.75424999995,94.33232278868194,1,2
2026-05-06 01:45:00,81318.29,81475.51,81316.66,81407.08,57.99973,0.0,10.83963999999992,-10.83963999999992,-8063.0407499999865,0.0,0.0010917591735193355,0.001091163637887767,65.17916811350014,69.22020097705536,27.831485702476073,80807.05234420844,81130.79450000002,81454.5366557916,-0.007980746590410386,115.78795200033794,81274.9018693559,81183.37446390242,81192.03932236307,81250.22269999995,92.59127067471024,1,2
2026-05-06 01:50:00,81407.08,81534.23,81405.91,81446.69,155.14576,0.0,9.525709999999947,-9.525709999999947,-8072.566459999986,0.0,0.00048656701603833064,0.00048644868069161077,66.8662232918337,80.48336268145067,38.36186109827099,80793.44426331829,81145.28350000002,81497.12273668175,-0.008671834554172895,116.68309828602754,81309.25949548473,81207.31223991129,81202.02562344687,81254.11729999995,91.08442719438295,1,2
2026-05-06 01:55:00,81446.69,81446.7,81402.33,81439.34,30.15818,0.0,18.880729999999897,-18.880729999999897,-8091.447189999986,0.0,-9.024307801830389e-05,-9.024715016985984e-05,66.22504386415957,87.80426301759144,48.250341482135084,80788.23282678034,81161.95050000002,81535.6681732197,-0.00920918412919813,111.51787697988239,81335.27559638779,81228.40567264662,81211.3320695862,81258.15064999995,88.9456286892705,1,2
2026-05-06 02:00:00,81439.34,81449.04,81303.94,81303.95,29.71278,0.0,13.943239999999925,-13.943239999999925,-8105.390429999986,0.0,-0.0016624643569066455,-0.0016638477842540135,55.640999725647454,81.73905088187894,54.94808336208386,80806.53656828208,81177.22900000002,81547.92143171796,-0.009132916614286904,113.91660005274731,81329.01047711023,81235.27333876965,81214.9641452887,81261.48604999996,77.74840393096797,2,2
2026-05-06 02:05:00,81303.94,81340.97,81252.71,81321.49,138.19619,0.0,13.351349999999934,-13.351349999999934,-8118.741779999986,0.0,0.00021573367591631865,0.00021571040875313673,56.608523183334604,77.45480717577448,59.44942812482198,80840.86918506032,81197.19550000002,81553.52181493971,-0.008776813355325683,112.08398576326499,81327.50638168819,81243.11121706331,81219.14162978718,81264.80484999996,68.20658524963329,2,2
2026-05-06 02:10:00,81321.49,81371.94,81298.02,81330.0,37.194,0.0,11.165679999999922,-11.165679999999922,-8129.907459999986,0.0,0.00010464638559870565,0.00010464091054765575,57.09745406948331,73.89439051512454,62.33842060288249,80864.65555157959,81213.61250000002,81562.56944842044,-0.00859355809151885,109.35798678017451,81328.00510535054,81251.01019733028,81223.48901685435,81268.39879999995,56.67261354474087,2,2
2026-05-06 02:15:00,81330.0,81330.0,81268.15,81268.15,31.66103,0.0,20.015239999999928,-20.015239999999928,-8149.9226999999855,0.0,-0.0007604819869667656,-0.0007607713000805898,52.4699332598067,65.32888583210297,62.93651364872659,80894.20007195744,81227.70950000003,81561.21892804261,-0.00821171568410614,105.96455915301961,81316.03408428043,81252.56836120934,81225.2404279581,81271.83284999995,48.96841765707601,2,2
2026-05-06 02:20:00,81268.0,81302.71,81255.21,81289.76,14.46224,0.0,10.340509999999957,-10.340509999999957,-8160.2632099999855,0.0,0.0002659098306039276,0.00026587448285099284,53.87647892576647,59.59740625615814,62.2686921702129,80947.1008718922,81246.88200000001,81546.66312810783,-0.0073795109603791926,101.7885192135182,81310.77926742434,81255.94941928121,81227.77060725386,81275.33369999996,40.27658459725415,2,2
2026-05-06 02:25:00,81289.76,81289.76,81138.0,81144.57,55.91053,0.0,15.386679999999966,-15.386679999999966,-8175.649889999985,0.0,-0.001786079821123665,-0.0017876767634816826,44.375014575875404,42.8456498219457,58.38408370055946,81034.91578321106,81263.70050000002,81492.48521678898,-0.005630674344911374,105.35791069826652,81277.53741393947,81245.82401752837,81224.50783834195,81278.18184999996,23.386501541595532,2,2
2026-05-06 02:30:00,81144.58,81144.58,81062.49,81062.5,62.43346,0.0,25.584960000000002,-25.584960000000002,-8201.234849999984,0.0,-0.001011404706439456,-0.0010119165213099746,40.072966644347275,22.68589022452943,51.244445005353455,81040.24963464531,81264.82150000002,81489.39336535473,-0.005526914628236973,103.69591707696152,81234.52993115157,81229.15819775306,81218.15458977951,81280.55434999996,12.019631742523877,2,2
2026-05-06 02:35:00,81062.5,81176.2,81047.01,81166.45,51.06778,0.0,31.940419999999904,-31.940419999999904,-8233.175269999985,0.0,0.001282343870470326,0.0012815223697918352,47.07212668017292,14.924985808043857,43.980553165891536,81068.77786400754,81271.64350000002,81474.5091359925,-0.00499228580242699,105.51692300003586,81220.91394492125,81223.45745250279,81216.12695880777,81283.45649999996,8.724946887932816,2,2
2026-05-06 02:40:00,81166.45,81262.99,81166.44,81213.06,112.17046,0.0,62.30637000000013,-62.30637000000013,-8295.481639999985,0.0,0.0005742520462579392,0.0005740872266472706,49.89778326528351,12.392596469668206,37.66296182664687,81078.01553243185,81274.88150000002,81471.74746756819,-0.004844447975434332,104.87642850003351,81219.34315593701,81222.51222954798,81216.00668591335,81286.49189999996,19.532608687851994,2,2
2026-05-06 02:45:00,81213.06,81278.8,81205.61,81278.79,27.54636,0.0,20.518079999999916,-20.518079999999916,-8315.999719999985,0.0,0.0008093525844241611,0.0008090252352365705,53.655326405046864,15.510723381536081,33.23251413762471,81092.95389669077,81281.31550000001,81469.67710330925,-0.004634806957799306,102.6131121786027,81231.2325247496,81227.62839049817,81218.46877666184,81289.44139999995,35.38921500212091,2,2
2026-05-06 02:50:00,81278.8,81294.7,81227.85,81287.89,22.47729,0.0,16.65288999999994,-16.65288999999994,-8332.652609999985,0.0,0.00011196032814964063,0.00011195406105987353,54.1678101391942,18.502865852307878,30.286584480561345,81107.45919792885,81287.63100000001,81467.80280207116,-0.00443294508290335,100.05860416584474,81242.56401979968,81233.10671863469,81221.19117757707,81292.49304999995,43.69757672783018,2,2
2026-05-06 02:55:00,81287.88,81395.87,81287.88,81363.54,38.36279,0.0,22.62876999999992,-22.62876999999992,-8355.281379999984,0.0,0.0009306429284854367,0.0009302101488433289,58.296437075559226,26.67103598351241,29.56347478115156,81108.24381408383,81291.42850000001,81474.61318591618,-0.00450686349831272,100.6251324397123,81266.75921583975,81244.9642896679,81226.77348433876,81295.76074999994,53.99272060533901,2,2
2026-05-06 03:00:00,81363.54,81450.0,81358.17,81432.33,63.48543,0.0,46.52701000000014,-46.52701000000014,-8401.808389999984,0.0,0.0008454646884834549,0.0008451074845350899,61.67704698780765,38.25417741412821,31.30161530774689,81105.08816856712,81298.31250000001,81491.53683143291,-0.0047534647519995015,99.99690869401869,81299.87337267179,81261.99753606172,81234.83452416862,81299.32914999995,70.00716629158227,3,2
2026-05-06 03:05:00,81432.33,81466.64,81362.38,81370.66,37.7662,0.0,23.226369999999896,-23.226369999999896,-8425.034759999984,0.0,-0.0007573159210844116,-0.000757602829649337,57.2003862385048,41.97379902028479,33.43605205025447,81110.00027488628,81304.34550000001,81498.69072511375,-0.004780684818715748,100.30141521587413,81314.03069813743,81271.8759418743,81240.1610134169,81302.52054999994,79.23643004599262,3,2
2026-05-06 03:10:00,81370.65,81429.0,81370.65,81410.01,25.33815,0.0,12.794229999999988,-12.794229999999988,-8437.828989999984,0.0,0.0004835895395218781,0.00048347264778407343,59.23362409955899,47.54872991946468,36.258587624096506,81109.07569263462,81308.729,81508.38230736539,-0.004910993193987438,97.30488555759781,81333.22655850994,81284.43358352208,81246.82175798879,81305.46869999994,86.41584108979606,3,2
2026-05-06 03:15:00,81410.0,81419.88,81367.71,81409.99,22.345,0.0,13.437770000000006,-13.437770000000006,-8451.266759999984,0.0,-2.4567003475972626e-07,-2.456700649366142e-07,59.23208390603598,51.37309196390561,39.28148849205833,81108.7629362822,81313.22750000001,81517.69206371781,-0.005029060338745099,94.08096516062642,81348.57924680795,81295.84780320189,81253.22051257746,81308.56264999993,83.37741979045076,3,2
2026-05-06 03:20:00,81409.99,81666.0,81409.99,81651.32,213.51702,0.0,55.672200000000046,-55.672200000000046,-8506.938959999985,0.0,0.002964378204689533,0.0029599930995552887,69.52815865821313,73.03533468290698,46.03225773022806,81077.78150225,81329.8785,81581.97549775001,-0.00619936983552745,105.64732479200987,81409.12739744635,81328.16345745626,81268.83225718226,81312.70714999994,90.21106152562557,3,2
2026-05-06 03:25:00,81651.32,81760.84,81602.67,81616.29,164.41584,0.0,58.64138000000019,-58.64138000000019,-8565.580339999986,0.0,-0.0004290193961348221,-0.0004291114512858571,66.8875036263395,86.38044980823179,54.1018961458288,81060.46491548796,81340.339,81620.21308451206,-0.006881556874555152,109.39894444972333,81450.55991795709,81354.35677950569,81282.45805101826,81316.73674999994,87.95949570317943,3,2
2026-05-06 03:30:00,81616.28,81685.71,81592.71,81636.83,27.29956,0.0,10.103269999999972,-10.103269999999972,-8575.683609999985,0.0,0.00025166544570942584,0.0002516337832732598,67.66302769685396,97.4901502647408,62.779546969611204,81044.41639017289,81349.846,81655.27560982712,-0.007509039656377842,108.22759127474309,81487.81393436567,81380.03616318699,81296.35499019401,81321.29619999994,86.66866384990455,3,2
2026-05-06 03:35:00,81636.83,81699.99,81617.35,81635.12,44.85273,0.0,11.412909999999911,-11.412909999999911,-8587.096519999985,0.0,-2.094642822370041e-05,-2.0946647603191558e-05,67.52124469985485,104.94692241426674,71.21302205854231,81031.64359114804,81359.63500000001,81687.62640885198,-0.008062755169734294,106.39990618368996,81517.27514749253,81403.22560289726,81309.63989253934,81325.35374999995,81.58852014251754,3,2
2026-05-06 03:40:00,81635.12,81635.13,81526.67,81543.58,32.8535,0.0,9.071729999999993,-9.071729999999993,-8596.168249999984,0.0,-0.001121331113373647,-0.0011219602754832323,60.24371552395552,102.2908103101654,77.42857970886692,81035.23705998254,81371.61650000002,81707.9959400175,-0.008267733995857906,106.54705574199828,81522.53611799402,81415.98509354297,81318.81401440054,81328.89439999995,78.19322060808162,3,2
2026-05-06 03:45:00,81543.58,81560.0,81494.63,81540.0,18.39585,0.0,9.651549999999972,-9.651549999999972,-8605.819799999985,0.0,-4.390290443467837e-05,-4.39038681953953e-05,59.97147981985782,98.75851951281948,81.69456766965743,81039.26116907316,81382.54200000002,81725.82283092687,-0.008436227782780695,103.60583747471235,81526.02889439522,81427.25917594816,81327.48797462013,81332.39684999995,71.59957114550268,3,2
2026-05-06 03:50:00,81540.0,81592.69,81494.63,81540.0,25.46183,0.0,16.702499999999848,-16.702499999999848,-8622.522299999984,0.0,0.0,0.0,59.97147981985782,94.86560199907399,84.32877453554075,81044.03311632804,81393.04200000002,81742.050883672,-0.008575889906461059,103.20970622651843,81528.82311551618,81437.50834177106,81335.82177953699,81335.38319999995,64.21208068472512,3,2
2026-05-06 03:55:00,81540.0,81641.71,81540.0,81581.69,34.79253,0.0,24.011029999999963,-24.011029999999963,-8646.533329999984,0.0,0.0005112828059847807,0.0005111521454653538,62.273944457851414,94.06020392422215,86.27506041327703,81055.41723264407,81408.71900000001,81762.02076735595,-0.00867970339530676,103.10258435319614,81539.39649241294,81450.61576524642,81345.46367053554,81339.05139999994,63.15326573728468,3,2
2026-05-06 04:00:00,81581.7,81601.65,81540.49,81561.81,27.56422,0.0,13.143129999999957,-13.143129999999957,-8659.676459999984,0.0,-0.00024368213014469564,-0.00024371182545921454,60.48722541597338,90.77141393480997,87.17433111758362,81067.44243763271,81422.32150000002,81777.20056236733,-0.008716996907716813,100.1066854708242,81543.87919393035,81460.7243320422,81353.94784031846,81342.53409999995,61.510482143180155,4,2
2026-05-06 04:05:00,81561.81,81649.99,81546.99,81547.0,81.2545,0.0,13.37431999999993,-13.37431999999993,-8673.050779999985,0.0,-0.00018158008018698268,-0.00018159656784566016,59.12623986759146,85.97887005211669,86.93523890449023,81107.77986132824,81442.44300000001,81777.10613867179,-0.008218396362981844,100.31335079433676,81544.50335514428,81468.56757458382,81361.51851324715,81345.52294999994,57.06681121382806,4,2
2026-05-06 04:10:00,81547.0,81604.15,81530.98,81602.25,81.22771,0.0,15.750789999999897,-15.750789999999897,-8688.801569999985,0.0,0.0006775233914184664,0.000677293976062505,62.514774187601404,85.65161920325772,86.67851496424373,81177.33045796808,81469.43050000002,81761.53054203195,-0.007170788852683396,98.37454002331258,81556.05268411542,81480.72052234893,81370.95896370805,81348.53424999994,55.003987904786555,4,2
2026-05-06 04:15:00,81602.25,81606.45,81522.1,81567.15,34.99787,0.0,19.09541999999991,-19.09541999999991,-8707.896989999985,0.0,-0.00043013519847800996,-0.00043022773315839493,59.15932969601193,81.61913925952103,85.66663982329919,81230.10626435245,81489.46550000002,81748.82473564759,-0.006365466604945911,97.37278716450392,81558.27214729233,81488.57774758994,81378.65272983715,81351.26629999994,52.60835226085945,4,2
2026-05-06 04:20:00,81567.15,81569.39,81508.2,81513.64,26.51233,0.0,17.123209999999915,-17.123209999999915,-8725.020199999984,0.0,-0.0006560239017789904,-0.0006562391796155962,54.36833243518269,73.2610522465111,83.18552230794157,81278.2189799512,81504.4945,81730.7700200488,-0.0055524672948877125,94.78830236703952,81549.34571783386,81490.85613417267,81383.94634827491,81353.63944999994,49.35020468711508,4,2
2026-05-06 04:25:00,81513.65,81531.87,81428.57,81431.84,40.65678,0.0,19.035719999999838,-19.035719999999838,-8744.055919999984,0.0,-0.0010035130316841112,-0.0010040168879989473,47.97248715554955,59.35245356398809,78.41890855915088,81307.61436459525,81512.14700000001,81716.67963540477,-0.00501845781107342,95.396280769393,81525.84457426709,81485.49103106606,81385.8245306955,81355.80539999994,31.359693177328467,4,2
2026-05-06 04:30:00,81431.84,81440.0,81343.45,81388.42,50.20233,0.0,8.966889999999964,-8.966889999999964,-8753.022809999984,0.0,-0.0005332066670726832,-0.0005333488722996854,44.9497497936597,44.315318373264745,71.59819052197365,81330.7976167935,81517.1735,81703.54938320651,-0.004572677761122491,95.47868928586513,81498.35965941368,81476.66639187824,81385.92631380548,81358.09749999995,18.04062181581079,4,2
2026-05-06 04:35:00,81388.42,81427.89,81367.46,81367.46,71.91711,0.0,17.045279999999963,-17.045279999999963,-8770.068089999984,0.0,-0.00025753049389576343,-0.00025756366056781506,43.524064192180475,30.35704643324425,63.349961704227766,81331.63314887218,81517.3695,81703.10585112782,-0.004556976071898973,92.97521147973141,81472.17972753094,81466.73853807113,81385.20214463664,81359.86454999994,7.911998697563305,4,2
2026-05-06 04:40:00,81367.47,81403.65,81361.74,81398.28,16.46502,0.0,12.145739999999948,-12.145739999999948,-8782.213829999984,0.0,0.0003787754957571554,0.0003787037784283354,46.2249329718155,21.533704640547512,54.98671029149172,81326.25602725093,81515.667,81705.07797274907,-0.004647228679342641,89.32769637403553,81457.39978202475,81460.51503461013,81385.71500170972,81361.84074999994,10.96220737094869,4,2
2026-05-06 04:45:00,81398.29,81484.0,81351.34,81483.99,45.98013,0.0,24.86478999999997,-24.86478999999997,-8807.078619999984,0.0,0.001052970652451135,0.0010524166677060211,52.962021336515754,21.212696630434948,48.231907559280366,81343.16683600018,81521.33350000001,81699.50016399984,-0.004371043905944677,92.42286091874753,81462.7178256198,81462.64912237285,81389.56892321129,81364.14904999995,22.653241233130462,4,2
2026-05-06 04:50:00,81484.0,81495.95,81270.0,81364.0,79.82475,0.0,34.92702999999999,-34.92702999999999,-8842.005649999985,0.0,-0.0014725592107113217,-0.0014736444915835884,44.54776978465526,11.147602643803111,40.81504657618491,81334.11579509679,81519.03300000001,81703.95020490323,-0.004536786026478513,101.96051371026536,81442.97426049583,81453.68102033896,81388.56622034026,81365.44399999994,28.654349838984317,4,2
2026-05-06 04:55:00,81363.99,81363.99,81296.6,81331.1,19.03855,0.0,8.051710000000003,-8.051710000000003,-8850.057359999984,0.0,-0.000404355734722861,-0.00040443750854751557,42.55157855351884,0.5103056156076491,32.75409838406946,81318.06610615336,81515.08850000001,81712.11089384666,-0.004834010426098023,99.49190558810314,81420.59940839667,81442.53729121723,81386.31264307201,81366.68349999996,28.888020452423458,4,2
2026-05-06 05:00:00,81331.1,81360.3,81251.12,81345.49,83.30858,0.0,11.710769999999972,-11.710769999999972,-8861.768129999984,0.0,0.00017693108786187572,0.00017691543740295767,43.73907581873345,-6.68165422831953,24.86694786159166,81299.9885174118,81499.797,81699.60548258822,-0.004903287859433824,100.18391233181059,81405.57752671733,81433.71481019749,81384.71175510841,81367.91394999994,21.49206707682583,5,2
2026-05-06 05:05:00,81345.49,81349.99,81278.8,81296.01,40.82451,0.0,26.716429999999942,-26.716429999999942,-8888.484559999984,0.0,-0.0006082697393550163,-0.0006084548104454918,40.629177900896195,-16.18735890116659,16.65608650904001,81272.85803373827,81483.78300000001,81694.70796626175,-0.005177102939899997,98.11291859382428,81383.66402137386,81421.19619108863,81381.23325490807,81368.27949999995,16.997667172449678,5,2
2026-05-06 05:10:00,81296.0,81318.2,81247.47,81278.8,28.33624,0.0,13.52226999999995,-13.52226999999995,-8902.006829999984,0.0,-0.00021169550633537426,-0.00021171791699195488,39.57519052713725,-24.82325448357733,8.36021831051654,81249.25644187926,81465.8815,81682.50655812075,-0.005318178705787215,96.15699583712225,81362.69121709908,81408.25108280785,81377.21626451952,81368.47844999995,14.232365061096983,5,2
2026-05-06 05:15:00,81278.8,81320.39,81251.63,81290.51,26.98465,0.0,14.457589999999948,-14.457589999999948,-8916.464419999984,0.0,0.00014407200893695737,0.00014406163156179203,40.70237597596069,-30.372252395900432,0.6137241692331443,81233.79859972138,81448.65100000001,81663.50340027864,-0.005275775538102623,94.20006756304171,81348.25497367927,81397.54734800714,81373.81601885209,81368.58439999995,10.342427811121697,5,2
2026-05-06 05:20:00,81290.51,81293.77,81230.01,81259.23,26.71898,0.0,18.236569999999926,-18.236569999999926,-8934.700989999983,0.0,-0.00038479276363256876,-0.0003848668153650305,38.629407654426544,-36.86890600361221,-6.882801865335927,81209.2074697084,81434.43350000001,81659.65953029162,-0.0055314691982626995,92.02577702282511,81330.44997894342,81384.97304364285,81369.32244948533,81368.34214999995,9.178394410922136,5,2
2026-05-06 05:25:00,81259.23,81283.59,81247.37,81259.77,22.05738,0.0,20.81235999999996,-20.81235999999996,-8955.513349999983,0.0,6.6453989289172455e-06,6.645376848351606e-06,38.687461888177644,-41.49564138283313,-13.805369768835368,81188.44336594403,81420.422,81652.40063405599,-0.00569829112543731,88.0396500926234,81316.31398315473,81373.59094876623,81365.02627499572,81368.44829999996,9.506883546064683,5,2
2026-05-06 05:30:00,81259.77,81259.77,81200.45,81216.7,26.90271,0.0,18.07336999999995,-18.07336999999995,-8973.586719999983,0.0,-0.0005300285737949162,-0.000530169088592868,35.78021246782859,-48.083475182706024,-20.660990851609498,81162.99032431692,81404.25700000001,81645.5236756831,-0.005927618151052902,85.98824651457937,81296.39118652379,81359.32813524203,81359.20955832922,81367.93699999995,7.144756268715159,5,2
2026-05-06 05:35:00,81216.7,81216.71,81060.0,81067.73,159.01157,0.0,41.16118000000005,-41.16118000000005,-9014.747899999982,0.0,-0.0018342286746445557,-0.001835912931917104,27.955224650353607,-64.58057032297074,-29.444906745881745,81110.37687824546,81378.55900000001,81646.74112175456,-0.0065909774036316164,91.03980033496701,81250.65894921903,81332.81921385639,81347.77898741435,81366.87859999995,5.148404916469149,5,2
2026-05-06 05:40:00,81067.72,81176.2,81067.72,81166.04,48.30768,0.0,15.526339999999871,-15.526339999999871,-9030.274239999982,0.0,0.0012126896855257918,0.0012119549713160095,37.646581498355225,-68.92729078531556,-37.34138355376851,81089.19306999439,81358.77050000001,81628.34793000564,-0.006626880626363984,92.28552888246908,81233.73515937522,81317.65746714217,81340.65196830007,81365.34144999993,10.333391174227815,5,2
2026-05-06 05:45:00,81166.04,81259.21,81166.03,81243.52,45.5279,0.0,29.29537999999986,-29.29537999999986,-9059.569619999982,0.0,0.00095458642555446,0.0009541310976760361,44.03608062645329,-65.36660407306044,-42.9464276576269,81084.13271393391,81343.59650000001,81603.06028606612,-0.006379452033845154,92.34941967657896,81235.69212750018,81310.91769740198,81336.84287150399,81363.62044999993,22.731200061168597,5,2
2026-05-06 05:50:00,81243.52,81278.79,81224.0,81230.31,15.3948,0.0,9.824090000000032,-9.824090000000032,-9069.393709999982,0.0,-0.0001625975831672788,-0.00016261080358739638,43.222842446954246,-62.88576287032629,-46.934294700166774,81090.21342235807,81324.9995,81559.78557764195,-0.005774019774619001,89.66660398539429,81234.61570200014,81303.5897249109,81332.66511183717,81361.66199999994,35.16228925335446,5,2
2026-05-06 05:55:00,81230.32,81333.15,81230.31,81333.0,68.8115,0.0,13.24377999999998,-13.24377999999998,-9082.637489999983,0.0,0.0012641832833089062,0.0012633848764395789,50.82540364312608,-52.03364212322049,-47.95416418477752,81106.2614015617,81313.29200000002,81520.32259843833,-0.005092171116090485,90.60756084358016,81254.29256160012,81306.26338628263,81332.6782447063,81360.57179999995,47.92827923691584,5,2
2026-05-06 06:00:00,81333.0,81396.97,81317.25,81377.62,108.3976,0.0,60.88681000000012,-60.88681000000012,-9143.524299999983,0.0,0.000548608805773787,0.0005484583749788254,53.724882233116055,-39.37886214046739,-46.239103775915495,81118.13917923304,81306.49100000001,81494.84282076698,-0.004633131216226499,89.82987792618167,81278.95804928009,81312.75035116603,81334.44066648252,81359.70979999994,65.31530535065713,6,2
2026-05-06 06:05:00,81377.62,81393.23,81290.17,81290.17,23.00915,0.0,14.151299999999983,-14.151299999999983,-9157.675599999982,0.0,-0.0010746197787548928,-0.001075197596582741,47.77881996242196,-35.9914548931265,-44.1895739993577,81120.00152141051,81299.4075,81478.8134785895,-0.004413463372152948,90.77488664573995,81281.20043942406,81310.69759196912,81332.70456191458,81358.85929999994,75.06176441721048,6,2
2026-05-06 06:10:00,81290.18,81290.18,81222.6,81263.04,35.53563,0.0,18.49649999999991,-18.49649999999991,-9176.172099999982,0.0,-0.0003337426899218121,-0.0003337983944076716,46.07511241353562,-35.09156084015558,-42.36997136751727,81117.89815739263,81293.13850000002,81468.3788426074,-0.004311319401388026,89.11810902818618,81277.56835153924,81306.36508360828,81329.97261831009,81357.78294999994,74.27268500657655,6,2
2026-05-06 06:15:00,81263.04,81270.0,81211.34,81269.99,30.83852,0.0,16.640189999999997,-16.640189999999997,-9192.812289999982,0.0,8.552473547651651e-05,8.552107844483697e-05,46.60042418128306,-33.43219586031046,-40.58241626607591,81116.17023771936,81288.26500000001,81460.35976228067,-0.004234184658281391,86.94252981188743,81276.05268123139,81303.05825782572,81327.62035876852,81357.35479999994,63.62584206309101,6,2
2026-05-06 06:20:00,81270.0,81321.96,81255.84,81321.96,31.83163,0.0,25.611299999999893,-25.611299999999893,-9218.423589999982,0.0,0.0006394734390886558,0.0006392690630730534,50.48478152734896,-27.605374911872786,-37.98700799523529,81119.02599572376,81284.44900000001,81449.87200427626,-0.004070225149124161,85.45520625389618,81285.23414498511,81304.77659802338,81327.39838391484,81356.89409999995,66.77053347973622,6,2
2026-05-06 06:25:00,81321.96,81393.23,81282.23,81372.27,24.25023,0.0,12.416399999999939,-12.416399999999939,-9230.839989999982,0.0,0.0006186520836437559,0.0006184607973325082,53.97506601769418,-18.712277303697192,-34.13206185692767,81134.5746074375,81278.86300000001,81423.15139256252,-0.0035504530264530514,87.27983437861789,81302.64131598809,81310.91236183944,81329.15805513387,81355.58489999994,77.57564966218668,6,2
2026-05-06 06:30:00,81372.27,81416.96,81342.26,81361.55,61.49898,0.0,39.95612000000009,-39.95612000000009,-9270.796109999983,0.0,-0.0001317402107622323,-0.0001317488892660118,53.11591025455507,-12.386662057368085,-29.782981897015752,81134.7375609912,81278.74050000001,81422.74343900883,-0.0035434343131539197,86.38127478014601,81314.42305279047,81315.5157834904,81330.42832748157,81355.51509999995,84.96236037378192,6,2
2026-05-06 06:35:00,81361.54,81466.06,81361.54,81414.45,30.66291,0.0,17.654589999999974,-17.654589999999974,-9288.450699999983,0.0,0.0006501842700881166,0.0006499729918704705,56.77256348569093,-3.0695941343874438,-24.44030434449009,81128.62746185182,81282.90800000001,81437.1885381482,-0.0037961372678297503,87.67689801013589,81334.42844223238,81324.50980317309,81333.7232950313,81355.93734999995,88.14575954351126,6,2
2026-05-06 06:40:00,81414.45,81472.74,81386.66,81472.73,35.39534,0.0,11.633869999999968,-11.633869999999968,-9300.084569999983,0.0,0.0007158434405685199,0.0007155873468608634,60.433826234668885,8.914200895131216,-17.76940329656583,81115.88095401204,81289.27,81462.65904598797,-0.004265976210340237,87.56283386655488,81362.08875378591,81337.98436652099,81339.17453836341,81356.15469999996,90.58829505907484,6,2
2026-05-06 06:45:00,81472.74,81516.9,81463.58,81515.5,36.97945,0.0,21.210209999999933,-21.210209999999933,-9321.294779999982,0.0,0.0005249609286446244,0.0005248231848609508,62.91616176663069,21.613479611754883,-9.892826714901688,81100.72277253369,81300.2445,81499.76622746632,-0.0049082688174773076,85.11691716180042,81392.77100302873,81354.12215138272,81346.08926234917,81357.39219999994,95.65865125480063,6,2
2026-05-06 06:50:00,81515.5,81515.51,81458.52,81487.07,34.23629,0.0,22.016289999999987,-22.016289999999987,-9343.311069999982,0.0,-0.00034876802571282006,-0.00034882885942568034,60.211945728817106,29.048829265972017,-2.104495518726946,81095.56747029145,81310.65800000001,81525.74852970857,-0.005290586375738234,83.10785165024257,81411.63080242298,81366.20831943884,81351.61791872763,81359.30714999995,97.06139127408609,6,2
2026-05-06 06:55:00,81487.07,81501.27,81454.01,81476.71,71.49967,0.0,47.46021000000017,-47.46021000000017,-9390.77127999998,0.0,-0.00012713673469910702,-0.00012714481725882942,59.21317661612957,33.716766125915456,5.059756810201535,81093.36107925532,81319.96800000001,81546.5749207447,-0.005573217164686669,80.54729081808306,81424.64664193838,81376.25392676258,81356.52349054223,81361.48069999996,92.67789902028426,6,2
2026-05-06 07:00:00,81476.71,81543.42,81460.0,81460.01,44.43259,0.0,15.147639999999894,-15.147639999999894,-9405.91891999998,0.0,-0.00020496654810941983,-0.00020498755662308585,57.55583068248144,35.65755123128474,11.179315694418177,81097.34393489543,81330.00700000001,81562.6700651046,-0.005721456905926129,80.752484331077,81431.7193135507,81383.86811523871,81360.58178503076,81362.57609999996,84.40931151337608,7,2
2026-05-06 07:05:00,81460.01,81568.95,81460.01,81568.94,27.37109,0.0,10.109689999999985,-10.109689999999985,-9416.02860999998,0.0,0.001337220557670049,0.0013363272745158424,64.529721193554,45.46132815165038,18.035718185864617,81093.2604456294,81345.4655,81597.6705543706,-0.006200838677863343,82.7658783074288,81459.16345084056,81400.6928320352,81368.75269542172,81363.37564999996,87.24228749436328,7,2
2026-05-06 07:10:00,81568.94,81611.0,81458.34,81458.34,123.19975,0.0,34.40986000000004,-34.40986000000004,-9450.43846999998,0.0,-0.0013559082660631327,-0.0013568283414620572,54.702004393369045,43.80148011886922,23.18887057246554,81108.03695854761,81357.54750000002,81607.05804145242,-0.00613367902842451,87.75831557118416,81458.99876067245,81405.93348366837,81372.26592305224,81363.70839999996,78.8940980765342,7,2
2026-05-06 07:15:00,81458.35,81504.81,81453.45,81503.1,32.94638,0.0,13.31067999999996,-13.31067999999996,-9463.74914999998,0.0,0.0005494833309886982,0.000549332420302588,57.52156227557988,45.57246550494165,27.66558955896076,81160.68775545068,81379.31600000002,81597.94424454936,-0.005373066653677492,85.15843588752819,81467.81900853796,81414.76680333489,81377.39667116784,81365.15394999996,78.26726251797658,7,2
2026-05-06 07:20:00,81503.11,81594.75,81490.56,81525.17,24.71079,0.0,12.386419999999852,-12.386419999999852,-9476.13556999998,0.0,0.00027078724612916716,0.0002707505898800479,58.880643090060346,48.201215132154175,31.772714673599445,81193.15020043109,81397.2725,81601.39479956892,-0.0050154579705091904,86.51783332413348,81479.28920683036,81424.80345757717,81383.19170367107,81366.55544999996,71.10960983502655,7,2
2026-05-06 07:25:00,81525.18,81596.15,81525.17,81553.78,24.44582,0.0,14.766819999999942,-14.766819999999942,-9490.902389999981,0.0,0.00035093456413526347,0.00035087300100377706,60.638752150737886,51.993754411218106,35.816922621123176,81210.61167932804,81412.78550000001,81614.95932067199,-0.00496663563174545,85.40798808669508,81494.18736546428,81436.52859779743,81389.881440782,81368.28434999996,78.47174960374937,7,2
2026-05-06 07:30:00,81553.78,81553.78,81442.56,81442.56,51.93849,0.0,23.844089999999973,-23.844089999999973,-9514.746479999982,0.0,-0.0013637626606639586,-0.0013646934312909955,51.43242837332779,45.50034496419539,37.75360708973762,81239.16554986147,81423.39800000002,81607.63045013856,-0.004525295054341619,87.2517032233598,81483.86189237142,81437.07690708857,81391.9472666337,81368.69714999996,70.39327067534991,7,2
2026-05-06 07:35:00,81442.56,81459.99,81422.17,81459.99,34.22382,0.0,18.690689999999968,-18.690689999999968,-9533.437169999981,0.0,0.0002140158659060809,0.00021399296777763473,52.64579955725599,41.284820810949896,38.45984983398007,81249.70926434884,81429.74750000001,81609.78573565118,-0.004421927887008837,83.72086727883459,81479.08751389715,81439.15991553507,81394.61560911864,81369.31414999996,58.821236038527125,7,2
2026-05-06 07:40:00,81459.98,81459.99,81400.0,81412.5,41.33636,0.0,14.575259999999936,-14.575259999999936,-9548.01242999998,0.0,-0.0005829855859300626,-0.0005831555881025186,49.050152039373614,33.72320136541384,37.51252014026683,81252.83641286391,81431.4915,81610.1465871361,-0.0043878623329918,82.02580533034678,81465.77001111771,81436.73628685006,81395.31695778065,81369.32669999996,37.66762713551494,7,2
2026-05-06 07:45:00,81412.5,81461.26,81385.0,81426.65,55.69168,0.0,13.944939999999933,-13.944939999999933,-9561.95736999998,0.0,0.00017380623368645765,0.00017379113113294347,50.142799911640246,28.543320587676135,35.71868022974869,81271.75708079412,81438.3155,81604.87391920587,-0.004090419065848043,81.61396209246449,81457.94600889417,81435.81935168187,81396.54570453435,81369.48809999997,27.555156662526525,7,2
2026-05-06 07:50:00,81426.65,81426.66,81340.0,81349.86,59.88208,0.0,26.476779999999952,-26.476779999999952,-9588.43414999998,0.0,-0.0009430573405634357,-0.0009435022989067148,44.55813353547825,18.034031424642308,32.181750468727415,81290.71274464039,81442.65650000001,81594.60025535963,-0.003731306464926563,81.97439337157441,81436.32880711534,81428.00486516533,81394.71489259183,81368.41309999996,14.165234891014942,7,2
2026-05-06 07:55:00,81349.85,81393.16,81307.81,81359.82,88.56448,0.0,21.978079999999977,-21.978079999999977,-9610.41222999998,0.0,0.00012243413817802917,0.0001224266437306447,45.40743429545452,10.389271750755142,27.823254725132962,81311.44301260072,81447.14800000002,81582.85298739931,-0.0033323447347547294,82.21550813074808,81421.02704569227,81421.8062410594,81393.34646543137,81367.45669999997,13.073946542907429,7,2
2026-05-06 08:00:00,81359.82,81511.21,81328.68,81509.39,43.98262,0.0,18.84562,-18.84562,-9629.25784999998,0.0,0.0018383767319052335,0.0018366889855601922,56.24678922945433,16.21290138801851,25.50118405771007,81331.20010883329,81456.51950000001,81581.83889116673,-0.0030769640523793445,89.38082897855274,81438.69963655382,81429.76840096309,81397.8971922772,81366.89279999997,29.092999258764223,8,2
2026-05-06 08:05:00,81509.4,81620.92,81509.39,81546.01,133.3542,0.0,10.518699999999981,-10.518699999999981,-9639.77654999998,0.0,0.0004492733904646329,0.00044917249739286026,58.42338408883842,23.5120653330232,25.103360312772697,81340.36576867185,81465.2065,81590.04723132815,-0.0030648846714247157,90.96291262294174,81460.16170924305,81440.33581905735,81403.70553767809,81366.57289999997,53.23870733843729,8,2
2026-05-06 08:10:00,81546.01,81608.57,81513.62,81547.5,67.70854,0.0,26.701199999999986,-26.701199999999986,-9666.47774999998,0.0,1.827189337655355e-05,1.827172644754317e-05,58.513816428498565,29.081700157927116,25.89902828180358,81354.3168783519,81474.504,81594.6911216481,-0.0029503001736124477,91.24770457844673,81477.62936739445,81450.07801732486,81409.34453620051,81366.28754999996,73.037744677524,8,2
2026-05-06 08:15:00,81547.51,81547.51,81514.03,81514.04,14.42769,0.0,10.026659999999993,-10.026659999999993,-9676.50440999998,0.0,-0.0004103130077562911,-0.0004103972091718699,55.58970863100099,30.444784990453627,26.80817962353359,81361.42806809237,81479.4835,81597.53893190763,-0.0028977952936491734,87.12143996570025,81484.91149391556,81455.8927430226,81413.45024066324,81365.86139999997,72.83063460125753,8,2
2026-05-06 08:20:00,81514.04,81579.95,81500.0,81563.8,16.15208,0.0,8.494540000000008,-8.494540000000008,-9684.99894999998,0.0,0.0006104469855745531,0.0006102607386055339,58.88065118058986,35.135238520320854,28.473591402891042,81360.47778329974,81484.03700000001,81607.59621670029,-0.003032722021376432,86.6091942538643,81500.68919513245,81465.7024936569,81419.34630965683,81365.55539999997,74.72453770240496,8,2
2026-05-06 08:25:00,81563.8,81570.0,81550.01,81570.0,12.7409,0.0,10.335809999999961,-10.335809999999961,-9695.33475999998,0.0,7.601411410451675e-05,7.601122517814372e-05,59.28548976205851,38.90428059050464,30.559729240413763,81358.2430483933,81486.76200000002,81615.28095160674,-0.0031543516628312817,81.85068037858865,81514.55135610596,81475.18408514264,81425.25429751343,81365.16359999997,77.11986202931882,8,2
2026-05-06 08:30:00,81570.0,81884.42,81569.0,81715.48,347.48549,0.0,20.252809999999958,-20.252809999999958,-9715.58756999998,0.0,0.001783498835356001,0.0017819102898071143,67.39681746843324,53.01912231967435,35.05160785626588,81335.52403763428,81498.18250000001,81660.84096236574,-0.003991707725892547,98.53420320868933,81554.73708488476,81497.02916831149,81436.63569761094,81365.94164999998,78.73190726536016,8,2
2026-05-06 08:35:00,81715.48,81836.67,81621.35,81663.62,125.58847,0.0,18.5093499999999,-18.5093499999999,-9734.09691999998,0.0,-0.0006346410741269182,-0.0006348425440186246,62.60842832052177,59.33657242292247,39.9086007695972,81330.07343812958,81507.528,81684.98256187043,-0.004354310975310863,106.87604583663956,81576.51366790781,81512.17378937408,81445.53704280267,81366.63379999998,72.04857721815253,8,2
2026-05-06 08:40:00,81663.61,81730.0,81652.0,81700.01,27.27935,0.0,14.796619999999917,-14.796619999999917,-9748.89353999998,0.0,0.0004456084606585531,0.00044550920669295775,64.51365038333653,66.51284731952182,45.22945007958212,81324.91969203761,81519.528,81714.1363079624,-0.0047745199889379425,104.81347113402246,81601.21293432625,81529.24980852188,81455.51637445747,81367.26754999998,66.80887717290074,8,2
2026-05-06 08:45:00,81700.01,81723.42,81640.0,81640.01,34.73074,0.0,15.50513999999989,-15.50513999999989,-9764.398679999978,0.0,-0.000734394034957897,-0.0007346638343579884,59.161086026023,66.5909789642028,49.50175585650626,81322.49047977054,81523.0815,81723.67252022946,-0.004921085330403309,103.28536605302074,81608.972347461,81539.31891683808,81462.7514185964,81368.04754999997,62.446020707236414,8,2
2026-05-06 08:50:00,81640.0,81950.0,81621.49,81920.76,320.20399,0.0,66.33272999999984,-66.33272999999984,-9830.731409999978,0.0,0.0034388775797553617,0.0034329781613008756,71.20134218990721,88.2893330566003,57.259271296525064,81283.73387265897,81546.2025,81808.67112734103,-0.006437298593788801,119.37283990637603,81671.32987796879,81573.99537894371,81480.71253943576,81370.40519999998,73.6925575714695,8,2
2026-05-06 08:55:00,81920.77,81986.0,81860.0,81945.66,209.76009,0.0,27.543699999999927,-27.543699999999927,-9858.275109999979,0.0,0.0003039522582555243,0.0003039060741261516,71.99008886055115,106.26964656994096,67.06134635120824,81254.52661129617,81568.3305,81882.13438870382,-0.0076942579743943,119.84620848449204,81726.19590237504,81607.78307176701,81498.94577318337,81372.70484999998,82.37041417844087,8,2
2026-05-06 09:00:00,81945.66,81966.0,81761.84,81817.94,99.2397,0.0,24.70932999999994,-24.70932999999994,-9882.984439999978,0.0,-0.0015585938291301504,-0.0015598097000223909,62.52994795888417,108.95724665510352,75.44052641198729,81251.75282801548,81582.969,81914.18517198451,-0.008119738127807462,125.86862216417144,81744.54472190003,81626.88824706092,81511.45535070558,81374.45444999998,88.23932619353606,9,2
2026-05-06 09:05:00,81817.93,81950.0,81776.52,81854.67,110.17335,0.0,18.18160999999999,-18.18160999999999,-9901.166049999978,0.0,0.00044892354904058074,0.0004488228130115287,63.99526375383001,112.75126670296595,82.90267447018303,81246.74054088845,81598.01349999999,81949.28645911152,-0.008609840951864225,129.26943486673034,81766.56977752002,81647.5956791463,81524.91474871713,81376.62784999998,83.09717800411634,9,2
2026-05-06 09:10:00,81854.67,81939.99,81815.2,81815.2,34.44273,0.0,15.118879999999933,-15.118879999999933,-9916.284929999978,0.0,-0.0004821960677381387,-0.000482312361647823,61.224478237237314,111.29027082362154,88.58019374087073,81260.82964434731,81616.64549999998,81972.46135565266,-0.008719198233960156,128.94947523339303,81776.29582201602,81662.83243558754,81536.29848406155,81379.41449999997,73.36522890074632,9,2
2026-05-06 09:15:00,81815.21,81865.6,81815.2,81830.47,25.60607,0.0,16.243979999999922,-16.243979999999922,-9932.528909999977,0.0,0.00018664013532943002,0.00018662272022624323,61.91155445807783,110.09547039594327,92.88324907188523,81275.35237554848,81635.16949999999,81994.9866244515,-0.008815247806927396,123.33879843100843,81787.13065761281,81678.07221417049,81547.8346219415,81382.89684999998,70.95809842468746,9,2
2026-05-06 09:20:00,81830.47,81830.47,81682.7,81718.97,59.02082,0.0,15.52587999999995,-15.52587999999995,-9948.054789999976,0.0,-0.0013625731344326653,-0.0013635022813223035,54.339963806494275,99.01013706489175,94.10862667048653,81304.0578863694,81650.49299999999,81996.92811363058,-0.008485805802313827,125.08388425736527,81773.49852609025,81681.79019470044,81554.54581323791,81386.11274999999,59.303155006858496,9,2
2026-05-06 09:25:00,81718.97,81765.81,81695.49,81765.8,32.59566,0.0,18.461620000000007,-18.461620000000007,-9966.516409999977,0.0,0.0005730615547405726,0.0005728974176719139,56.733297157274066,92.93245269368344,93.87339187512592,81333.52676042702,81667.45049999999,82001.37423957296,-0.008177645745730055,121.17217823898149,81771.9588208722,81689.42744972768,81562.83029115015,81389.04174999999,55.91495198902624,9,2
2026-05-06 09:30:00,81765.8,81997.0,81760.0,81929.15,146.08994,0.0,20.85750999999994,-20.85750999999994,-9987.373919999976,0.0,0.0019977790225251812,0.0019957861158304713,63.8510416377038,100.14244411003892,95.12720232210852,81377.55158827688,81696.41499999998,82015.27841172308,-0.00780605640340761,129.44559407905425,81803.39705669775,81711.22040884335,81577.19576992857,81392.37769999998,61.522534360376596,9,2
2026-05-06 09:35:00,81929.16,82010.0,81895.77,82009.99,219.82929,0.0,17.00261999999995,-17.00261999999995,-10004.376539999976,0.0,0.0009867061967567814,0.0009862197221761125,66.76495548060896,111.098848278285,98.32153151334381,81421.59097264937,81728.92349999998,82036.25602735058,-0.0075207775702711985,128.35876593055008,81844.7156453582,81738.38128076668,81594.16809267647,81395.99889999999,79.83659331729301,9,2
2026-05-06 09:40:00,82010.0,82060.0,82000.0,82014.77,108.71011,0.0,20.45952999999998,-20.45952999999998,-10024.836069999976,0.0,5.8285582037020944e-05,5.8283883498484134e-05,66.9346781868923,118.79815241832694,102.41685569434044,81440.18319168132,81754.19249999998,82068.20180831863,-0.007681790956926185,123.47599693551079,81878.72651628657,81763.50752796972,81610.66228512053,81399.35019999999,91.50241329713207,9,2
2026-05-06 09:45:00,82014.78,82014.78,81767.72,81894.4,145.85844,0.0,49.25173000000024,-49.25173000000024,-10074.087799999976,0.0,-0.001467662471040354,-0.001468740542563994,58.79249907870433,113.87438042073336,104.70836063961903,81467.22453683236,81771.61199999998,82075.9994631676,-0.007444819925223326,132.3034257258313,81881.86121302925,81775.40684360884,81621.7892543315,81402.66584999999,83.97410109366061,9,2
2026-05-06 09:50:00,81894.4,81959.0,81841.9,81955.21,52.29718,0.0,23.682049999999943,-23.682049999999943,-10097.769849999975,0.0,0.0007425416145672159,0.0007422660669378178,61.35035681990843,113.5699507311947,106.48067865793416,81495.87951555128,81791.99749999997,82088.11548444866,-0.007240756883304889,131.21746674541518,81896.5309704234,81791.75258509895,81634.86457769104,81405.78194999999,76.00924613310592,9,2
2026-05-06 09:55:00,81955.22,81997.0,81953.23,81997.0,62.87021,0.0,19.10075999999998,-19.10075999999998,-10116.870609999974,0.0,0.000509912670591639,0.0005097827093032191,63.04790170181322,115.37086820257537,108.2587165668624,81536.31253600259,81816.14549999997,82095.97846399735,-0.006840531591588652,124.97121912074296,81916.62477633872,81810.41144099904,81649.0659668012,81408.7879,74.6573624318711,9,2
2026-05-06 10:00:00,81997.0,82058.0,81975.59,82038.01,82.2674,0.0,22.679399999999944,-22.679399999999944,-10139.550009999974,0.0,0.0005001402490334428,0.0005000152205851937,64.68702695459115,118.73852869209077,110.35467899190807,81569.36227087791,81839.85599999997,82110.34972912203,-0.006610317816836235,121.93113204069014,81940.90182107098,81831.10221909004,81664.31867398546,81412.17794999998,85.30269367529,10,2
2026-05-06 10:05:00,82038.0,82038.0,81953.25,82018.5,57.29616,0.0,24.430839999999925,-24.430839999999925,-10163.980849999973,0.0,-0.00023781659257693377,-0.00023784487542696244,63.24960900005263,118.46751023011166,111.9772452395488,81611.33555056661,81862.28099999997,82113.22644943334,-0.006130917593985985,119.27605118064048,81956.42145685678,81848.13838099095,81678.20813775073,81415.17974999998,89.60190286815775,10,2
2026-05-06 10:10:00,82018.51,82131.0,82018.51,82042.78,114.67228,0.0,23.102909999999973,-23.102909999999973,-10187.083759999972,0.0,0.0002960307735448975,0.0002959869650810104,64.31242719801175,118.84198282849684,113.3501927573384,81625.44995585507,81878.64599999998,82131.84204414488,-0.006184666125155627,118.79204752488045,81973.69316548543,81865.83307362814,81692.50507352522,81418.73989999999,87.8312517390297,10,2
2026-05-06 10:15:00,82042.79,82135.49,82004.95,82132.4,68.2547,0.0,15.395749999999966,-15.395749999999966,-10202.479509999972,0.0,0.0010923569386604992,0.001091760750946804,67.99199313629035,124.93022223946173,115.66619865376308,81646.07392159886,81902.08499999996,82158.09607840107,-0.006251637632939504,119.63118698738957,82005.43453238835,81890.06643057104,81709.7558549556,81422.93454999998,89.54652434340176,10,2
2026-05-06 10:20:00,82132.4,82206.97,82104.25,82174.0,195.62012,0.0,30.45942000000001,-30.45942000000001,-10232.938929999971,0.0,0.0005064992621670594,0.0005063710347120188,69.56085636065718,131.59502266411437,118.85196345583333,81661.36873007922,81925.78449999997,82190.20026992071,-0.0064550073346137495,118.42324505971897,82039.14762591067,81915.8785732464,81727.96150770244,81427.28344999997,91.11667785255842,10,2
2026-05-06 10:25:00,82174.93,82243.2,82112.29,82191.51,163.71747,0.0,29.344259999999974,-29.344259999999974,-10262.283189999971,0.0,0.00021308443059853133,0.00021306173133576532,70.22245237181237,136.71388313740317,122.4243473921473,81699.07074251653,81953.35949999996,82207.6482574834,-0.006205694532472006,119.31515612688214,82069.62010072854,81940.93597567854,81746.1398799494,81431.74094999998,94.60223232672773,10,2
2026-05-06 10:30:00,82191.51,82292.65,82162.51,82226.64,120.07891,0.0,27.345980000000047,-27.345980000000047,-10289.629169999971,0.0,0.00042741640833710015,0.0004273250919631934,71.55811128898523,141.96878654939064,126.33323522359596,81688.56235893647,81968.65349999996,82248.74464106344,-0.0068341037482941526,120.08835926067624,82101.02408058284,81966.90906879868,81764.98302191218,81436.42409999999,91.14504788854693,10,2
2026-05-06 10:35:00,82226.64,82294.45,82207.65,82247.22,152.85918,0.0,51.221120000000084,-51.221120000000084,-10340.850289999971,0.0,0.000250283849613675,0.0002502525338360996,72.34081592922831,146.1097076094884,130.28852970077446,81678.8449936825,81983.73149999997,82288.61800631743,-0.007437731870437246,117.71061931348528,82130.26326446627,81992.39188072606,81783.89427595484,81441.30719999998,90.29558857989706,10,2
2026-05-06 10:40:00,82247.23,82298.2,82216.39,82250.01,68.88625,0.0,17.138730000000002,-17.138730000000002,-10357.989019999972,0.0,3.3922119191398536e-05,3.39215438493245e-05,72.45149894031643,147.91151519093546,133.81312679880665,81689.46727372565,82005.33499999996,82321.20272627428,-0.007703589681679004,115.14628936252188,82154.212611573,82015.81170975097,81802.17332395661,81445.89354999998,90.34155441235491,10,2
2026-05-06 10:45:00,82250.0,82284.75,82137.77,82169.66,67.01093,0.0,28.144379999999952,-28.144379999999952,-10386.133399999972,0.0,-0.0009768995772765354,-0.000977377054658874,64.45230189807015,141.2278998750844,135.2960814140622,81705.42521187654,82021.08449999997,82336.7437881234,-0.007697027905633819,117.42012583662718,82157.3020892584,82029.79791795542,81816.58456615439,81449.79924999998,85.94925562725145,10,2
2026-05-06 10:50:00,82169.66,82390.0,82151.26,82346.72,140.8597,0.0,17.65111999999997,-17.65111999999997,-10403.784519999972,0.0,0.002154809938364144,0.0021524916651237272,71.83248068383948,148.50645881707896,137.93815689466555,81716.68367093067,82047.66049999997,82378.63732906927,-0.008067916307480891,126.08583113401133,82195.18567140673,82058.60901632311,81837.37419101108,81453.72249999999,86.57660689968704,10,2
2026-05-06 10:55:00,82346.72,82355.59,82280.03,82290.04,71.32781,0.0,25.44360999999999,-25.44360999999999,-10429.228129999972,0.0,-0.0006883091396961971,-0.0006885461331881896,67.03460986166182,147.99517070819275,139.949559657371,81739.35537940206,82070.63899999997,82401.92262059788,-0.00807313369639808,122.47684319586749,82214.15653712538,82079.64819665738,81855.1257913636,81457.81504999999,83.5254994711126,10,2
2026-05-06 11:00:00,82290.03,82428.0,82261.6,82407.41,81.68102,0.0,13.59089999999993,-13.59089999999993,-10442.819029999971,0.0,0.0014262965481608436,0.001425280353387833,71.30823904490285,155.27088320739858,143.01382436737651,81784.19020805325,82105.06099999996,82425.93179194667,-0.007816102638221354,125.6142115390194,82252.80722970031,82109.44472423398,81876.78399562385,81462.67589999999,90.1568489550744,11,2
2026-05-06 11:05:00,82407.4,82484.21,82407.4,82456.4,89.43216,0.0,25.40072999999996,-25.40072999999996,-10468.21975999997,0.0,0.0005944853745554202,0.0005943087381268553,72.88815060927732,163.10979319160106,147.03301813222143,81823.58942582559,82139.59099999996,82455.59257417433,-0.0076942573082539505,122.12819642909031,82293.52578376024,82140.98611293998,81899.51403501115,81467.661,90.7293108783961,11,2
2026-05-06 11:10:00,82456.4,82465.92,82381.0,82417.55,52.78224,0.0,28.217489999999962,-28.217489999999962,-10496.43724999997,0.0,-0.00047115809082121096,-0.00047126912067092845,69.61441919920215,164.2934429719171,150.48510310016056,81841.41712604358,82164.01099999997,82486.60487395636,-0.007852437339174845,119.47046811272659,82318.3306270082,82166.12828449089,81919.82917089306,81472.32555,92.62362082586172,11,2
2026-05-06 11:15:00,82417.55,82610.0,82412.15,82528.93,212.26031,0.0,39.874970000000054,-39.874970000000054,-10536.31221999997,0.0,0.0013514111982215748,0.00135049886397488,73.31488254510913,172.23352820752189,154.8347881216328,81838.87040137083,82189.95799999996,82541.04559862908,-0.008543321037568151,125.0690061046751,82360.45050160655,82199.11025862808,81943.71547791686,81477.70454999998,89.6029355360702,11,2
2026-05-06 11:20:00,82528.92,82850.0,82528.92,82761.29,344.18564,0.0,31.152720000000077,-31.152720000000077,-10567.46493999997,0.0,0.0028154975473448918,0.0028115414579590356,79.04760664814144,195.02745791396592,162.87332208009943,81806.76590932113,82227.28399999996,82647.80209067879,-0.010228188752502886,139.0697913829127,82440.61840128525,82250.2175078437,81975.77722388091,81483.92479999998,87.84962853469477,11,2
2026-05-06 11:25:00,82761.29,82807.91,82636.72,82684.01,148.81039,0.0,19.67727999999994,-19.67727999999994,-10587.14221999997,0.0,-0.0009337698820305329,-0.0009342061167098384,73.39983130338375,204.49862839150592,171.19838334238074,81830.69340329563,82266.76449999996,82702.83559670429,-0.010601391688482585,141.36409199841913,82489.2967210282,82289.65318894881,82003.55105823852,81489.68374999997,84.6151247514917,11,2
2026-05-06 11:30:00,82684.0,82716.55,82640.6,82698.28,77.3925,0.0,21.437299999999908,-21.437299999999908,-10608.57951999997,0.0,0.00017258475973780385,0.00017256986870144297,73.77246972198085,210.72693998056639,179.10409467001787,81853.95760709561,82303.91799999998,82753.87839290434,-0.010934118419596165,136.6916568556747,82531.09337682255,82326.80108086255,82030.79533046446,81495.71209999998,82.22597323278929,11,2
2026-05-06 11:35:00,82698.28,82770.4,82698.28,82715.21,75.12659,0.0,25.00062999999991,-25.00062999999991,-10633.58014999997,0.0,0.00020472009816896453,0.00020469914586918983,74.23365321378668,214.55576598360494,186.1944289327353,81879.06978955746,82339.82849999997,82800.58721044249,-0.011191636388762177,132.07939565169758,82567.91670145805,82362.11098260232,82057.63512142665,81501.71314999998,79.41681901650979,11,2
2026-05-06 11:40:00,82715.2,82747.27,82500.0,82501.85,134.41347,0.0,29.999979999999923,-29.999979999999923,-10663.580129999971,0.0,-0.0025794530413451033,-0.0025827855622957644,59.93121271008817,198.09030754173,188.57360465453422,81918.97272588403,82363.02049999997,82807.06827411591,-0.010782697657765995,140.3072959622909,82554.70336116644,82374.81452963848,82075.05531274325,81506.82239999998,70.54230165672205,11,2
2026-05-06 11:45:00,82501.85,82586.78,82482.72,82531.25,106.61446,0.0,55.58318000000025,-55.58318000000025,-10719.16330999997,0.0,0.0003563556453580752,0.00035629216576551223,61.044973267849855,185.27787933179934,187.91445958998725,81968.57389172206,82388.65799999997,82808.74210827787,-0.010197619878161096,137.71820339355568,82550.01268893314,82389.03593603498,82092.94530047881,81512.10379999997,62.47981691307603,11,2
2026-05-06 11:50:00,82531.25,82587.26,82528.91,82551.69,51.97293,0.0,14.710019999999952,-14.710019999999952,-10733.873329999971,0.0,0.0002476637637258694,0.0002476331001186764,61.839158528224324,174.75876458805578,185.28332058960095,82020.05993315853,82414.10349999997,82808.14706684141,-0.009562527531260304,132.04904600830108,82550.34815114652,82403.82266912272,82110.93528869533,81517.52579999997,54.82685836504121,11,2
2026-05-06 11:55:00,82551.7,82559.95,82506.0,82522.89,61.26158,0.0,42.942259999999955,-42.942259999999955,-10776.815589999971,0.0,-0.00034887232472169405,-0.00034893319482884793,59.98354833948628,162.22830415249337,180.67231730217944,82059.14030152606,82433.62799999997,82808.11569847388,-0.009085799268082912,126.47054272199365,82544.85652091722,82414.64697192975,82127.09037541316,81522.37779999997,55.5159969654,11,2
2026-05-06 12:00:00,82522.88,82539.33,82368.3,82368.3,82.22727,0.0,25.87555000000002,-25.87555000000002,-10802.691139999972,0.0,-0.0018732984266546238,-0.0018750552445245601,51.11686879201608,138.23027043057664,172.18390792785888,82086.64183480895,82443.34299999996,82800.04416519098,-0.008653243602482603,129.65336109899403,82509.54521673378,82410.43361084523,82136.54957637735,81526.42874999998,43.14523827948178,12,2
2026-05-06 12:05:00,82368.31,82408.6,82316.66,82353.71,79.42508,0.0,24.90646999999998,-24.90646999999998,-10827.597609999972,0.0,-0.00017713125073592906,-0.00017714694032869483,50.360253103697296,116.68924377745134,161.08497509777737,82111.01875406224,82451.45299999996,82791.88724593769,-0.008257810712874212,126.95954959192319,82478.37817338703,82405.2769189502,82145.06567142137,81530.50684999999,28.991324538258954,12,2
2026-05-06 12:10:00,82353.71,82385.03,82200.0,82200.47,87.07561,0.0,14.150769999999989,-14.150769999999989,-10841.748379999972,0.0,-0.0018607540571032866,-0.0018624874104971251,43.13800091304134,86.25830558736925,146.11964119569575,82106.08208795491,82450.14449999997,82794.20691204502,-0.00834595049242278,131.10743890678575,82422.79653870962,82386.65810813654,82147.23839018916,81533.55669999999,11.286848995101757,12,2
2026-05-06 12:15:00,82200.47,82336.12,82184.21,82271.16,108.19372,0.0,11.904679999999903,-11.904679999999903,-10853.653059999971,0.0,0.0008599707519920674,0.0008596011890053227,46.919713549707275,67.07249013260298,130.31021098307718,82109.95516187434,82451.34149999997,82792.72783812559,-0.008280916523974894,132.59333612772883,82392.46923096769,82376.15828012413,82152.09806116213,81537.1375,9.595432651406535,12,2
2026-05-06 12:20:00,82271.15,82487.7,82271.15,82414.36,73.98284,0.0,14.683979999999936,-14.683979999999936,-10868.337039999971,0.0,0.0017405856438634792,0.0017390725801618731,53.645296425427624,62.699871299017104,116.78814304626516,82130.2549242393,82459.55899999998,82788.86307576066,-0.007987044310064273,138.59024069003414,82396.84738477416,82379.6311637492,82162.38284307734,81540.93844999999,15.899979342065194,12,2
2026-05-06 12:25:00,82414.37,82446.0,82382.59,82388.49,42.51918,0.0,19.01770999999988,-19.01770999999988,-10887.354749999971,0.0,-0.0003139016064676037,-0.0003139508838893195,52.35470005127117,56.49579818097118,104.72967407320637,82166.91495499498,82470.50049999998,82774.08604500498,-0.007362282104860038,133.2202234978891,82395.17590781933,82380.43651249928,82171.24979040764,81544.61709999999,26.10332587352327,12,2
2026-05-06 12:30:00,82388.48,82430.22,82356.79,82430.21,42.33292,0.0,22.286239999999953,-22.286239999999953,-10909.64098999997,0.0,0.0005063814132288957,0.0005062532454271003,54.265584722420925,54.31932154225069,94.64760356701524,82175.75223441316,82474.67499999997,82773.59776558679,-0.007248837672578069,128.9494932480404,82402.18272625546,82384.96137499934,82181.4050927446,81548.71644999999,34.89744786399863,12,2
2026-05-06 12:35:00,82430.21,82430.8,82322.06,82343.13,42.10273,0.0,14.352779999999974,-14.352779999999974,-10923.99376999997,0.0,-0.0010564088093431012,-0.0010569672024248837,49.77801897847524,45.048528488652664,84.72778855134273,82184.12405143183,82477.32949999996,82770.53494856809,-0.0071099646495739015,127.50595801603788,82390.37218100436,82381.15852272668,82187.7472459703,81552.40035,32.41168350222581,12,2
2026-05-06 12:40:00,82343.12,82347.71,82296.58,82347.7,46.87546,0.0,9.471149999999978,-9.471149999999978,-10933.46491999997,0.0,5.5499469111763844e-05,5.549792907320862e-05,50.01165379868813,37.63627149806416,75.30948514068702,82177.16258001732,82474.34399999997,82771.52541998262,-0.007206639193944914,122.05053244346406,82381.83774480349,82378.11683884243,82194.01990299107,81555.6286,31.480992568125505,12,2
2026-05-06 12:45:00,82347.71,82420.08,82310.94,82393.81,39.65596,0.0,22.81695999999999,-22.81695999999999,-10956.28187999997,0.0,0.0005599427792155609,0.000559786069753722,52.416902795267184,35.07833486444724,67.26325508543906,82172.03166475685,82471.21449999997,82770.39733524309,-0.007255448754016313,121.12835155464516,82384.2321958428,82379.54348985675,82201.85480875614,81559.31014999999,30.742033589073174,12,2
2026-05-06 12:50:00,82393.81,82424.72,82270.0,82304.81,63.59416,0.0,24.94473999999997,-24.94473999999997,-10981.22661999997,0.0,-0.0010801782318355935,-0.0010807620447944243,47.65102314592513,25.574785252756556,58.92556111890256,82158.42056676591,82465.57749999998,82772.73443323406,-0.0074493368638344475,123.52775501502774,82368.34775667424,82372.7495362334,82205.89226723628,81562.33415,31.679094304695074,12,2
2026-05-06 12:55:00,82304.81,82364.91,82164.61,82220.47,112.94317,0.0,16.366959999999946,-16.366959999999946,-10997.59357999997,0.0,-0.001024727473400322,-0.0010252528655508733,43.60493250816749,11.109556522758794,49.3623601996738,82126.7248548187,82450.15449999998,82773.58414518124,-0.00784545880217289,129.01148679966883,82338.7722053394,82358.90594203037,82206.46394303093,81565.3082,26.78787263915339,12,2
2026-05-06 13:00:00,82220.47,82220.47,82044.28,82091.14,134.37743,0.0,20.00909999999996,-20.00909999999996,-11017.602679999969,0.0,-0.0015729659536123375,-0.0015742043633792534,38.242519733981325,-10.66712759929942,37.356462639879155,82090.25314660708,82416.64699999997,82743.04085339286,-0.00792058073881333,132.38138059969265,82289.24576427152,82334.56358366397,82201.94143546109,81567.78995,17.4085541157484,13,2
2026-05-06 13:05:00,82091.15,82126.28,81840.0,82025.41,200.85376,0.0,26.33453999999996,-26.33453999999996,-11043.937219999969,0.0,-0.0008006954221856377,-0.0008010161499801385,35.83078268329178,-32.850488349067746,23.31507244208977,82039.46114861991,82383.71699999998,82727.97285138004,-0.008357376042648365,143.37413912828595,82236.47861141722,82306.4587124218,82195.01863407047,81570.14665000001,16.272111849290788,13,2
2026-05-06 13:10:00,82025.41,82166.66,82017.97,82109.73,82.3167,0.0,20.46979999999994,-20.46979999999994,-11064.40701999997,0.0,0.0010279741363072858,0.0010274461327132059,40.97338545918446,-43.12986798664497,10.026084356342823,82022.2172499923,82354.28949999997,82686.36175000764,-0.00806447975020576,143.7538434762657,82211.12888913378,82288.5742840198,82191.67398175398,81572.33855000001,25.748001939754506,13,2
2026-05-06 13:15:00,82109.72,82164.05,82023.21,82023.21,68.69794,0.0,20.609929999999967,-20.609929999999967,-11085.01694999997,0.0,-0.0010537119047887566,-0.0010542674494682192,37.640064077534554,-57.59388487662363,-3.4979094902504695,82001.32909914968,82319.68949999996,82638.04990085025,-0.007734732790756898,143.54571179938932,82173.54511130702,82264.45025819982,82185.06755109696,81574.30725000001,32.14768083863592,13,2
2026-05-06 13:20:00,82023.2,82088.73,81965.38,81994.65,53.37383,0.0,17.519439999999907,-17.519439999999907,-11102.53638999997,0.0,-0.00034819412700393126,-0.0003482547606542337,36.58210136072624,-70.54804187160335,-16.907935966521045,81957.76676856515,82294.32949999996,82630.89223143477,-0.008179487784387611,142.10316095657518,82137.76608904562,82239.92296199984,82177.60019615198,81575.99045000001,31.26910606762368,13,2
2026-05-06 13:25:00,81994.66,81999.45,81880.0,81952.97,80.85446,0.0,18.74559999999995,-18.74559999999995,-11121.28198999997,0.0,-0.0005083258480887975,-0.0005084550894723949,35.0344623894394,-83.21824416828167,-30.169997606873167,81916.11707229962,82265.41549999996,82614.7139277003,-0.008491987199659662,140.4850780311053,82100.80687123649,82213.83632909076,82168.79116885191,81577.76100000003,23.201585095980665,13,2
2026-05-06 13:30:00,81952.98,82059.89,81840.01,82003.81,94.62999,0.0,12.815119999999956,-12.815119999999956,-11134.09710999997,0.0,0.0006203557967452422,0.0006201634556304706,38.45471595134568,-88.14107224495092,-41.76421253448872,81896.98699103013,82238.02149999996,82579.05600896978,-0.008293840312532911,146.15614388602668,82081.4074969892,82194.74302644614,82162.32131909301,81579.64665000002,22.78328826398108,13,2
2026-05-06 13:35:00,82003.82,82024.56,81762.78,81862.01,79.07952,0.0,8.90609999999996,-8.90609999999996,-11143.00320999997,0.0,-0.0017291879487063566,-0.0017306847199020088,33.20397369466233,-102.30521307716845,-53.87241264302467,81852.86412376532,82204.97749999996,82557.09087623461,-0.008566716686581264,154.4149907513104,82037.52799759136,82164.4945694965,82150.54440461878,81580.72480000003,19.775805219267763,13,2
2026-05-06 13:40:00,81862.01,81937.57,81835.17,81912.3,58.14163,0.0,8.705529999999989,-8.705529999999989,-11151.70873999997,0.0,0.0006143264745148702,0.0006141378532522954,36.51478026278916,-108.22486514710181,-64.7429031438401,81816.52514362133,82182.17749999996,82547.8298563786,-0.008898580385720065,150.69963426907458,82012.48239807309,82141.56779045136,82141.2014867906,81581.86260000002,21.422754069963663,13,2
2026-05-06 13:45:00,81912.29,81921.26,81600.0,81728.1,206.15379,0.0,16.634569999999933,-16.634569999999933,-11168.34330999997,0.0,-0.0022487465252470917,-0.0022512787526517987,30.543187156628704,-126.32345448798151,-77.05901341266838,81744.52234221753,82150.89699999997,82557.2716577824,-0.009893371165075292,162.8825175355689,81955.60591845847,82103.97980950124,82125.00142848508,81582.23825000002,17.589817817758917,13,2
2026-05-06 13:50:00,81728.11,81735.6,81612.91,81735.6,111.65708,0.0,16.269459999999867,-16.269459999999867,-11184.612769999969,0.0,9.176770290753034e-05,9.17634925094656e-05,31.037713566093377,-138.46538682639948,-89.34028809541459,81683.82679453323,82127.65349999999,82571.48020546674,-0.010808215906637397,160.01162342588557,81911.60473476678,82070.49073591022,82109.73078423076,81582.95775000002,18.119017235830402,13,2
2026-05-06 13:55:00,81735.6,81791.8,81655.94,81670.89,77.76556,0.0,13.649759999999919,-13.649759999999919,-11198.262529999969,0.0,-0.000791699088279807,-0.000792012647510293,29.111792825716098,-151.56239493399335,-101.78470946313034,81617.02928472467,82097.63999999998,82578.2507152753,-0.011708271157984817,158.28650746689377,81863.46178781342,82034.16339628202,82092.52134171191,81583.51865000003,13.52337763119629,13,2
2026-05-06 14:00:00,81670.9,81695.25,81406.79,81406.79,263.13618,0.0,13.051399999999937,-13.051399999999937,-11211.31392999997,0.0,-0.0032337103220009267,-0.00323895006214131,22.87353114085812,-181.16418311020243,-117.66060419254475,81502.99399278365,82047.26149999998,82591.5290072163,-0.01326717058597564,167.5846140764018,81772.12743025074,81977.12945116547,82065.62991654674,81582.70465000001,8.345862838296654,14,2
2026-05-06 14:05:00,81406.8,81439.23,81136.0,81429.93,303.71617,0.0,33.416590000000014,-33.416590000000014,-11244.73051999997,0.0,0.0002842514733720769,0.00028421108157612355,24.402096541629543,-200.44599227263825,-134.21768180856344,81416.26317404547,81999.33349999998,82582.40382595449,-0.014221343054075233,177.27357021380138,81703.68794420059,81927.38404651407,82040.70050805471,81582.48005000001,11.899735563694081,14,2
2026-05-06 14:10:00,81429.93,81468.51,81273.1,81451.76,146.70641,0.0,25.493709999999986,-25.493709999999986,-11270.22422999997,0.0,0.00026808324654092885,0.0002680473186483582,25.894229989235434,-211.52711349936726,-149.6795681467242,81356.07624843891,81950.41099999998,82544.74575156104,-0.014504741204069518,178.56902948424334,81653.30235536047,81884.14549683097,82017.60480185649,81583.16115000001,19.246747172662843,14,2
2026-05-06 14:15:00,81451.77,81527.85,81313.71,81432.96,124.69679,0.0,20.202549999999963,-20.202549999999963,-11290.42677999997,0.0,-0.00023081146435621758,-0.00023083810542171113,25.428738729719324,-219.29805333798868,-163.6032651849771,81298.55675084474,81904.90249999997,82511.2482491552,-0.014806091714845166,181.10981309251162,81609.23388428838,81843.1286334827,81994.67755472487,81583.22560000002,28.850949010967273,14,2
2026-05-06 14:20:00,81432.96,81610.0,81406.73,81589.25,129.93752,0.0,12.527159999999956,-12.527159999999956,-11302.95393999997,0.0,0.0019192474398572745,0.0019174080376255617,35.766533686577574,-210.41969505384623,-172.96655115875092,81281.64584035658,81866.97999999997,82452.31415964336,-0.014299639723937283,182.69268358590395,81605.2371074307,81820.04875771154,81978.77843493174,81584.35960000003,34.512535825542535,14,2
2026-05-06 14:25:00,81589.26,81760.92,81578.95,81618.81,136.66478,0.0,27.22348999999997,-27.22348999999997,-11330.17742999997,0.0,0.0003623026317804978,0.00036223701603002795,37.53046875479287,-198.7077084203629,-178.1147826110733,81286.54971750281,81828.22999999997,82369.91028249712,-0.013239447620879813,182.64106332976803,81607.95168594456,81801.7543251923,81964.66202571873,81585.31780000003,41.19246837949035,14,2
2026-05-06 14:30:00,81618.81,81769.56,81606.14,81720.19,70.83696,0.0,12.33116999999991,-12.33116999999991,-11342.50859999997,0.0,0.0012421156348640938,0.001241344847444287,43.28309669858078,-179.17988175970095,-178.32780244079885,81302.10006455744,81798.99899999997,82295.8979354425,-0.012149266898547955,181.26813023478448,81630.39934875564,81794.33938653846,81955.07488745525,81586.45880000002,52.66545105449387,14,2
2026-05-06 14:35:00,81720.19,81791.8,81637.59,81745.22,99.28618,0.0,22.67816000000002,-22.67816000000002,-11365.18675999997,0.0,0.0003062890578202637,0.00030624216090255763,44.63859320630679,-159.84167133600567,-174.6305762198402,81317.30549884494,81775.23649999997,82233.167501155,-0.011199747521489008,179.33540664658605,81653.36347900452,81789.87398776223,81946.84528402564,81588.14935000004,59.9495937111084,14,2
2026-05-06 14:40:00,81745.23,81879.97,81675.85,81879.96,71.15483,0.0,23.45726999999999,-23.45726999999999,-11388.64402999997,0.0,0.001648292095856041,0.0016469351533265411,51.37551197348819,-132.120604236683,-166.12858182320878,81327.08267606933,81764.67749999996,82202.27232393059,-0.010703761998709798,181.10573474325815,81698.68278320362,81798.06362523838,81944.2223317109,81589.94915000004,70.96626095310923,14,2
2026-05-06 14:45:00,81879.96,81980.72,81709.42,81779.45,83.26371,0.0,12.947029999999957,-12.947029999999957,-11401.59105999997,0.0,-0.001227528689559776,-0.0012282827200274732,46.80040533665512,-116.91406329862366,-156.28567811829174,81331.2718834122,81752.37949999997,82173.48711658773,-0.010302027149870554,187.54818226159705,81714.8362265629,81796.37147748945,81937.7606716438,81591.63945000003,75.28013304238344,14,2
2026-05-06 14:50:00,81779.45,81788.17,81617.95,81670.0,60.10543,0.0,14.26809999999989,-14.26809999999989,-11415.859159999969,0.0,-0.0013383557849802052,-0.0013392521829726912,42.37506559368638,-112.39880685656681,-147.50830386594674,81341.5287557508,81730.39299999997,82119.25724424914,-0.00951578060438714,186.31045495719735,81705.86898125031,81784.88316135404,81927.26025314796,81593.07875000003,74.371954087166,14,2
2026-05-06 14:55:00,81670.94,81724.87,81493.6,81526.73,125.57212,0.0,22.006209999999918,-22.006209999999918,-11437.865369999969,0.0,-0.0017542549283703357,-0.0017557954354388925,37.39095430066076,-119.00926056315075,-141.80849520538754,81331.53980199338,81705.56899999997,82079.59819800657,-0.009155537439720808,189.5218510316825,81670.04118500026,81761.41469214004,81911.55318439707,81593.80240000003,61.88164914606758,14,2
2026-05-06 15:00:00,81526.74,81614.61,81500.0,81614.61,65.94024,0.0,13.897569999999936,-13.897569999999936,-11451.762939999968,0.0,0.0010779286744360128,0.001077348126477834,41.904707037189084,-115.8217897000577,-136.61115410432157,81335.29121095955,81686.56699999998,82037.84278904041,-0.008600576617216192,184.1710045294195,81658.9549480002,81748.0688110364,81899.9083536364,81594.81280000003,55.37692963348761,15,2
2026-05-06 15:05:00,81615.41,81615.41,81514.96,81562.07,54.63977,0.0,18.016539999999942,-18.016539999999942,-11469.779479999968,0.0,-0.0006437572880638731,-0.0006439645887591709,40.04586263713641,-116.19580210417917,-132.5280837042931,81334.19705985209,81667.02199999998,81999.84694014788,-0.008150779396557329,178.19093277731787,81639.57795840016,81731.1598282149,81886.6597907487,81595.42895000003,51.117924677210475,15,2
2026-05-06 15:10:00,81562.07,81562.08,81316.28,81410.0,184.7553,0.0,22.703079999999968,-22.703079999999968,-11492.482559999968,0.0,-0.0018644695996559157,-0.0018662098865777372,35.18143311078962,-127.2956032515358,-131.48158761374162,81324.64448726903,81637.33149999999,81950.01851273094,-0.007660392788094799,183.02015186465252,81593.66236672012,81701.96348019537,81867.96724993503,81596.86890000003,46.51166461470472,15,2
2026-05-06 15:15:00,81409.99,81716.27,81409.99,81713.27,64.74203,0.0,14.357379999999953,-14.357379999999953,-11506.839939999967,0.0,0.003725218032182731,0.0037182965914141553,48.59269609656633,-110.34888787407544,-127.25504766580839,81332.22156279601,81629.89449999998,81927.56743720395,-0.00729323341717586,191.82442673146298,81617.5838933761,81702.99134563215,81861.90069111405,81600.38875000003,48.36009100415952,15,2
2026-05-06 15:20:00,81713.28,81823.0,81694.23,81741.88,67.58979,0.0,12.68976999999998,-12.68976999999998,-11519.529709999968,0.0,0.0003501267297221222,0.00035006544966213,49.65105679300619,-93.53173038034583,-120.51038420871588,81347.73811315812,81621.37349999999,81895.00888684185,-0.0067049934375795935,187.32053910778737,81642.44311470087,81706.52667784742,81857.19399734486,81603.98955000003,52.944505039218065,15,2
2026-05-06 15:25:00,81741.88,81750.72,81652.65,81659.76,37.80713,0.0,25.295109999999994,-25.295109999999994,-11544.824819999967,0.0,-0.0010046257805669256,-0.001005130755281823,46.680356711105155,-85.84088926270488,-113.57648521951367,81348.05611673159,81617.95649999999,81887.85688326838,-0.006613750082517582,180.94550060008876,81645.9064917607,81702.27516167947,81849.45148764506,81606.92035000003,59.36379716542032,15,2
2026-05-06 15:30:00,81659.75,81745.59,81651.35,81722.7,37.89063,0.0,17.56459999999999,-17.56459999999999,-11562.389419999967,0.0,0.0007707590617460625,0.0007704621795204135,49.18961451017662,-73.81620303934324,-105.62442878347959,81348.47922081723,81617.31149999998,81886.14377918273,-0.006587628880246866,174.7522505572246,81661.26519340856,81704.13196516315,81844.48084107073,81609.47385000002,59.01813327860257,15,2
2026-05-06 15:35:00,81722.69,81722.7,81480.04,81505.24,53.81248,0.0,17.92977999999993,-17.92977999999993,-11580.319199999967,0.0,-0.0026609497728292686,-0.0026644963926579627,41.85980660057243,-80.90117875563737,-100.67977877791114,81337.12043412516,81609.02899999998,81880.9375658748,-0.006663688300342913,179.60280408885166,81630.06015472685,81686.05087742105,81831.17727867581,81611.44370000003,47.100315052274276,15,2
2026-05-06 15:40:00,81505.24,81695.22,81489.36,81626.17,85.8681,0.0,21.878579999999946,-21.878579999999946,-11602.197779999968,0.0,0.0014837082867309448,0.0014826086791211279,46.62314572621407,-75.88329729397083,-95.72048248112307,81364.3974669342,81619.99799999998,81875.59853306576,-0.0062631840070806934,181.47831808250515,81629.28212378148,81680.60716129186,81823.13777755127,81614.10750000003,45.41518672365688,15,2
2026-05-06 15:45:00,81626.17,81763.89,81626.17,81680.01,95.92619,0.0,15.20347999999991,-15.20347999999991,-11617.401259999968,0.0,0.0006595923831780315,0.0006593749477293152,48.64063107959275,-66.79221298874472,-89.9348285826474,81391.25243721607,81632.50199999998,81873.75156278389,-0.00591062522581775,178.35272393375485,81639.42769902518,81680.55287390169,81817.52492352965,81616.82060000002,43.273533602231204,15,2
2026-05-06 15:50:00,81680.0,81767.29,81640.03,81745.8,50.04526,0.0,19.00423999999993,-19.00423999999993,-11636.405499999968,0.0,0.0008054602343952055,0.0008051360253805752,51.07415312784984,-53.66019864147529,-82.67990259441298,81416.18341742978,81647.20399999998,81878.22458257018,-0.005658995562669841,174.703243652772,81660.70215922015,81686.48443081972,81814.71218143046,81619.48350000003,55.34184175144944,15,2
2026-05-06 15:55:00,81745.8,81773.93,81675.85,81704.25,25.73641,0.0,19.413239999999938,-19.413239999999938,-11655.818739999968,0.0,-0.0005082829943556799,-0.0005084122139454573,49.47960491538141,-46.07460109142994,-75.35884229381637,81450.75593406378,81660.76849999998,81870.78106593617,-0.005143536358862329,169.23015482043022,81669.41172737612,81688.09948256338,81810.38033117828,81622.45280000003,65.31707230694855,15,2
2026-05-06 16:00:00,81704.25,81724.87,81585.23,81711.6,37.86483,0.0,14.007499999999933,-14.007499999999933,-11669.826239999968,0.0,8.99586006848363e-05,8.995455465256616e-05,49.77830055295,-39.020077642358956,-68.09108936352489,81458.44087117515,81666.88599999998,81875.33112882482,-0.005104764955157917,167.11657233325658,81677.8493819009,81690.23589323944,81806.50659270071,81625.73575000002,73.07478318759307,16,2
2026-05-06 16:05:00,81711.61,81832.52,81700.37,81826.0,61.77231,0.0,11.24433999999995,-11.24433999999995,-11681.070579999967,0.0,0.0014000460154983685,0.0013990668648730204,54.30663649424975,-23.92243018062436,-59.25735752694478,81459.02247781686,81677.24549999999,81895.46852218312,-0.005343545092571148,164.61896002373888,81707.47950552072,81702.57808476312,81807.27104004577,81630.44790000001,84.43915348051236,16,2
2026-05-06 16:10:00,81826.0,81897.06,81760.27,81760.27,64.74137,0.0,10.227339999999982,-10.227339999999982,-11691.297919999966,0.0,-0.0008032899078531663,-0.0008036127180762358,51.436885663573904,-17.064587523360387,-50.8188035262279,81458.76142582735,81679.24949999999,81899.73757417263,-0.00539887610433143,162.63117716489995,81718.03760441658,81707.82280433012,81805.42786200476,81634.97155000002,84.39989510121542,16,2
2026-05-06 16:15:00,81760.26,81835.89,81688.98,81688.98,45.59028,0.0,20.899599999999968,-20.899599999999968,-11712.197519999967,0.0,-0.0008719393906112538,-0.0008723197508785096,48.4466546333541,-17.184117207565578,-44.09186626249544,81457.9612389809,81676.43749999999,81894.91376101907,-0.0053497989801301275,161.50823593883592,81712.22608353326,81706.10982211829,81800.86127918104,81639.22170000002,79.78551107718069,16,2
2026-05-06 16:20:00,81688.98,81698.32,81527.66,81596.64,96.80931,0.0,22.827329999999975,-22.827329999999975,-11735.024849999967,0.0,-0.001130385028678238,-0.001131024395700789,44.812718364554485,-24.4480892711872,-40.163110864233786,81462.47555158903,81662.27149999999,81862.06744841095,-0.004893225347300307,162.16193337177648,81689.1088668266,81696.15802010754,81792.8526015661,81642.57095000004,59.646830749460946,16,2
2026-05-06 16:25:00,81596.64,81629.73,81510.79,81510.79,54.33135,0.0,23.348919999999968,-23.348919999999968,-11758.373769999967,0.0,-0.0010521266561956955,-0.0010526805299770287,41.682313957493264,-36.70905781936017,-39.472300255259064,81446.25565806594,81648.83849999998,81851.42134193402,-0.004962295744942891,159.07465241664977,81653.44509346128,81679.30638191594,81781.79132307331,81645.44260000002,36.62234920105643,16,2
2026-05-06 16:30:00,81510.79,81567.41,81431.16,81567.4,46.51799,0.0,15.532739999999954,-15.532739999999954,-11773.906509999968,0.0,0.0006945092790782148,0.000694268219114649,44.438512870608875,-41.380995481667924,-39.85403930054083,81438.35167813645,81643.70849999998,81849.06532186351,-0.00503056085120224,157.44432010117478,81636.23607476903,81669.13307446903,81773.38382020769,81648.67055000002,24.979018099747503,16,2
2026-05-06 16:35:00,81567.39,81648.27,81480.04,81648.27,37.54707,0.0,13.069999999999952,-13.069999999999952,-11786.976509999968,0.0,0.0009914500155701056,0.0009909588536182938,48.20451975344989,-38.118599114735844,-39.50695126337983,81451.56574283105,81649.78549999998,81848.00525716892,-0.004855365043645636,158.2147258082345,81638.64285981523,81667.23643133549,81768.47739588581,81652.38430000002,27.738734175011672,16,2
2026-05-06 16:40:00,81648.26,81699.5,81611.85,81685.52,34.00081,0.0,16.149089999999976,-16.149089999999976,-11803.125599999968,0.0,0.00045622522069366234,0.0004561211816099637,49.889367456880876,-32.15668060372991,-38.03689713144985,81455.21810897485,81653.33099999998,81851.4438910251,-0.0048525366595302336,153.17438825050303,81648.01828785219,81668.89857394136,81765.22416467461,81655.50190000002,43.479287400729525,16,2
2026-05-06 16:45:00,81685.52,81692.35,81629.81,81679.99,84.47418,0.0,30.387649999999983,-30.387649999999983,-11833.513249999969,0.0,-6.769865699574051e-05,-6.770094865324871e-05,49.63125581824972,-27.56034352982533,-35.941586411124945,81465.35566960131,81659.22699999998,81853.09833039866,-0.004748301876496414,146.7005033754677,81654.41263028175,81669.90688540124,81761.88164841286,81658.45265000002,51.5346640910073,16,2
2026-05-06 16:50:00,81680.0,81907.51,81673.29,81675.0,360.27877,0.0,54.93975999999998,-54.93975999999998,-11888.453009999968,0.0,-6.10920740808929e-05,-6.10939402776576e-05,49.38297854386902,-24.043209428840782,-33.56191101466811,81515.91780750689,81672.47699999998,81829.03619249308,-0.0038338299080384764,152.9518959915058,81658.5301042254,81670.36989581931,81758.47452494569,81661.04310000002,53.06437169691151,16,2
2026-05-06 16:55:00,81674.99,81714.7,81577.89,81630.94,59.62658,0.0,14.857709999999912,-14.857709999999912,-11903.310719999969,0.0,-0.000539455157636981,-0.000539600715920997,47.140617192041404,-24.52838117959618,-31.755205047653725,81511.9787582,81668.36049999998,81824.74224179996,-0.0038296775114025146,151.79890342068379,81653.01208338032,81666.78535983573,81753.47317102626,81663.66780000002,48.845819511593,16,2
2026-05-06 17:00:00,81630.94,81651.33,81539.37,81633.36,31.01443,0.0,13.825019999999952,-13.825019999999952,-11917.135739999969,0.0,2.9645622113383396e-05,2.964518269061277e-05,47.282209959833544,-24.435927352649742,-30.291349508652928,81509.63261844458,81662.93449999999,81816.2363815554,-0.0037545033739978975,148.95326746206396,81649.08166670425,81663.74669075976,81748.76285059385,81666.84270000001,45.19226059270154,17,2
2026-05-06 17:05:00,81633.37,81695.72,81581.46,81633.42,35.07717,0.0,7.63466000000001,-7.63466000000001,-11924.770399999969,0.0,7.349936348433062e-07,7.349933647356169e-07,47.28598017109787,-24.080233586777467,-29.049126324277836,81507.7775357884,81661.61749999998,81815.45746421156,-0.003767742274063669,146.47517692905902,81645.9493333634,81660.9897188725,81744.23960155096,81670.39900000002,42.28263531716867,17,2
2026-05-06 17:10:00,81633.42,81709.32,81630.2,81675.86,38.87383,0.0,14.394289999999913,-14.394289999999913,-11939.164689999969,0.0,0.0005198851156793527,0.0005197500222326204,50.009346792702836,-20.141610452978057,-27.26762315001788,81507.81874008615,81659.27549999999,81810.73225991383,-0.003709480863906001,141.66409286269837,81651.93146669072,81662.34156261137,81741.55804854896,81673.77,45.425982295930716,17,2
2026-05-06 17:15:00,81675.86,81675.86,81405.0,81496.0,112.93694,0.0,17.435279999999953,-17.435279999999953,-11956.599969999968,0.0,-0.002202119451206297,-0.002204547681735727,40.46753896706198,-31.17406685295282,-28.048911890604867,81505.43590360283,81658.81349999999,81812.19109639715,-0.0037565472684012637,150.89237194393425,81620.74517335257,81647.21960237397,81731.92832115489,81676.31895,37.31308641682036,17,2
2026-05-06 17:20:00,81496.0,81553.4,81493.59,81504.68,16.53999,0.0,10.06183999999997,-10.06183999999997,-11966.661809999969,0.0,0.00010650829488545455,0.00010650262327972664,41.05208371276711,-38.770047601050464,-30.193139032693985,81485.65998747252,81652.73899999999,81819.81801252745,-0.004092428853549304,144.38648823365307,81597.53213868206,81634.2614567036,81723.01662228607,81679.3108,29.77176821403083,17,2
2026-05-06 17:25:00,81504.68,81516.78,81473.49,81474.4,22.0146,0.0,16.02089999999993,-16.02089999999993,-11982.682709999968,0.0,-0.0003715124088580213,-0.0003715814366899825,39.59162890112836,-46.69498924014624,-33.49350907418444,81458.8696659048,81642.45849999998,81826.04733409516,-0.004497386224477275,137.16531050267739,81572.90571094565,81619.72859700328,81713.26695082388,81682.64180000001,17.252061318845183,17,2
2026-05-06 17:30:00,81474.4,81504.48,81473.8,81481.32,12.69855,0.0,7.708360000000006,-7.708360000000006,-11990.391069999969,0.0,8.493465432102276e-05,8.4931047577494e-05,40.1159519808697,-51.8198296782939,-37.15877319500633,81439.33296392705,81629.23449999999,81819.13603607293,-0.00465278248010372,129.5592168953428,81554.58856875652,81607.14599727571,81704.17099196804,81684.84800000001,16.278283019242973,17,2
2026-05-06 17:35:00,81481.32,81511.54,81469.33,81497.49,28.34724,0.0,15.87957999999994,-15.87957999999994,-12006.27064999997,0.0,0.00019845039329258185,0.0001984307046180566,41.39597535690898,-53.95456415628723,-40.517931387262514,81424.00947108188,81618.89649999999,81813.7835289181,-0.0047755369718360955,123.31998711710344,81543.16885500522,81597.17727025066,81696.06585502812,81687.18540000002,15.801343920187707,17,2
2026-05-06 17:40:00,81497.48,81550.0,81461.18,81544.02,30.2202,0.0,14.745759999999946,-14.745759999999946,-12021.01640999997,0.0,0.0005709378288827338,0.0005707749058901593,45.036695545494595,-51.30041522416286,-42.674428154642584,81417.89706042182,81610.51749999999,81803.13793957816,-0.004720480778183226,120.85570232302511,81543.33908400418,81592.34479113696,81690.103272478,81689.164,20.419494139421197,17,2
2026-05-06 17:45:00,81544.01,81550.0,81394.0,81445.0,48.65292,0.0,16.490089999999903,-16.490089999999903,-12037.506499999969,0.0,-0.0012143134468965977,-0.0012150513228725538,39.4237328505591,-56.53536503262876,-45.44661553023982,81413.01949427757,81591.46749999998,81769.9155057224,-0.004374183016684035,123.36600929995188,81523.67126720335,81578.94981012451,81680.49137943964,81690.63845000001,18.66745728714702,17,2
2026-05-06 17:50:00,81444.99,81455.58,81399.64,81450.0,25.40764,0.0,12.815949999999939,-12.815949999999939,-12050.322449999969,0.0,6.139112284353487e-05,6.138923848567438e-05,39.83151338603246,-59.593683372222586,-48.27602909863637,81405.11849453353,81575.95399999998,81746.78950546644,-0.004188378979091244,118.54986577852692,81508.93701376268,81567.22710011319,81671.45250181455,81692.08055000001,16.167368588741308,17,2
2026-05-06 17:55:00,81449.99,81500.0,81427.6,81452.63,15.60886,0.0,10.673779999999965,-10.673779999999965,-12060.996229999968,0.0,3.228974831182008e-05,3.228922700911885e-05,40.06007883403544,-61.10087086481508,-50.84099745187211,81393.5113460372,81564.13649999998,81734.76165396276,-0.004183827875448291,115.25344679434602,81497.67561101014,81556.80918192108,81662.87122723358,81692.90575,10.751494615489678,17,2
2026-05-06 18:00:00,81452.63,81498.75,81413.31,81434.73,26.17273,0.0,14.923769999999926,-14.923769999999926,-12075.919999999967,0.0,-0.00021975963207088167,-0.00021978378275712106,38.97488261283594,-63.01332977364655,-53.275463916227,81377.18712771828,81556.04099999998,81734.89487228169,-0.004386036155965515,113.12391488046433,81485.08648880811,81545.71107447371,81653.9245124401,81693.60615,11.674393315138003,18,2
2026-05-06 18:05:00,81434.73,81474.6,81398.27,81440.01,33.78892,0.0,19.82497000000001,-19.82497000000001,-12095.744969999967,0.0,6.483720152328232e-05,6.483509968278278e-05,39.495536912860516,-63.37239781022072,-55.294850695025744,81367.51087172421,81552.50199999998,81737.49312827575,-0.004536737040287681,110.49577810328843,81476.07119104649,81536.10188588519,81645.53570803069,81694.5562,12.903122746934585,18,2
2026-05-06 18:10:00,81440.01,81480.02,81271.06,81480.01,97.41683,0.0,14.475369999999963,-14.475369999999963,-12110.220339999967,0.0,0.0004911590752505468,0.0004910384961126893,43.43298507814367,-59.74064316297881,-56.18400918861636,81360.6438994147,81548.13249999998,81735.62110058525,-0.004598231617021396,117.52893681019687,81476.8589528372,81531.002623532,81639.04450379418,81695.34455000001,24.989682333115628,18,2
2026-05-06 18:15:00,81480.01,81559.17,81477.35,81502.01,59.23808,0.0,28.82320999999995,-28.82320999999995,-12139.043549999968,0.0,0.0002700048760426732,0.00026996843128615684,45.5324687541251,-54.459460540063446,-55.83909945890578,81358.17775041933,81540.81949999998,81723.46124958064,-0.004479762423301442,114.97829846661084,81481.88916226976,81528.36693048364,81633.6706016846,81696.25450000001,38.32191105347674,18,2
2026-05-06 18:20:00,81502.01,81516.0,81476.99,81480.04,26.17358,0.0,17.55549999999999,-17.55549999999999,-12156.599049999968,0.0,-0.00026956390400678654,-0.00026960024288653846,43.78477852724258,-51.453753806548775,-54.96203032843438,81358.82779277685,81530.54549999998,81702.2632072231,-0.004212352711981499,109.55199143328112,81481.5193298158,81523.97357316694,81627.64587220678,81697.0632,50.666567054273834,18,2
2026-05-06 18:25:00,81480.05,81518.97,81459.85,81469.33,22.13639,0.0,19.26612,-19.26612,-12175.865169999968,0.0,-0.00013144323444114203,-0.00013145187386015263,42.91991767953427,-49.366846778211766,-53.842993618389855,81360.8712722003,81520.01249999998,81679.15372779967,-0.0039043474827653163,105.94970633090357,81479.08146385264,81519.0059756063,81621.43740663004,81697.37445,57.713329594422596,18,2
2026-05-06 18:30:00,81469.33,81515.99,81350.0,81357.62,50.57027,0.0,9.922689999999973,-9.922689999999973,-12185.787859999968,0.0,-0.0013711908518212468,-0.0013721317942367508,35.12624635153039,-56.080559542024275,-54.29050680311674,81346.69932092325,81504.14349999998,81661.5876790767,-0.003863464415811708,110.23829873583941,81454.78917108211,81504.33452327845,81611.09162597788,81696.92910000001,50.16234666948676,18,2
2026-05-06 18:35:00,81357.62,81376.7,81303.4,81309.08,13.2916,0.0,10.365419999999961,-10.365419999999961,-12196.153279999968,0.0,-0.0005966251225145713,-0.0005968031741065365,32.3752574353512,-64.57363296617405,-56.3471320357282,81320.27918466671,81488.05049999998,81655.82181533326,-0.004117691227213085,107.5998488261368,81425.64733686569,81486.58411207132,81599.24803280228,81696.2778,37.35263151805484,18,2
