timestamp,open,high,low,close,volume,open,high,low,close,volume,returns,log_returns,buy_volume,sell_volume,volume_delta,cvd
2026-04-30 02:35:00,83.05,83.17,82.7,82.82,12245.056,83.05,83.17,82.7,82.82,12245.056,0.0,0.0,0.0,13923.181999999972,-13923.181999999972,-13923.181999999972
2026-04-30 02:40:00,82.82,82.98,82.82,82.88,4628.84,82.82,82.98,82.82,82.88,4628.84,0.0007244626901714568,0.0007242003937517331,0.0,10395.687999999995,-10395.687999999995,-24318.869999999966
2026-04-30 02:45:00,82.89,82.94,82.71,82.74,5543.252,82.89,82.94,82.71,82.74,5543.252,-0.0016891891891891442,-0.0016906174779074388,0.0,10870.265000000001,-10870.265000000001,-35189.134999999966
2026-04-30 02:50:00,82.75,82.96,82.74,82.93,4201.522,82.75,82.96,82.74,82.93,4201.522,0.002296350012086279,0.002293717429847156,0.0,11107.38100000002,-11107.38100000002,-46296.51599999999
2026-04-30 02:55:00,82.94,83.07,82.93,82.98,3829.985,82.94,83.07,82.93,82.98,3829.985,0.0006029181237188208,0.0006027364416094896,0.0,10971.678999999986,-10971.678999999986,-57268.19499999998
2026-04-30 03:00:00,82.98,83.07,82.96,83.03,3142.178,82.98,83.07,82.96,83.03,3142.178,0.0006025548324897212,0.0006023733692173649,0.0,10909.049000000017,-10909.049000000017,-68177.24399999999
2026-04-30 03:05:00,83.02,83.06,82.94,82.97,2162.178,83.02,83.06,82.94,82.97,2162.178,-0.0007226303745634377,-0.0007228915977453436,0.0,12386.289999999997,-12386.289999999997,-80563.53399999999
2026-04-30 03:10:00,82.97,83.05,82.92,82.97,3637.533,82.97,83.05,82.92,82.97,3637.533,0.0,0.0,0.0,14998.812000000002,-14998.812000000002,-95562.34599999999
2026-04-30 03:15:00,82.98,83.07,82.92,82.97,4311.408,82.98,83.07,82.92,82.97,4311.408,0.0,0.0,0.0,14610.001,-14610.001,-110172.347
2026-04-30 03:20:00,82.97,82.99,82.92,82.95,3458.149,82.97,82.99,82.92,82.95,3458.149,-0.00024105098228266453,-0.00024108003974034054,0.0,12587.28300000001,-12587.28300000001,-122759.63
2026-04-30 03:25:00,82.94,83.07,82.86,83.07,5867.978,82.94,83.07,82.86,83.07,5867.978,0.0014466546112115175,0.0014456092145266192,0.0,11736.645,-11736.645,-134496.275
2026-04-30 03:30:00,83.07,83.08,82.95,83.02,1750.248,83.07,83.08,82.95,83.02,1750.248,-0.0006019020103527062,-0.0006020832260874647,0.0,8531.32999999999,-8531.32999999999,-143027.60499999998
2026-04-30 03:35:00,83.02,83.24,83.02,83.17,3223.318,83.02,83.24,83.02,83.17,3223.318,0.001806793543724483,0.0018051632557035215,0.0,8736.949000000002,-8736.949000000002,-151764.55399999997
2026-04-30 03:40:00,83.16,83.19,83.11,83.18,2413.243,83.16,83.19,83.11,83.18,2413.243,0.00012023566189744983,0.00012022843416960183,0.0,8587.115999999996,-8587.115999999996,-160351.66999999998
2026-04-30 03:45:00,83.18,83.18,83.08,83.08,1448.628,83.18,83.18,83.08,83.08,1448.628,-0.0012022120702093186,-0.0012029353068541897,0.0,9302.200999999995,-9302.200999999995,-169653.87099999998
2026-04-30 03:50:00,83.09,83.12,83.07,83.12,1864.699,83.09,83.12,83.07,83.12,1864.699,0.000481463649494529,0.0004813477830604624,0.0,11243.465000000004,-11243.465000000004,-180897.33599999998
2026-04-30 03:55:00,83.11,83.12,83.05,83.06,1063.863,83.11,83.12,83.05,83.06,1063.863,-0.0007218479307026238,-0.0007221085883644979,0.0,14039.402999999993,-14039.402999999993,-194936.73899999997
2026-04-30 04:00:00,83.06,83.09,82.92,82.93,4238.476,83.06,83.09,82.92,82.93,4238.476,-0.00156513363833366,-0.0015663597394950308,0.0,14376.127000000006,-14376.127000000006,-209312.86599999998
2026-04-30 04:05:00,82.93,82.95,82.74,82.87,7613.309,82.93,82.95,82.74,82.87,7613.309,-0.000723501748462585,-0.0007237636021612896,0.0,14302.92,-14302.92,-223615.786
2026-04-30 04:10:00,82.87,82.89,82.79,82.88,2294.304,82.87,82.89,82.79,82.88,2294.304,0.0001206709303727127,0.0001206636502216567,0.0,12906.096000000016,-12906.096000000016,-236521.882
2026-04-30 04:15:00,82.88,82.89,82.68,82.73,3522.815,82.88,82.89,82.68,82.73,3522.815,-0.0018098455598454244,-0.0018114853090812671,0.0,14823.957999999984,-14823.957999999984,-251345.84
2026-04-30 04:20:00,82.73,82.79,82.66,82.73,4696.466,82.73,82.79,82.66,82.73,4696.466,0.0,0.0,0.0,16617.444999999978,-16617.444999999978,-267963.285
2026-04-30 04:25:00,82.74,82.81,82.73,82.75,3724.208,82.74,82.81,82.73,82.75,3724.208,0.0002417502719689324,0.00024172105508063282,0.0,15721.175999999974,-15721.175999999974,-283684.46099999995
2026-04-30 04:30:00,82.75,82.77,82.47,82.47,9725.192,82.75,82.77,82.47,82.47,9725.192,-0.003383685800604219,-0.0033894234119082353,0.0,15563.865999999976,-15563.865999999976,-299248.32699999993
2026-04-30 04:35:00,82.48,82.55,82.37,82.39,4118.703,82.48,82.55,82.37,82.39,4118.703,-0.0009700497150478826,-0.000970520517765368,0.0,22728.641999999978,-22728.641999999978,-321976.9689999999
2026-04-30 04:40:00,82.38,82.46,82.38,82.39,15246.956,82.38,82.46,82.38,82.39,15246.956,0.0,0.0,0.0,24673.926999999952,-24673.926999999952,-346650.8959999999
2026-04-30 04:45:00,82.38,82.49,82.38,82.48,1591.939,82.38,82.49,82.38,82.48,1591.939,0.001092365578347021,0.001091769381205965,0.0,15438.74599999999,-15438.74599999999,-362089.6419999999
2026-04-30 04:50:00,82.47,82.5,82.41,82.41,3967.508,82.47,82.5,82.41,82.41,3967.508,-0.0008486905916587073,-0.0008490509334124222,0.0,16081.071999999987,-16081.071999999987,-378170.71399999986
2026-04-30 04:55:00,82.42,82.47,82.37,82.39,4612.822,82.42,82.47,82.37,82.39,4612.822,-0.0002426889940541077,-0.00024271844779352053,0.0,13660.828999999972,-13660.828999999972,-391831.54299999983
2026-04-30 05:00:00,82.4,82.53,82.32,82.42,6807.042,82.4,82.53,82.32,82.42,6807.042,0.000364121859449007,0.0003640555831726819,0.0,11315.078000000023,-11315.078000000023,-403146.62099999987
2026-04-30 05:05:00,82.41,82.57,82.41,82.56,1661.369,82.41,82.57,82.41,82.56,1661.369,0.0016986168405725977,0.001697175822581233,0.0,9536.792999999987,-9536.792999999987,-412683.4139999999
2026-04-30 05:10:00,82.56,82.56,82.51,82.52,1503.229,82.56,82.56,82.51,82.52,1503.229,-0.00048449612403111963,-0.0004846135302016414,0.0,8771.786000000013,-8771.786000000013,-421455.1999999999
2026-04-30 05:15:00,82.52,82.57,82.46,82.49,1797.799,82.52,82.57,82.46,82.49,1797.799,-0.0003635482307319249,-0.0003636143304107253,0.0,10985.335000000001,-10985.335000000001,-432440.5349999999
2026-04-30 05:20:00,82.5,82.53,82.45,82.47,2387.99,82.5,82.53,82.45,82.47,2387.99,-0.0002424536307430447,-0.00024248302737621793,0.0,11989.43000000002,-11989.43000000002,-444429.9649999999
2026-04-30 05:25:00,82.47,82.47,82.16,82.31,7416.085,82.47,82.47,82.16,82.31,7416.085,-0.0019400994300957652,-0.0019419838607113986,0.0,13707.769000000013,-13707.769000000013,-458137.73399999994
2026-04-30 05:30:00,82.32,82.63,82.31,82.63,6117.271,82.32,82.63,82.31,82.63,6117.271,0.0038877414651925513,0.003880203728540368,0.0,17585.37,-17585.37,-475723.10399999993
2026-04-30 05:35:00,82.63,82.79,82.63,82.71,9223.731,82.63,82.79,82.63,82.71,9223.731,0.0009681713663318714,0.0009677029907221034,0.0,17875.635000000024,-17875.635000000024,-493598.73899999994
2026-04-30 05:40:00,82.71,82.79,82.68,82.7,4161.619,82.71,82.79,82.68,82.7,4161.619,-0.00012090436464740062,-0.00012091167416927068,0.0,14300.321000000007,-14300.321000000007,-507899.05999999994
2026-04-30 05:45:00,82.7,82.71,82.64,82.68,4519.543,82.7,82.71,82.64,82.68,4519.543,-0.00024183796856103168,-0.00024186721607808565,0.0,15848.027999999966,-15848.027999999966,-523747.08799999993
2026-04-30 05:50:00,82.67,82.76,82.66,82.67,3658.852,82.67,82.76,82.66,82.67,3658.852,-0.00012094823415587097,-0.00012095554898335993,0.0,14596.272999999994,-14596.272999999994,-538343.3609999999
2026-04-30 05:55:00,82.67,82.69,82.57,82.57,6077.53,82.67,82.69,82.57,82.57,6077.53,-0.001209628644006422,-0.0012103608352471782,0.0,13001.714000000004,-13001.714000000004,-551345.075
2026-04-30 06:00:00,82.57,82.63,82.53,82.63,3431.141,82.57,82.63,82.53,82.63,3431.141,0.0007266561705219221,0.0007263922837557365,0.0,11444.387000000012,-11444.387000000012,-562789.4619999999
2026-04-30 06:05:00,82.63,82.68,82.61,82.65,2189.447,82.63,82.68,82.61,82.65,2189.447,0.00024204284158302336,0.00024201355394025677,0.0,13219.576000000006,-13219.576000000006,-576009.038
2026-04-30 06:10:00,82.65,82.65,82.55,82.6,1979.518,82.65,82.65,82.55,82.6,1979.518,-0.00060496067755611,-0.0006051437401009553,0.0,14048.401999999985,-14048.401999999985,-590057.44
2026-04-30 06:15:00,82.61,82.73,82.61,82.73,4990.487,82.61,82.73,82.61,82.73,4990.487,0.0015738498789348299,0.0015726126751593494,0.0,14022.240000000047,-14022.240000000047,-604079.6799999999
2026-04-30 06:20:00,82.73,82.76,82.68,82.7,4502.531,82.73,82.76,82.68,82.7,4502.531,-0.00036262540795362064,-0.00036269117244593183,0.0,13734.195000000045,-13734.195000000045,-617813.875
2026-04-30 06:25:00,82.7,82.77,82.69,82.77,2998.511,82.7,82.77,82.69,82.77,2998.511,0.0008464328899635554,0.0008460748676586083,0.0,12089.949000000044,-12089.949000000044,-629903.824
2026-04-30 06:30:00,82.77,83.01,82.77,83.01,6519.216,82.77,83.01,82.77,83.01,6519.216,0.002899601304820587,0.0028954055696398216,0.0,11320.604999999989,-11320.604999999989,-641224.429
2026-04-30 06:35:00,83.01,83.05,82.96,82.96,3257.809,83.01,83.05,82.96,82.96,3257.809,-0.0006023370678233109,-0.0006025185456724973,0.0,11129.198000000006,-11129.198000000006,-652353.627
2026-04-30 06:40:00,82.97,82.98,82.88,82.89,2709.552,82.97,82.98,82.88,82.89,2709.552,-0.0008437801350047458,-0.0008441363178369536,0.0,12406.715,-12406.715,-664760.342
2026-04-30 06:45:00,82.9,82.91,82.82,82.87,3428.157,82.9,82.91,82.82,82.87,3428.157,-0.00024128362890574184,-0.00024131274248371149,0.0,12463.306000000006,-12463.306000000006,-677223.6479999999
2026-04-30 06:50:00,82.87,82.95,82.86,82.95,1824.967,82.87,82.95,82.86,82.95,1824.967,0.0009653674429830339,0.0009649017755024343,0.0,16127.367999999997,-16127.367999999997,-693351.016
2026-04-30 06:55:00,82.95,82.99,82.91,82.94,4152.786,82.95,82.99,82.91,82.94,4152.786,-0.00012055455093440415,-0.00012056181821835495,0.0,16904.899000000012,-16904.899000000012,-710255.9149999999
2026-04-30 07:00:00,82.95,83.0,82.92,82.98,3069.587,82.95,83.0,82.92,82.98,3069.587,0.0004822763443452782,0.00048216008648656225,0.0,21052.380000000026,-21052.380000000026,-731308.2949999999
2026-04-30 07:05:00,82.99,83.07,82.9,83.04,8507.335,82.99,83.07,82.9,83.04,8507.335,0.0007230657989878431,0.0007228045128568005,0.0,20756.666000000052,-20756.666000000052,-752064.961
2026-04-30 07:10:00,83.03,83.09,83.01,83.06,15435.699,83.03,83.09,83.01,83.06,15435.699,0.0002408477842004153,0.00024081878502900218,0.0,16709.15600000005,-16709.15600000005,-768774.1170000001
2026-04-30 07:15:00,83.06,83.1,83.04,83.04,5227.157,83.06,83.1,83.04,83.04,5227.157,-0.00024078979051278537,-0.00024081878502887536,0.0,10277.658999999987,-10277.658999999987,-779051.7760000001
2026-04-30 07:20:00,83.04,83.09,83.01,83.08,3345.197,83.04,83.09,83.01,83.08,3345.197,0.00048169556840060856,0.00048157959033288635,0.0,10280.310999999998,-10280.310999999998,-789332.087
2026-04-30 07:25:00,83.08,83.1,83.05,83.07,9925.72,83.08,83.1,83.05,83.07,9925.72,-0.00012036591237363226,-0.00012037315693140073,0.0,9622.59699999999,-9622.59699999999,-798954.684
2026-04-30 07:30:00,83.07,83.29,83.06,83.27,14378.127,83.07,83.29,83.06,83.27,14378.127,0.0024076080414108247,0.0024047143967477467,0.0,15850.72900000004,-15850.72900000004,-814805.4130000001
2026-04-30 07:35:00,83.26,83.27,83.13,83.21,9306.96,83.26,83.27,83.13,83.21,9306.96,-0.0007205476161883384,-0.0007208073353894641,0.0,10617.85299999999,-10617.85299999999,-825423.2660000001
2026-04-30 07:40:00,83.22,83.23,83.17,83.22,4455.923,83.22,83.23,83.17,83.22,4455.923,0.00012017786323759161,0.00012017064245669832,0.0,16498.109000000044,-16498.109000000044,-841921.3750000001
2026-04-30 07:45:00,83.22,83.34,83.2,83.34,7735.457,83.22,83.34,83.2,83.34,7735.457,0.0014419610670513006,0.001440922439512287,0.0,16267.504000000023,-16267.504000000023,-858188.8790000002
2026-04-30 07:50:00,83.34,83.39,83.2,83.27,7629.781,83.34,83.39,83.2,83.27,7629.781,-0.0008399328053756427,-0.0008402857465795188,0.0,12351.387000000019,-12351.387000000019,-870540.2660000002
2026-04-30 07:55:00,83.26,83.39,83.26,83.35,6630.392,83.26,83.39,83.26,83.35,6630.392,0.0009607301549177105,0.0009602689490750293,0.0,14240.634999999995,-14240.634999999995,-884780.9010000002
2026-04-30 08:00:00,83.35,83.36,83.23,83.36,8544.455,83.35,83.36,83.23,83.36,8544.455,0.00011997600479918269,0.00011996880825392165,0.0,14041.523999999994,-14041.523999999994,-898822.4250000002
2026-04-30 08:05:00,83.36,83.43,83.28,83.34,5442.624,83.36,83.43,83.28,83.34,5442.624,-0.0002399232245681171,-0.00023995201074936836,0.0,12526.540999999965,-12526.540999999965,-911348.9660000001
2026-04-30 08:10:00,83.34,83.36,83.28,83.3,6823.398,83.34,83.36,83.28,83.3,6823.398,-0.00047996160307184343,-0.000480076821510481,0.0,17111.260000000006,-17111.260000000006,-928460.2260000001
2026-04-30 08:15:00,83.3,83.31,83.22,83.25,10423.211,83.3,83.31,83.22,83.25,10423.211,-0.0006002400960384291,-0.0006004203122438118,0.0,22807.175999999978,-22807.175999999978,-951267.4020000001
2026-04-30 08:20:00,83.26,83.39,83.2,83.25,9389.287,83.26,83.39,83.2,83.25,9389.287,0.0,0.0,0.0,25080.490000000027,-25080.490000000027,-976347.8920000001
2026-04-30 08:25:00,83.25,83.36,83.24,83.25,8935.796,83.25,83.36,83.24,83.25,8935.796,0.0,0.0,0.0,20184.185999999998,-20184.185999999998,-996532.0780000001
2026-04-30 08:30:00,83.24,83.25,83.18,83.19,6554.18,83.24,83.25,83.18,83.19,6554.18,-0.0007207207207207134,-0.0007209805647568401,0.0,16374.662999999993,-16374.662999999993,-1012906.741
2026-04-30 08:35:00,83.19,83.2,83.14,83.2,2544.082,83.19,83.2,83.14,83.2,2544.082,0.00012020675561963401,0.00012019953136651592,0.0,12179.206000000007,-12179.206000000007,-1025085.947
2026-04-30 08:40:00,83.19,83.23,83.16,83.23,3689.601,83.19,83.23,83.16,83.23,3689.601,0.00036057692307700506,0.00036051193084094154,0.0,11005.692000000021,-11005.692000000021,-1036091.6390000001
2026-04-30 08:45:00,83.23,83.26,83.18,83.22,3847.652,83.23,83.26,83.18,83.22,3847.652,-0.00012014898474110858,-0.00012015620320857588,0.0,9771.290000000003,-9771.290000000003,-1045862.9290000001
2026-04-30 08:50:00,83.22,83.23,83.14,83.2,2120.351,83.22,83.23,83.14,83.2,2120.351,-0.00024032684450847608,-0.0002403557276322578,0.0,8091.269999999998,-8091.269999999998,-1053954.199
2026-04-30 08:55:00,83.2,83.2,83.12,83.13,1316.676,83.2,83.2,83.12,83.13,1316.676,-0.0008413461538462341,-0.0008417002841662512,0.0,10665.209000000006,-10665.209000000006,-1064619.408
2026-04-30 09:00:00,83.12,83.16,83.11,83.16,2280.731,83.12,83.16,83.11,83.16,2280.731,0.00036088054853844476,0.00036081544681544744,0.0,10565.235000000006,-10565.235000000006,-1075184.6430000002
2026-04-30 09:05:00,83.16,83.18,83.08,83.18,2017.121,83.16,83.18,83.08,83.18,2017.121,0.00024050024050037422,0.0002404713249535716,0.0,10580.993000000002,-10580.993000000002,-1085765.6360000002
2026-04-30 09:10:00,83.18,83.18,83.08,83.14,5004.521,83.18,83.18,83.08,83.14,5004.521,-0.00048088482808372746,-0.00048100049027428274,0.0,10670.185999999996,-10670.185999999996,-1096435.8220000002
2026-04-30 09:15:00,83.13,83.2,83.12,83.12,2061.147,83.13,83.2,83.12,83.12,2061.147,-0.00024055809477985246,-0.00024058703351939294,0.0,8962.645999999997,-8962.645999999997,-1105398.468
2026-04-30 09:20:00,83.12,83.15,83.06,83.15,2093.308,83.12,83.15,83.06,83.15,2093.308,0.00036092396535125637,0.00036085884796468635,0.0,10722.389000000001,-10722.389000000001,-1116120.857
2026-04-30 09:25:00,83.15,83.32,83.14,83.31,4937.798,83.15,83.32,83.14,83.31,4937.798,0.0019242333132891698,0.0019223843478811229,0.0,13853.734999999997,-13853.734999999997,-1129974.5920000002
2026-04-30 09:30:00,83.31,83.55,83.31,83.35,11817.716,83.31,83.55,83.31,83.35,11817.716,0.0004801344376423877,0.00048001920998498495,0.0,13906.711000000001,-13906.711000000001,-1143881.303
2026-04-30 09:35:00,83.34,83.43,83.34,83.38,2678.891,83.34,83.43,83.34,83.38,2678.891,0.000359928014397104,0.0003598632558478081,0.0,7971.320999999992,-7971.320999999992,-1151852.624
2026-04-30 09:40:00,83.38,83.4,83.25,83.26,2538.589,83.38,83.4,83.25,83.26,2538.589,-0.001439194051331194,-0.0014402306858213936,0.0,8232.10199999999,-8232.10199999999,-1160084.726
2026-04-30 09:45:00,83.26,83.31,83.23,83.27,1473.897,83.26,83.31,83.23,83.27,1473.897,0.00012010569300979768,0.0001200984808985223,0.0,10055.143999999995,-10055.143999999995,-1170139.87
2026-04-30 09:50:00,83.28,83.29,83.26,83.28,2299.618,83.28,83.29,83.26,83.28,2299.618,0.00012009126936485259,0.00012008405898562705,0.0,9933.896000000006,-9933.896000000006,-1180073.766
2026-04-30 09:55:00,83.27,83.27,83.15,83.15,2517.366,83.27,83.27,83.15,83.15,2517.366,-0.0015609990393851136,-0.0015622186677766686,0.0,12766.312999999998,-12766.312999999998,-1192840.0790000001
2026-04-30 10:00:00,83.14,83.2,83.11,83.19,3722.92,83.14,83.2,83.11,83.19,3722.92,0.0004810583283221259,0.00048094265685949544,0.0,15299.565,-15299.565,-1208139.644
2026-04-30 10:05:00,83.19,83.22,83.15,83.17,1339.554,83.19,83.22,83.15,83.17,1339.554,-0.00024041351123926802,-0.00024044241520015586,0.0,16782.580000000024,-16782.580000000024,-1224922.2240000002
2026-04-30 10:10:00,83.17,83.17,83.0,83.01,6410.753,83.17,83.17,83.0,83.01,6410.753,-0.0019237705903570879,-0.0019256234136518998,0.0,16992.603999999996,-16992.603999999996,-1241914.8280000002
2026-04-30 10:15:00,83.02,83.05,82.96,82.96,4514.383,83.02,83.05,82.96,82.96,4514.383,-0.0006023370678233109,-0.0006025185456724973,0.0,13112.137000000022,-13112.137000000022,-1255026.9650000003
2026-04-30 10:20:00,82.96,83.01,82.95,82.97,5086.529,82.96,83.01,82.95,82.97,5086.529,0.00012054001928651914,0.0001205327549221529,0.0,11407.297999999995,-11407.297999999995,-1266434.2630000003
2026-04-30 10:25:00,82.96,83.01,82.92,82.93,1995.286,82.96,83.01,82.92,82.93,1995.286,-0.0004821019645654401,-0.00048221821308148575,0.0,8304.128000000002,-8304.128000000002,-1274738.3910000003
2026-04-30 10:30:00,82.93,83.04,82.93,82.98,3965.211,82.93,83.04,82.93,82.98,3965.211,0.0006029181237188208,0.0006027364416094896,0.0,9037.290000000006,-9037.290000000006,-1283775.6810000003
2026-04-30 10:35:00,82.97,83.07,82.97,83.01,2241.054,82.97,83.07,82.97,83.01,2241.054,0.00036153289949392153,0.0003614675622224544,0.0,9544.47899999999,-9544.47899999999,-1293320.1600000004
2026-04-30 10:40:00,83.01,83.02,82.95,83.01,2088.075,83.01,83.02,82.95,83.01,2088.075,0.0,0.0,0.0,9100.779999999997,-9100.779999999997,-1302420.9400000004
2026-04-30 10:45:00,83.01,83.06,82.97,82.97,4590.466,83.01,83.06,82.97,82.97,4590.466,-0.0004818696542585599,-0.00048198579075034014,0.0,11208.991000000004,-11208.991000000004,-1313629.9310000003
2026-04-30 10:50:00,82.98,83.03,82.96,83.0,1435.971,82.98,83.03,82.96,83.0,1435.971,0.0003615764734241633,0.00036151112040403154,0.0,9871.285999999996,-9871.285999999996,-1323501.2170000004
2026-04-30 10:55:00,83.0,83.02,82.96,83.0,2150.286,83.0,83.02,82.96,83.0,2150.286,0.0,0.0,0.0,14030.15,-14030.15,-1337531.3670000003
2026-04-30 11:00:00,83.01,83.06,83.0,83.05,4274.431,83.01,83.06,83.0,83.05,4274.431,0.00060240963855418,0.0006022282627059191,0.0,16161.858999999984,-16161.858999999984,-1353693.2260000003
2026-04-30 11:05:00,83.06,83.21,83.02,83.19,11697.195,83.06,83.21,83.02,83.19,11697.195,0.0016857314870559748,0.001684312236492466,0.0,14534.175000000034,-14534.175000000034,-1368227.4010000003
2026-04-30 11:10:00,83.18,83.39,83.18,83.26,5771.729,83.18,83.39,83.18,83.26,5771.729,0.0008414472893376601,0.0008410934710330176,0.0,8210.710999999994,-8210.710999999994,-1376438.1120000002
2026-04-30 11:15:00,83.25,83.33,83.23,83.27,1852.919,83.25,83.33,83.23,83.27,1852.919,0.00012010569300979768,0.0001200984808985223,0.0,11269.482999999993,-11269.482999999993,-1387707.5950000002
2026-04-30 11:20:00,83.27,83.28,83.2,83.21,1274.551,83.27,83.28,83.2,83.21,1274.551,-0.0007205476161883384,-0.0007208073353894641,0.0,13787.88399999999,-13787.88399999999,-1401495.4790000003
2026-04-30 11:25:00,83.21,83.29,83.18,83.26,7033.777,83.21,83.29,83.18,83.26,7033.777,0.0006008893161881801,0.0006007088544910773,0.0,15179.237999999996,-15179.237999999996,-1416674.7170000002
2026-04-30 11:30:00,83.26,83.26,83.12,83.18,4884.327,83.26,83.26,83.12,83.18,4884.327,-0.0009608455440787145,-0.000961307452063692,0.0,14996.076000000021,-14996.076000000021,-1431670.7930000003
2026-04-30 11:35:00,83.18,83.24,83.12,83.12,1599.917,83.18,83.24,83.12,83.12,1599.917,-0.0007213272421255912,-0.0007215875237937394,0.0,17804.93800000001,-17804.93800000001,-1449475.7310000004
2026-04-30 11:40:00,83.12,83.12,82.9,82.94,8803.137,83.12,83.12,82.9,82.94,8803.137,-0.0021655437921078713,-0.00216789197273678,0.0,18566.690999999977,-18566.690999999977,-1468042.4220000003
2026-04-30 11:45:00,82.93,83.02,82.79,83.01,10705.686,82.93,83.02,82.79,83.01,10705.686,0.0008439836026044034,0.0008436276487090918,0.0,12338.577000000023,-12338.577000000023,-1480380.9990000003
2026-04-30 11:50:00,83.01,83.03,82.93,82.99,1423.217,83.01,83.03,82.93,82.99,1423.217,-0.00024093482712939096,-0.00024096385658775154,0.0,7195.841999999984,-7195.841999999984,-1487576.8410000002
2026-04-30 11:55:00,82.99,83.02,82.98,83.01,964.776,82.99,83.02,82.98,83.01,964.776,0.00024099289070989016,0.00024096385658778816,0.0,7131.7749999999905,-7131.7749999999905,-1494708.6160000002
2026-04-30 12:00:00,83.01,83.11,82.99,83.08,3685.561,83.01,83.11,82.99,83.08,3685.561,0.0008432718949522577,0.0008429165409671695,0.0,10175.34199999999,-10175.34199999999,-1504883.958
2026-04-30 12:05:00,83.08,83.13,83.02,83.02,2381.125,83.08,83.13,83.02,83.02,2381.125,-0.0007221954742416825,-0.0007224563830188452,0.0,11559.990000000002,-11559.990000000002,-1516443.948
2026-04-30 12:10:00,83.03,83.14,83.03,83.13,4701.904,83.03,83.14,83.03,83.13,4701.904,0.0013249819320646505,0.0013241049181041264,0.0,11135.87300000002,-11135.87300000002,-1527579.821
2026-04-30 12:15:00,83.14,83.29,83.13,83.27,5594.341,83.14,83.29,83.13,83.27,5594.341,0.0016841092265127422,0.0016826927047312657,0.0,9980.572999999993,-9980.572999999993,-1537560.394
2026-04-30 12:20:00,83.27,83.48,83.27,83.45,8398.544,83.27,83.48,83.27,83.45,8398.544,0.002161642848564904,0.0021593098601161253,0.0,13263.490999999987,-13263.490999999987,-1550823.885
2026-04-30 12:25:00,83.45,83.46,83.3,83.32,4910.465,83.45,83.46,83.3,83.32,4910.465,-0.0015578190533254155,-0.0015590337150729093,0.0,12022.160999999995,-12022.160999999995,-1562846.046
2026-04-30 12:30:00,83.32,83.38,83.27,83.3,5764.567,83.32,83.38,83.27,83.3,5764.567,-0.00024003840614494898,-0.00024006721997420395,0.0,10308.322000000013,-10308.322000000013,-1573154.368
2026-04-30 12:35:00,83.29,83.32,83.25,83.31,1432.715,83.29,83.32,83.25,83.31,1432.715,0.00012004801920784125,0.00012004081402102322,0.0,9884.305000000004,-9884.305000000004,-1583038.673
2026-04-30 12:40:00,83.3,83.31,83.2,83.2,2721.546,83.3,83.31,83.2,83.2,2721.546,-0.0013203697035170103,-0.0013212421596549885,0.0,12090.974000000002,-12090.974000000002,-1595129.6469999999
2026-04-30 12:45:00,83.21,83.25,83.2,83.22,3874.541,83.21,83.25,83.2,83.22,3874.541,0.00024038461538467004,0.00024035572763236797,0.0,12137.286000000002,-12137.286000000002,-1607266.933
2026-04-30 12:50:00,83.23,83.3,83.17,83.22,5509.4,83.23,83.3,83.17,83.22,5509.4,0.0,0.0,0.0,12304.94800000001,-12304.94800000001,-1619571.881
2026-04-30 12:55:00,83.21,83.24,83.2,83.22,2356.341,83.21,83.24,83.2,83.22,2356.341,0.0,0.0,0.0,11876.964999999986,-11876.964999999986,-1631448.8460000001
2026-04-30 13:00:00,83.22,83.29,83.22,83.28,4404.828,83.22,83.29,83.22,83.28,4404.828,0.0007209805335255393,0.0007207207519181666,0.0,11087.662999999988,-11087.662999999988,-1642536.509
2026-04-30 13:05:00,83.27,83.28,83.22,83.24,3254.283,83.27,83.28,83.22,83.24,3254.283,-0.00048030739673399214,-0.0004804227812798506,0.0,9414.285999999987,-9414.285999999987,-1651950.7950000002
2026-04-30 13:10:00,83.24,83.25,83.14,83.16,3145.425,83.24,83.25,83.14,83.16,3145.425,-0.0009610764055741905,-0.000961538535621449,0.0,8873.527999999991,-8873.527999999991,-1660824.323
2026-04-30 13:15:00,83.15,83.21,83.15,83.18,2084.106,83.15,83.21,83.15,83.18,2084.106,0.00024050024050037422,0.0002404713249535716,0.0,12070.607999999991,-12070.607999999991,-1672894.931
2026-04-30 13:20:00,83.18,83.23,83.15,83.16,1739.911,83.18,83.23,83.15,83.16,1739.911,-0.00024044241404197475,-0.0002404713249535757,0.0,14374.706999999984,-14374.706999999984,-1687269.638
2026-04-30 13:25:00,83.16,83.16,83.04,83.07,5050.108,83.16,83.16,83.04,83.07,5050.108,-0.0010822510822511289,-0.0010828371388320486,0.0,16859.720999999987,-16859.720999999987,-1704129.359
2026-04-30 13:30:00,83.07,83.13,82.88,83.08,9843.233,83.07,83.13,82.88,83.08,9843.233,0.00012038040207063005,0.00012037315693147139,0.0,16171.41899999999,-16171.41899999999,-1720300.778
2026-04-30 13:35:00,83.08,83.21,83.01,83.2,6898.568,83.08,83.21,83.01,83.2,6898.568,0.001444390948483365,0.0014433488192513277,0.0,15281.414000000022,-15281.414000000022,-1735582.192
2026-04-30 13:40:00,83.2,83.55,83.19,83.54,10125.302,83.2,83.55,83.19,83.54,10125.302,0.0040865384615385025,0.00407821124186641,0.0,14131.372000000014,-14131.372000000014,-1749713.564
2026-04-30 13:45:00,83.54,83.56,83.29,83.37,6546.333,83.54,83.56,83.29,83.37,6546.333,-0.002034953315776855,-0.0020370266465072175,0.0,10776.476999999999,-10776.476999999999,-1760490.041
2026-04-30 13:50:00,83.37,83.4,83.23,83.23,4173.317,83.37,83.4,83.23,83.23,4173.317,-0.0016792611251049694,-0.001680672664518289,0.0,10606.417000000005,-10606.417000000005,-1771096.4579999999
2026-04-30 13:55:00,83.23,83.36,83.18,83.21,3818.944,83.23,83.36,83.18,83.21,3818.944,-0.00024029796948232818,-0.00024032684566541494,0.0,10979.010999999993,-10979.010999999993,-1782075.4689999998
2026-04-30 14:00:00,83.22,83.42,83.17,83.32,4558.878,83.22,83.42,83.17,83.32,4558.878,0.0013219564956135077,0.0013210834804327208,0.0,15058.752000000004,-15058.752000000004,-1797134.221
2026-04-30 14:05:00,83.32,83.41,83.12,83.21,9916.886,83.32,83.41,83.12,83.21,9916.886,-0.0013202112337974414,-0.001321083480432755,0.0,17386.799999999992,-17386.799999999992,-1814521.021
2026-04-30 14:10:00,83.21,83.23,83.02,83.14,3219.703,83.21,83.23,83.02,83.14,3219.703,-0.0008412450426630302,-0.0008415990878470294,0.0,16694.070999999985,-16694.070999999985,-1831215.092
2026-04-30 14:15:00,83.15,83.16,82.69,82.89,15131.412,83.15,83.16,82.69,82.89,15131.412,-0.0030069761847486554,-0.0030115062210565617,0.0,17713.130999999972,-17713.130999999972,-1848928.223
2026-04-30 14:20:00,82.89,83.03,82.86,82.94,3478.086,82.89,83.03,82.86,82.94,3478.086,0.0006032090722645211,0.0006030272148004631,0.0,12139.157000000023,-12139.157000000023,-1861067.3800000001
2026-04-30 14:25:00,82.94,83.01,82.77,83.01,5651.133,82.94,83.01,82.77,83.01,5651.133,0.0008439836026044034,0.0008436276487090918,0.0,19829.91999999999,-19829.91999999999,-1880897.3
2026-04-30 14:30:00,83.0,83.33,82.95,83.05,14178.787,83.0,83.33,82.95,83.05,14178.787,0.00048186965425833783,0.0004817535923594649,0.0,17356.490000000005,-17356.490000000005,-1898253.79
2026-04-30 14:35:00,83.05,83.14,82.92,82.93,5207.334,83.05,83.14,82.92,82.93,5207.334,-0.0014449127031906928,-0.0014459575961913483,0.0,13066.51400000001,-13066.51400000001,-1911320.304
2026-04-30 14:40:00,82.94,83.15,82.92,83.11,5253.875,82.94,83.15,82.92,83.11,5253.875,0.002170505245387533,0.0021681531018224605,0.0,11993.439000000028,-11993.439000000028,-1923313.743
2026-04-30 14:45:00,83.11,83.29,83.07,83.26,8317.878,83.11,83.29,83.07,83.26,8317.878,0.0018048369630609962,0.001803210201894393,0.0,12004.47299999999,-12004.47299999999,-1935318.216
2026-04-30 14:50:00,83.26,83.38,83.23,83.24,6708.459,83.26,83.38,83.23,83.24,6708.459,-0.0002402113860198174,-0.00024024024139582327,0.0,8887.272999999996,-8887.272999999996,-1944205.489
2026-04-30 14:55:00,83.23,83.26,83.11,83.23,6733.549,83.23,83.26,83.11,83.23,6733.549,-0.00012013455069670442,-0.00012014176742983176,0.0,13055.989000000001,-13055.989000000001,-1957261.4780000001
2026-04-30 15:00:00,83.23,83.36,83.03,83.15,4838.935,83.23,83.36,83.03,83.15,4838.935,-0.0009611918779286466,-0.000961654119067101,0.0,10601.81299999998,-10601.81299999998,-1967863.2910000002
2026-04-30 15:05:00,83.14,83.29,83.08,83.28,3020.206,83.14,83.29,83.08,83.28,3020.206,0.0015634395670474088,0.0015622186677766662,0.0,9505.433999999985,-9505.433999999985,-1977368.725
2026-04-30 15:10:00,83.29,83.33,83.19,83.32,3689.936,83.29,83.33,83.19,83.32,3689.936,0.0004803073967338811,0.0004801920860577721,0.0,14577.346000000021,-14577.346000000021,-1991946.0710000002
2026-04-30 15:15:00,83.32,83.34,83.21,83.3,2724.909,83.32,83.34,83.21,83.3,2724.909,-0.00024003840614494898,-0.00024006721997420395,0.0,21979.60200000002,-21979.60200000002,-2013925.6730000002
2026-04-30 15:20:00,83.3,83.31,83.22,83.27,6143.999,83.3,83.31,83.22,83.27,6143.999,-0.00036014405762307966,-0.0003602089250690846,0.0,30512.58100000004,-30512.58100000004,-2044438.2540000002
2026-04-30 15:25:00,83.28,83.52,83.23,83.51,21058.953,83.28,83.52,83.23,83.51,21058.953,0.0028821904647533536,0.0028780449174102387,0.0,30730.735000000084,-30730.735000000084,-2075168.9890000003
2026-04-30 15:30:00,83.52,83.83,83.38,83.4,23038.183,83.52,83.83,83.38,83.4,23038.183,-0.001317207520057484,-0.001318075800436982,0.0,20711.817000000006,-20711.817000000006,-2095880.8060000003
2026-04-30 15:35:00,83.4,83.41,83.29,83.36,3543.248,83.4,83.41,83.29,83.36,3543.248,-0.0004796163069544779,-0.0004797313596443277,0.0,15631.302999999998,-15631.302999999998,-2111512.109
2026-04-30 15:40:00,83.36,83.38,83.23,83.32,8516.16,83.36,83.38,83.23,83.32,8516.16,-0.0004798464491363452,-0.00047996161228561196,0.0,14919.778999999995,-14919.778999999995,-2126431.8880000003
2026-04-30 15:45:00,83.32,83.32,83.16,83.31,4185.69,83.32,83.32,83.16,83.31,4185.69,-0.00012001920307236347,-0.00012002640595324497,0.0,11436.672000000015,-11436.672000000015,-2137868.56
2026-04-30 15:50:00,83.31,83.42,83.28,83.4,2458.295,83.31,83.42,83.28,83.4,2458.295,0.0010803024846957054,0.001079719377883193,0.0,10867.576000000001,-10867.576000000001,-2148736.136
2026-04-30 15:55:00,83.4,83.48,83.35,83.36,3924.344,83.4,83.48,83.35,83.36,3924.344,-0.0004796163069544779,-0.0004797313596443277,0.0,10109.54699999999,-10109.54699999999,-2158845.6829999997
2026-04-30 16:00:00,83.36,83.42,83.21,83.38,4408.039,83.36,83.42,83.21,83.38,4408.039,0.00023992322456800608,0.00023989444759391345,0.0,7866.783999999974,-7866.783999999974,-2166712.4669999997
2026-04-30 16:05:00,83.39,83.43,83.31,83.31,1641.362,83.39,83.43,83.31,83.31,1641.362,-0.0008395298632765114,-0.000839882465832908,0.0,5804.051999999992,-5804.051999999992,-2172516.519
2026-04-30 16:10:00,83.3,83.4,83.28,83.38,1753.22,83.3,83.4,83.28,83.38,1753.22,0.0008402352658742895,0.0008398824658328066,0.0,8638.448000000002,-8638.448000000002,-2181154.9669999997
2026-04-30 16:15:00,83.37,83.37,83.28,83.29,1507.353,83.37,83.37,83.28,83.29,1507.353,-0.00107939553849834,-0.0010799785054016104,0.0,11464.913999999997,-11464.913999999997,-2192619.8809999996
2026-04-30 16:20:00,83.29,83.32,83.22,83.23,1729.951,83.29,83.32,83.22,83.23,1729.951,-0.0007203745947893525,-0.0007206341892454158,0.0,11763.053000000009,-11763.053000000009,-2204382.9339999994
2026-04-30 16:25:00,83.22,83.24,83.1,83.21,6035.828,83.22,83.24,83.1,83.21,6035.828,-0.00024029796948232818,-0.00024032684566541494,0.0,11543.632000000012,-11543.632000000012,-2215926.5659999996
2026-04-30 16:30:00,83.22,83.24,83.13,83.23,3369.613,83.22,83.24,83.13,83.23,3369.613,0.00024035572647540526,0.00024032684566546652,0.0,7792.447999999997,-7792.447999999997,-2223719.0139999995
2026-04-30 16:35:00,83.24,83.24,83.15,83.22,1212.555,83.24,83.24,83.15,83.22,1212.555,-0.00012014898474110858,-0.00012015620320857588,0.0,6192.543000000002,-6192.543000000002,-2229911.5569999996
2026-04-30 16:40:00,83.21,83.25,83.17,83.2,1802.038,83.21,83.25,83.17,83.2,1802.038,-0.00024032684450847608,-0.0002403557276322578,0.0,7490.742999999997,-7490.742999999997,-2237402.2999999993
2026-04-30 16:45:00,83.2,83.23,83.15,83.23,1852.797,83.2,83.23,83.15,83.23,1852.797,0.00036057692307700506,0.00036051193084094154,0.0,15419.327999999992,-15419.327999999992,-2252821.6279999996
2026-04-30 16:50:00,83.23,83.24,83.11,83.16,1936.503,83.23,83.24,83.11,83.16,1936.503,-0.000841042893187649,-0.0008413967681916905,0.0,16683.11400000001,-16683.11400000001,-2269504.7419999996
2026-04-30 16:55:00,83.15,83.15,82.94,83.02,9324.509,83.15,83.15,82.94,83.02,9324.509,-0.0016835016835017313,-0.0016849203649195231,0.0,18122.314000000002,-18122.314000000002,-2287627.0559999994
2026-04-30 17:00:00,83.02,83.12,83.0,83.05,5119.212,83.02,83.12,83.0,83.05,5119.212,0.00036135870874498544,0.00036129343441128505,0.0,13610.982000000015,-13610.982000000015,-2301238.0379999992
2026-04-30 17:05:00,83.05,83.14,83.03,83.13,3663.891,83.05,83.14,83.03,83.13,3663.891,0.0009632751354604618,0.0009628114836927543,0.0,14917.26200000001,-14917.26200000001,-2316155.2999999993
2026-04-30 17:10:00,83.12,83.13,82.94,83.04,4698.5,83.12,83.13,82.94,83.04,4698.5,-0.0010826416456152232,-0.0010832281254181514,0.0,15039.829000000016,-15039.829000000016,-2331195.1289999993
2026-04-30 17:15:00,83.03,83.03,82.87,82.95,6786.506,83.03,83.03,82.87,82.95,6786.506,-0.0010838150289017578,-0.0010844027811250346,0.0,18361.06100000002,-18361.06100000002,-2349556.1899999995
2026-04-30 17:20:00,82.95,82.99,82.92,82.94,4034.202,82.95,82.99,82.92,82.94,4034.202,-0.00012055455093440415,-0.00012056181821835495,0.0,18211.972000000005,-18211.972000000005,-2367768.1619999995
2026-04-30 17:25:00,82.95,82.96,82.91,82.93,5335.798,82.95,82.96,82.91,82.93,5335.798,-0.00012056908608626404,-0.00012057635512281048,0.0,18710.588000000025,-18710.588000000025,-2386478.7499999995
2026-04-30 17:30:00,82.93,83.09,82.88,82.98,8841.972,82.93,83.09,82.88,82.98,8841.972,0.0006029181237188208,0.0006027364416094896,0.0,17119.906000000025,-17119.906000000025,-2403598.6559999995
2026-04-30 17:35:00,82.98,82.99,82.92,82.96,3509.655,82.98,82.99,82.92,82.96,3509.655,-0.0002410219329960217,-0.00024105098345007244,0.0,14904.252000000011,-14904.252000000011,-2418502.9079999994
2026-04-30 17:40:00,82.96,82.99,82.94,82.98,2945.376,82.96,82.99,82.94,82.98,2945.376,0.00024108003857303828,0.0002410509834501854,0.0,14570.132,-14570.132,-2433073.0399999996
2026-04-30 17:45:00,82.98,83.07,82.98,83.04,4259.516,82.98,83.07,82.98,83.04,4259.516,0.0007230657989878431,0.0007228045128568005,0.0,15016.261000000033,-15016.261000000033,-2448089.3009999995
2026-04-30 17:50:00,83.04,83.06,82.98,83.05,4090.581,83.04,83.06,82.98,83.05,4090.581,0.00012042389209998561,0.00012041664172516442,0.0,12686.318000000048,-12686.318000000048,-2460775.6189999995
2026-04-30 17:55:00,83.05,83.11,83.03,83.04,3274.659,83.05,83.11,83.03,83.04,3274.659,-0.00012040939193247446,-0.00012041664172527517,0.0,10636.051999999994,-10636.051999999994,-2471411.6709999996
2026-04-30 18:00:00,83.03,83.31,83.03,83.25,4682.62,83.03,83.31,83.03,83.25,4682.62,0.0025289017341039166,0.002525709442974571,0.0,9798.216,-9798.216,-2481209.8869999996
2026-04-30 18:05:00,83.24,83.25,83.1,83.15,2140.108,83.24,83.25,83.1,83.15,2140.108,-0.001201201201201152,-0.0012019232216164766,0.0,8708.714999999993,-8708.714999999993,-2489918.6019999995
2026-04-30 18:10:00,83.15,83.15,83.07,83.08,2324.618,83.15,83.15,83.07,83.08,2324.618,-0.0008418520745641089,-0.000842206631025194,0.0,8294.826999999994,-8294.826999999994,-2498213.4289999995
2026-04-30 18:15:00,83.08,83.28,83.06,83.21,3263.696,83.08,83.28,83.06,83.21,3263.696,0.0015647568608569973,0.001563533904426959,0.0,10427.31799999997,-10427.31799999997,-2508640.7469999995
2026-04-30 18:20:00,83.2,83.23,83.15,83.17,1155.497,83.2,83.23,83.15,83.17,1155.497,-0.0004807114529502554,-0.00048082703174227105,0.0,9731.020999999992,-9731.020999999992,-2518371.7679999997
2026-04-30 18:25:00,83.17,83.18,83.03,83.05,1604.866,83.17,83.18,83.03,83.05,1604.866,-0.0014428279427678437,-0.0014438698212922807,0.0,14806.243999999986,-14806.243999999986,-2533178.0119999996
2026-04-30 18:30:00,83.06,83.14,82.98,83.06,5455.642,83.06,83.14,82.98,83.06,5455.642,0.00012040939193269651,0.00012040214330372654,0.0,14624.078000000009,-14624.078000000009,-2547802.09
2026-04-30 18:35:00,83.06,83.1,83.05,83.09,1343.342,83.06,83.1,83.05,83.09,1343.342,0.0003611846857694001,0.00036111947428257065,0.0,12287.034,-12287.034,-2560089.124
2026-04-30 18:40:00,83.08,83.21,83.06,83.14,6399.101,83.08,83.21,83.06,83.14,6399.101,0.0006017571308218894,0.0006015761476012979,0.0,12695.711999999987,-12695.711999999987,-2572784.8359999997
2026-04-30 18:45:00,83.14,83.18,83.13,83.17,912.456,83.14,83.18,83.13,83.17,912.456,0.0003608371421699452,0.00036077205610486965,0.0,10567.37899999999,-10567.37899999999,-2583352.215
2026-04-30 18:50:00,83.18,83.25,83.15,83.16,1991.845,83.18,83.25,83.15,83.16,1991.845,-0.00012023566189733881,-0.0001202428907839872,0.0,13010.081999999975,-13010.081999999975,-2596362.297
2026-04-30 18:55:00,83.16,83.16,83.06,83.07,2109.55,83.16,83.16,83.06,83.07,2109.55,-0.0010822510822511289,-0.0010828371388320486,0.0,16194.578999999987,-16194.578999999987,-2612556.8759999997
2026-04-30 19:00:00,83.06,83.1,83.0,83.04,4131.698,83.06,83.1,83.0,83.04,4131.698,-0.0003611412062114461,-0.00036120643340148146,0.0,15115.224000000007,-15115.224000000007,-2627672.0999999996
2026-04-30 19:05:00,83.04,83.2,83.04,83.17,5828.785,83.04,83.2,83.04,83.17,5828.785,0.0015655105973024774,0.001564286463017606,0.0,16514.843999999997,-16514.843999999997,-2644186.9439999997
2026-04-30 19:10:00,83.17,83.27,83.15,83.2,4888.727,83.17,83.27,83.15,83.2,4888.727,0.0003607069856919054,0.0003606419465667164,0.0,14675.315999999986,-14675.315999999986,-2658862.26
2026-04-30 19:15:00,83.2,83.2,83.12,83.12,1677.913,83.2,83.2,83.12,83.12,1677.913,-0.0009615384615384581,-0.0009620010361909521,0.0,11792.190000000011,-11792.190000000011,-2670654.4499999997
2026-04-30 19:20:00,83.12,83.18,83.08,83.18,5384.829,83.12,83.18,83.08,83.18,5384.829,0.0007218479307027348,0.0007215875237937951,0.0,13782.461000000018,-13782.461000000018,-2684436.911
2026-04-30 19:25:00,83.18,83.2,83.13,83.16,2825.541,83.18,83.2,83.13,83.16,2825.541,-0.00024044241404197475,-0.0002404713249535757,0.0,10176.604999999978,-10176.604999999978,-2694613.516
2026-04-30 19:30:00,83.16,83.24,83.16,83.21,1917.429,83.16,83.24,83.16,83.21,1917.429,0.0006012506012504915,0.0006010699225262396,0.0,11025.750999999982,-11025.750999999982,-2705639.267
2026-04-30 19:35:00,83.21,83.28,83.19,83.28,3866.138,83.21,83.28,83.19,83.28,3866.138,0.0008412450426631413,0.0008408913943749203,0.0,12435.674999999967,-12435.674999999967,-2718074.942
2026-04-30 19:40:00,83.27,83.29,83.23,83.26,1380.032,83.27,83.29,83.23,83.26,1380.032,-0.00024015369836694056,-0.00024018253988405063,0.0,12114.691999999995,-12114.691999999995,-2730189.6339999996
2026-04-30 19:45:00,83.25,83.25,83.15,83.17,1250.862,83.25,83.25,83.15,83.17,1250.862,-0.0010809512370887342,-0.0010815358862333341,0.0,14486.735,-14486.735,-2744676.3689999995
2026-04-30 19:50:00,83.17,83.19,83.06,83.08,6299.088,83.17,83.19,83.06,83.08,6299.088,-0.0010821209570759383,-0.0010827068726846545,0.0,15224.813999999995,-15224.813999999995,-2759901.1829999993
2026-04-30 19:55:00,83.09,83.12,83.04,83.04,5932.649,83.09,83.12,83.04,83.04,5932.649,-0.000481463649494418,-0.00048157959033300323,0.0,12674.807999999985,-12674.807999999985,-2772575.9909999995
2026-04-30 20:00:00,83.04,83.06,82.97,83.01,3312.282,83.04,83.06,82.97,83.01,3312.282,-0.00036127167630062296,-0.0003613369506343235,0.0,11294.067999999987,-11294.067999999987,-2783870.0589999994
2026-04-30 20:05:00,83.02,83.06,83.0,83.04,3119.22,83.02,83.06,83.0,83.04,3119.22,0.0003614022406939199,0.00036133695063430616,0.0,11291.962000000016,-11291.962000000016,-2795162.0209999993
2026-04-30 20:10:00,83.04,83.13,83.02,83.09,5019.178,83.04,83.13,83.02,83.09,5019.178,0.0006021194605010383,0.000601938259311541,0.0,11016.677000000005,-11016.677000000005,-2806178.6979999994
2026-04-30 20:15:00,83.09,83.13,83.02,83.07,2820.215,83.09,83.13,83.02,83.07,2820.215,-0.0002407028523289112,-0.00024073182590991316,0.0,10617.895,-10617.895,-2816796.5929999994
2026-04-30 20:20:00,83.06,83.18,83.06,83.13,3826.291,83.06,83.18,83.06,83.13,3826.291,0.0007222824124233362,0.0007220216920166442,0.0,10073.675999999989,-10073.675999999989,-2826870.2689999994
2026-04-30 20:25:00,83.13,83.13,83.09,83.12,1555.757,83.13,83.13,83.09,83.12,1555.757,-0.00012029351617937056,-0.0001203007520246773,0.0,9982.426000000001,-9982.426000000001,-2836852.6949999994
2026-04-30 20:30:00,83.11,83.15,83.05,83.14,5793.939,83.11,83.15,83.05,83.14,5793.939,0.00024061597690083758,0.00024058703351940118,0.0,10953.869999999995,-10953.869999999995,-2847806.5649999995
2026-04-30 20:35:00,83.15,83.18,83.13,83.17,2652.375,83.15,83.18,83.13,83.17,2652.375,0.0003608371421699452,0.00036077205610486965,0.0,10579.302999999996,-10579.302999999996,-2858385.8679999993
2026-04-30 20:40:00,83.16,83.19,83.13,83.16,2576.265,83.16,83.19,83.13,83.16,2576.265,-0.00012023566189733881,-0.0001202428907839872,0.0,10889.251000000018,-10889.251000000018,-2869275.1189999995
2026-04-30 20:45:00,83.16,83.18,83.1,83.16,4240.54,83.16,83.18,83.1,83.16,4240.54,0.0,0.0,0.0,10317.777000000013,-10317.777000000013,-2879592.8959999997
2026-04-30 20:50:00,83.16,83.16,83.11,83.14,1325.252,83.16,83.16,83.11,83.14,1325.252,-0.00024050024050015217,-0.00024052916532070297,0.0,8041.997999999985,-8041.997999999985,-2887634.894
2026-04-30 20:55:00,83.13,83.15,83.08,83.09,2604.732,83.13,83.15,83.08,83.09,2604.732,-0.0006013952369496867,-0.0006015761476013719,0.0,7954.031999999981,-7954.031999999981,-2895588.926
2026-04-30 21:00:00,83.1,83.13,83.09,83.13,1633.883,83.1,83.13,83.09,83.13,1633.883,0.00048140570465760035,0.00048128986610676365,0.0,6941.215999999984,-6941.215999999984,-2902530.142
2026-04-30 21:05:00,83.12,83.14,83.04,83.05,1315.199,83.12,83.14,83.04,83.05,1315.199,-0.0009623481294358527,-0.0009628114836928875,0.0,7146.669999999987,-7146.669999999987,-2909676.812
2026-04-30 21:10:00,83.05,83.14,83.04,83.14,1236.233,83.05,83.14,83.04,83.14,1236.233,0.0010836845273931583,0.001083097765187525,0.0,7987.61099999999,-7987.61099999999,-2917664.423
2026-04-30 21:15:00,83.14,83.14,83.07,83.07,846.175,83.14,83.14,83.07,83.07,846.175,-0.0008419533317296501,-0.0008423079735112482,0.0,11322.584000000006,-11322.584000000006,-2928987.0069999998
2026-04-30 21:20:00,83.08,83.11,83.0,83.04,1602.298,83.08,83.11,83.0,83.04,1602.298,-0.0003611412062114461,-0.00036120643340148146,0.0,12669.688000000002,-12669.688000000002,-2941656.695
2026-04-30 21:25:00,83.04,83.05,82.95,82.98,1805.369,83.04,83.05,82.95,82.98,1805.369,-0.0007225433526011349,-0.0007228045128566443,0.0,13505.255,-13505.255,-2955161.9499999997
2026-04-30 21:30:00,82.98,83.03,82.96,83.03,2248.75,82.98,83.03,82.96,83.03,2248.75,0.0006025548324897212,0.0006023733692173649,0.0,13467.317999999996,-13467.317999999996,-2968629.2679999997
2026-04-30 21:35:00,83.02,83.09,82.98,82.99,4684.068,83.02,83.09,82.98,82.99,4684.068,-0.0004817535830423658,-0.0004818696635827275,0.0,12465.080000000013,-12465.080000000013,-2981094.3479999998
2026-04-30 21:40:00,82.99,83.04,82.97,83.01,4482.743,82.99,83.04,82.97,83.01,4482.743,0.00024099289070989016,0.00024096385658778816,0.0,9021.763999999996,-9021.763999999996,-2990116.1119999997
2026-04-30 21:45:00,83.02,83.02,82.91,82.93,2535.82,83.02,83.02,82.91,82.93,2535.82,-0.0009637393085170087,-0.0009642040038318172,0.0,6353.189000000002,-6353.189000000002,-2996469.3009999995
2026-04-30 21:50:00,82.93,82.95,82.88,82.89,3135.954,82.93,82.95,82.88,82.89,3135.954,-0.00048233449897516767,-0.00048245085967764357,0.0,6296.402000000012,-6296.402000000012,-3002765.7029999997
2026-04-30 21:55:00,82.89,82.92,82.83,82.85,6341.724,82.89,82.92,82.83,82.85,6341.724,-0.0004825672578115947,-0.0004826837308629785,0.0,15902.163999999993,-15902.163999999993,-3018667.8669999996
2026-04-30 22:00:00,82.86,82.94,82.79,82.85,9678.747,82.86,82.94,82.79,82.85,9678.747,0.0,0.0,0.0,16998.484000000004,-16998.484000000004,-3035666.351
2026-04-30 22:05:00,82.84,82.9,82.83,82.83,2695.693,82.84,82.9,82.83,82.83,2695.693,-0.00024140012070006378,-0.00024142926239916827,0.0,11624.272000000006,-11624.272000000006,-3047290.6229999997
2026-04-30 22:10:00,82.83,82.91,82.81,82.9,2644.048,82.83,82.91,82.81,82.9,2644.048,0.0008451044307618005,0.0008447475310765362,0.0,11871.430000000013,-11871.430000000013,-3059162.053
2026-04-30 22:15:00,82.91,82.99,82.89,82.94,3413.07,82.91,82.99,82.89,82.94,3413.07,0.0004825090470446103,0.00048239267698593633,0.0,10708.305,-10708.305,-3069870.358
2026-04-30 22:20:00,82.94,82.98,82.93,82.97,2082.183,82.94,82.98,82.93,82.97,2082.183,0.00036170725825890315,0.00036164185795859816,0.0,9243.824000000019,-9243.824000000019,-3079114.182
2026-04-30 22:25:00,82.96,83.02,82.95,83.01,2012.818,82.96,83.02,82.95,83.01,2012.818,0.0004821019645655511,0.00048198579075034876,0.0,8320.88800000001,-8320.88800000001,-3087435.07
2026-04-30 22:30:00,83.0,83.04,82.89,82.9,1799.599,83.0,83.04,82.89,82.9,1799.599,-0.0013251415492109286,-0.001326020325694929,0.0,8074.244000000003,-8074.244000000003,-3095509.314
2026-04-30 22:35:00,82.9,82.91,82.8,82.86,1571.973,82.9,82.91,82.8,82.86,1571.973,-0.0004825090470447213,-0.0004826254919936287,0.0,8761.110999999988,-8761.110999999988,-3104270.425
2026-04-30 22:40:00,82.86,82.9,82.84,82.9,1523.088,82.86,82.9,82.84,82.9,1523.088,0.0004827419744146688,0.0004826254919935329,0.0,8699.132000000001,-8699.132000000001,-3112969.557
2026-04-30 22:45:00,82.9,82.92,82.85,82.92,1182.763,82.9,82.92,82.85,82.92,1182.763,0.00024125452352219412,0.00024122542632942635,0.0,8708.773999999996,-8708.773999999996,-3121678.3310000002
2026-04-30 22:50:00,82.92,82.94,82.82,82.84,1593.169,82.92,82.94,82.82,82.84,1593.169,-0.0009647853352628966,-0.0009652510401954202,0.0,8752.864000000005,-8752.864000000005,-3130431.1950000003
2026-04-30 22:55:00,82.84,82.85,82.78,82.85,1964.516,82.84,82.85,82.78,82.85,1964.516,0.000120714630613028,0.00012070734518830499,0.0,9089.240999999989,-9089.240999999989,-3139520.436
2026-04-30 23:00:00,82.85,82.9,82.85,82.9,2116.02,82.85,82.9,82.85,82.9,2116.02,0.0006035003017503815,0.0006033182686776026,0.0,8701.712999999987,-8701.712999999987,-3148222.149
2026-04-30 23:05:00,82.89,82.95,82.85,82.85,1607.597,82.89,82.95,82.85,82.85,1607.597,-0.0006031363088059294,-0.0006033182686775115,0.0,9725.466999999999,-9725.466999999999,-3157947.6160000004
2026-04-30 23:10:00,82.86,82.96,82.86,82.96,1414.642,82.86,82.96,82.86,82.96,1414.642,0.0013277006638503508,0.0013268200486999896,0.0,11088.135999999979,-11088.135999999979,-3169035.7520000003
2026-04-30 23:15:00,82.95,82.99,82.95,82.97,977.817,82.95,82.99,82.95,82.97,977.817,0.00012054001928651914,0.0001205327549221529,0.0,11003.337999999983,-11003.337999999983,-3180039.0900000003
2026-04-30 23:20:00,82.98,83.0,82.95,82.99,1988.75,82.98,83.0,82.95,82.99,1988.75,0.00024105098228277555,0.00024102193416270396,0.0,11026.447999999984,-11026.447999999984,-3191065.538
2026-04-30 23:25:00,83.0,83.01,82.95,83.01,1086.496,83.0,83.01,82.95,83.01,1086.496,0.00024099289070989016,0.00024096385658778816,0.0,9742.269999999982,-9742.269999999982,-3200807.808
2026-04-30 23:30:00,83.01,83.09,83.01,83.03,5186.045,83.01,83.09,83.01,83.03,5186.045,0.00024093482712927994,0.0002409058069950318,0.0,10290.968000000003,-10290.968000000003,-3211098.776
2026-04-30 23:35:00,83.02,83.05,83.02,83.04,1163.901,83.02,83.05,83.02,83.04,1163.901,0.00012043839576070248,0.00012043114363939916,0.0,8755.792000000009,-8755.792000000009,-3219854.568
2026-04-30 23:40:00,83.05,83.05,83.01,83.03,871.457,83.05,83.05,83.01,83.03,871.457,-0.00012042389210020765,-0.00012043114363928014,0.0,8956.058999999983,-8956.058999999983,-3228810.627
2026-04-30 23:45:00,83.03,83.05,83.0,83.05,1129.387,83.03,83.05,83.0,83.05,1129.387,0.0002408767915211829,0.00024084778536468258,0.0,9545.52299999998,-9545.52299999998,-3238356.15
2026-04-30 23:50:00,83.05,83.09,83.04,83.07,804.473,83.05,83.09,83.04,83.07,804.473,0.00024081878386517097,0.0002407897916763222,0.0,9364.093999999974,-9364.093999999974,-3247720.244
2026-04-30 23:55:00,83.07,83.09,83.03,83.09,3209.873,83.07,83.09,83.03,83.09,3209.873,0.0002407608041412601,0.00024073182590997628,0.0,9819.042999999961,-9819.042999999961,-3257539.287
2026-05-01 00:00:00,83.09,83.33,83.08,83.3,4067.308,83.09,83.33,83.08,83.3,4067.308,0.002527379949452291,0.0025241914959069226,0.0,9956.102999999976,-9956.102999999976,-3267495.39
2026-05-01 00:05:00,83.29,83.31,83.22,83.28,1260.256,83.29,83.31,83.22,83.28,1260.256,-0.00024009603841534943,-0.00024012486608354576,0.0,10800.123000000012,-10800.123000000012,-3278295.5130000003
2026-05-01 00:10:00,83.28,83.3,83.24,83.25,2255.484,83.28,83.3,83.24,83.25,2255.484,-0.00036023054755041084,-0.0003602954461602142,0.0,12935.788000000008,-12935.788000000008,-3291231.3010000004
2026-05-01 00:15:00,83.26,83.36,83.26,83.27,4686.619,83.26,83.36,83.26,83.27,4686.619,0.00024024024024016377,0.00024021138717466754,0.0,15263.373999999982,-15263.373999999982,-3306494.6750000003
2026-05-01 00:20:00,83.27,83.29,83.23,83.24,2610.148,83.27,83.29,83.23,83.24,2610.148,-0.0003602738080941137,-0.00036033872229423856,0.0,15966.62699999998,-15966.62699999998,-3322461.302
2026-05-01 00:25:00,83.24,83.29,83.23,83.27,2585.604,83.24,83.29,83.23,83.27,2585.604,0.0003604036520903353,0.0003603387222942706,0.0,15997.93399999998,-15997.93399999998,-3338459.236
2026-05-01 00:30:00,83.28,83.33,83.16,83.2,9645.087,83.28,83.33,83.16,83.2,9645.087,-0.000840638885552969,-0.0008409924205649924,0.0,16113.798999999975,-16113.798999999975,-3354573.035
2026-05-01 00:35:00,83.2,83.25,83.19,83.23,3891.839,83.2,83.25,83.19,83.23,3891.839,0.00036057692307700506,0.00036051193084094154,0.0,16528.63500000001,-16528.63500000001,-3371101.67
2026-05-01 00:40:00,83.23,83.32,83.23,83.31,3471.672,83.23,83.32,83.23,83.31,3471.672,0.0009611918779286466,0.0009607302288141184,0.0,17571.772000000037,-17571.772000000037,-3388673.442
2026-05-01 00:45:00,83.32,83.41,83.2,83.21,11510.9,83.32,83.41,83.2,83.21,11510.9,-0.0012003360941064134,-0.0012010570744794117,0.0,17322.976000000002,-17322.976000000002,-3405996.4179999996
2026-05-01 00:50:00,83.21,83.22,83.18,83.2,2524.361,83.21,83.22,83.18,83.2,2524.361,-0.00012017786323748059,-0.00012018508517550393,0.0,11317.955000000013,-11317.955000000013,-3417314.3729999997
2026-05-01 00:55:00,83.2,83.23,83.14,83.2,3037.571,83.2,83.23,83.14,83.2,3037.571,0.0,0.0,0.0,11834.58899999997,-11834.58899999997,-3429148.962
2026-05-01 01:00:00,83.2,83.24,83.19,83.24,1868.674,83.2,83.24,83.19,83.24,1868.674,0.00048076923076911804,0.0004806536982706546,0.0,12533.271000000002,-12533.271000000002,-3441682.233
2026-05-01 01:05:00,83.24,83.46,83.23,83.37,5080.68,83.24,83.46,83.23,83.37,5080.68,0.0015617491590582677,0.0015605308970884882,0.0,16133.389999999994,-16133.389999999994,-3457815.623
2026-05-01 01:10:00,83.37,83.43,83.3,83.38,5332.846,83.37,83.43,83.3,83.38,5332.846,0.000119947223221617,0.00011994003012862631,0.0,19198.973000000027,-19198.973000000027,-3477014.5960000004
2026-05-01 01:15:00,83.38,83.47,83.38,83.44,9709.536,83.38,83.47,83.38,83.44,9709.536,0.000719597025665708,0.0007193382398662538,0.0,17559.505000000016,-17559.505000000016,-3494574.1010000003
2026-05-01 01:20:00,83.45,83.46,83.4,83.41,4668.311,83.45,83.46,83.4,83.41,4668.311,-0.00035953978906999584,-0.0003596044389965698,0.0,12606.130999999992,-12606.130999999992,-3507180.2320000003
2026-05-01 01:25:00,83.4,83.42,83.35,83.36,1756.175,83.4,83.42,83.35,83.36,1756.175,-0.0005994485073731459,-0.0005996282484635835,0.0,14317.148999999992,-14317.148999999992,-3521497.3810000005
2026-05-01 01:30:00,83.37,83.4,83.35,83.39,2874.101,83.37,83.4,83.35,83.39,2874.101,0.00035988483685223116,0.00035982009383722023,0.0,17468.13299999999,-17468.13299999999,-3538965.5140000004
2026-05-01 01:35:00,83.4,83.44,83.39,83.44,2396.375,83.4,83.44,83.39,83.44,2396.375,0.0005995922772514817,0.0005994125936230349,0.0,18552.769000000037,-18552.769000000037,-3557518.2830000003
2026-05-01 01:40:00,83.44,83.56,83.43,83.54,6846.534,83.44,83.56,83.43,83.54,6846.534,0.0011984659635666528,0.001197748376512289,0.0,18549.876000000004,-18549.876000000004,-3576068.1590000005
2026-05-01 01:45:00,83.55,83.65,83.52,83.64,8586.348,83.55,83.65,83.52,83.64,8586.348,0.0011970313622216011,0.0011963154914034601,0.0,15794.099999999971,-15794.099999999971,-3591862.2590000005
2026-05-01 01:50:00,83.63,83.69,83.61,83.65,6683.713,83.63,83.69,83.61,83.65,6683.713,0.00011956001912971637,0.00011955287240026562,0.0,10561.425999999989,-10561.425999999989,-3602423.6850000005
2026-05-01 01:55:00,83.65,83.68,83.59,83.61,3831.087,83.65,83.68,83.59,83.61,3831.087,-0.00047818290496126625,-0.00047829727086656527,0.0,12069.656999999987,-12069.656999999987,-3614493.3420000006
2026-05-01 02:00:00,83.62,83.64,83.56,83.61,4169.628,83.62,83.64,83.56,83.61,4169.628,0.0,0.0,0.0,11476.462999999994,-11476.462999999994,-3625969.8050000006
2026-05-01 02:05:00,83.6,83.72,83.58,83.7,4689.584,83.6,83.72,83.58,83.7,4689.584,0.0010764262648008671,0.00107584733346311,0.0,9984.445999999962,-9984.445999999962,-3635954.2510000006
2026-05-01 02:10:00,83.7,83.7,83.63,83.63,2253.897,83.7,83.7,83.63,83.63,2253.897,-0.000836320191158979,-0.0008366701019953168,0.0,8660.613999999976,-8660.613999999976,-3644614.8650000007
2026-05-01 02:15:00,83.64,83.7,83.6,83.6,2052.552,83.64,83.7,83.6,83.6,2052.552,-0.00035872294631111856,-0.00035878730277844485,0.0,9926.445999999982,-9926.445999999982,-3654541.3110000007
2026-05-01 02:20:00,83.59,83.6,83.52,83.54,3324.199,83.59,83.6,83.52,83.54,3324.199,-0.0007177033492821172,-0.0007179610216264821,0.0,10540.400999999998,-10540.400999999998,-3665081.7120000008
2026-05-01 02:25:00,83.53,83.56,83.53,83.54,1527.351,83.53,83.56,83.53,83.54,1527.351,0.0,0.0,0.0,11106.276999999995,-11106.276999999995,-3676187.9890000005
2026-05-01 02:30:00,83.55,83.57,83.45,83.48,4873.941,83.55,83.57,83.45,83.48,4873.941,-0.0007182188173330273,-0.0007184768600292907,0.0,18029.27800000001,-18029.27800000001,-3694217.2670000005
2026-05-01 02:35:00,83.48,83.55,83.48,83.55,1928.494,83.48,83.55,83.48,83.55,1928.494,0.0008385241974124824,0.0008381728324026489,0.0,23022.11899999994,-23022.11899999994,-3717239.3860000004
2026-05-01 02:40:00,83.54,83.55,83.52,83.53,2258.72,83.54,83.55,83.52,83.53,2258.72,-0.0002393776181927043,-0.00023940627358781484,0.0,29364.529999999933,-29364.529999999933,-3746603.916
2026-05-01 02:45:00,83.53,83.77,83.52,83.74,18923.19,83.53,83.77,83.52,83.74,18923.19,0.0025140668023464485,0.0025109118231823454,0.0,32876.51399999992,-32876.51399999992,-3779480.43
2026-05-01 02:50:00,83.74,83.84,83.62,83.64,16745.87,83.74,83.84,83.62,83.64,16745.87,-0.001194172438500063,-0.0011948860305643868,0.0,20797.097000000053,-20797.097000000053,-3800277.5270000002
2026-05-01 02:55:00,83.64,83.64,83.55,83.63,1903.505,83.64,83.64,83.55,83.63,1903.505,-0.00011956001912971637,-0.00011956716699854209,0.0,8702.28899999999,-8702.28899999999,-3808979.816
2026-05-01 03:00:00,83.62,83.62,83.56,83.59,2277.113,83.62,83.62,83.56,83.59,2277.113,-0.00047829726174808407,-0.0004784116823695498,0.0,7124.2449999999835,-7124.2449999999835,-3816104.061
2026-05-01 03:05:00,83.58,83.71,83.58,83.7,1420.829,83.58,83.71,83.58,83.7,1420.829,0.0013159468835985955,0.0013150817843649595,0.0,5274.383999999976,-5274.383999999976,-3821378.4450000003
2026-05-01 03:10:00,83.7,83.74,83.63,83.64,2990.777,83.7,83.74,83.63,83.64,2990.777,-0.0007168458781362519,-0.000717102934996861,0.0,4083.8020000000024,-4083.8020000000024,-3825462.2470000004
2026-05-01 03:15:00,83.64,84.1,83.63,84.1,16426.51,83.64,84.1,83.63,84.1,16426.51,0.005499760879961624,0.005484692418469428,0.0,2016.9099999999985,-2016.9099999999985,-3827479.1570000006
2026-05-01 03:20:00,84.11,84.38,84.01,84.17,21427.141,84.11,84.38,84.01,84.17,21427.141,0.0008323424494649512,0.0008319962445823882,0.0,14328.024000000001,-14328.024000000001,-3841807.181000001
2026-05-01 03:25:00,84.16,84.25,84.08,84.13,7449.719,84.16,84.25,84.08,84.13,7449.719,-0.00047522870381377924,-0.000475341660762584,0.0,13653.230000000005,-13653.230000000005,-3855460.411000001
2026-05-01 03:30:00,84.13,84.22,84.09,84.16,8881.2,84.13,84.22,84.09,84.16,8881.2,0.00035659099013440887,0.00035652742667760805,0.0,15704.000999999973,-15704.000999999973,-3871164.412000001
2026-05-01 03:35:00,84.16,84.21,83.96,83.98,8215.083,84.16,84.21,83.96,83.98,8215.083,-0.0021387832699618636,-0.0021410737333523986,0.0,17626.84900000002,-17626.84900000002,-3888791.261000001
2026-05-01 03:40:00,83.98,84.0,83.84,83.97,10664.599,83.98,84.0,83.84,83.97,10664.599,-0.00011907597046922902,-0.00011908306057544705,0.0,14164.722999999978,-14164.722999999978,-3902955.9840000006
2026-05-01 03:45:00,83.98,84.03,83.95,83.98,3917.672,83.98,84.03,83.95,83.98,3917.672,0.00011909015124444977,0.00011908306057533504,0.0,8903.845999999996,-8903.845999999996,-3911859.8300000005
2026-05-01 03:50:00,83.98,84.02,83.94,83.94,1826.329,83.98,84.02,83.94,83.94,1826.329,-0.00047630388187669404,-0.0004764173506024663,0.0,10844.201000000001,-10844.201000000001,-3922704.0310000004
2026-05-01 03:55:00,83.95,83.95,83.86,83.89,2232.825,83.95,83.95,83.86,83.89,2232.825,-0.0005956635692160317,-0.0005958410472415062,0.0,11193.055999999977,-11193.055999999977,-3933897.0870000003
2026-05-01 04:00:00,83.9,84.0,83.88,83.94,5723.224,83.9,84.0,83.88,83.94,5723.224,0.0005960185957800679,0.0005958410472414609,0.0,12992.463999999982,-12992.463999999982,-3946889.5510000004
2026-05-01 04:05:00,83.95,84.06,83.94,83.97,6693.684,83.95,84.06,83.94,83.97,6693.684,0.00035739814152968563,0.00035733429002705376,0.0,13302.30899999997,-13302.30899999997,-3960191.8600000003
2026-05-01 04:10:00,83.97,84.0,83.9,83.91,3565.663,83.97,84.0,83.9,83.91,3565.663,-0.0007145409074670317,-0.0007147963134938704,0.0,11343.67899999997,-11343.67899999997,-3971535.5390000003
2026-05-01 04:15:00,83.91,84.01,83.91,84.0,4149.551,83.91,84.01,83.91,84.0,4149.551,0.0010725777618878496,0.0010720029613356787,0.0,12814.434999999965,-12814.434999999965,-3984349.9740000004
2026-05-01 04:20:00,84.01,84.01,83.93,83.95,3412.515,84.01,84.01,83.93,83.95,3412.515,-0.0005952380952380931,-0.0005954153197637867,0.0,12378.273999999985,-12378.273999999985,-3996728.2480000006
2026-05-01 04:25:00,83.96,84.0,83.69,83.73,8864.908,83.96,84.0,83.69,83.73,8864.908,-0.0026206075044669097,-0.002624047307209298,0.0,12915.156999999987,-12915.156999999987,-4009643.4050000007
2026-05-01 04:30:00,83.73,83.79,83.71,83.78,3019.478,83.73,83.79,83.71,83.78,3019.478,0.0005971575301564336,0.0005969793025482981,0.0,9940.478999999987,-9940.478999999987,-4019583.8840000005
2026-05-01 04:35:00,83.79,83.84,83.78,83.84,1777.334,83.79,83.84,83.78,83.84,1777.334,0.0007161613750299445,0.0007159050538433237,0.0,8532.966,-8532.966,-4028116.8500000006
2026-05-01 04:40:00,83.84,83.87,83.77,83.85,4879.945,83.84,83.87,83.77,83.85,4879.945,0.00011927480916029687,0.00011926769648581639,0.0,10378.671999999986,-10378.671999999986,-4038495.5220000003
2026-05-01 04:45:00,83.86,83.88,83.82,83.87,1416.527,83.86,83.88,83.82,83.87,1416.527,0.0002385211687538913,0.0002384927271024535,0.0,10442.068000000008,-10442.068000000008,-4048937.5900000003
2026-05-01 04:50:00,83.87,83.91,83.84,83.84,3378.982,83.87,83.91,83.84,83.84,3378.982,-0.00035769643495886516,-0.0003577604235881143,0.0,16817.424,-16817.424,-4065755.0140000004
2026-05-01 04:55:00,83.85,83.86,83.81,83.82,1002.92,83.85,83.86,83.81,83.82,1002.92,-0.00023854961832070476,-0.00023857807580667683,0.0,22141.415000000015,-22141.415000000015,-4087896.4290000005
2026-05-01 05:00:00,83.81,83.91,83.74,83.91,4599.159,83.81,83.91,83.74,83.91,4599.159,0.0010737294201861314,0.0010731533850526177,0.0,27437.195999999993,-27437.195999999993,-4115333.6250000005
2026-05-01 05:05:00,83.91,84.19,83.9,84.14,21835.501,83.91,84.19,83.9,84.14,21835.501,0.0027410320581575665,0.002737282280396793,0.0,33728.70999999995,-33728.70999999995,-4149062.3350000004
2026-05-01 05:10:00,84.13,84.23,84.11,84.11,13426.663,84.13,84.23,84.11,84.11,13426.663,-0.00035654860946043865,-0.00035661218802890865,0.0,17035.02799999996,-17035.02799999996,-4166097.3630000004
2026-05-01 05:15:00,84.11,84.11,83.96,83.99,2791.469,84.11,84.11,83.96,83.99,2791.469,-0.0014267031268577757,-0.0014277218368102707,0.0,7139.858999999943,-7139.858999999943,-4173237.2220000005
2026-05-01 05:20:00,83.99,84.05,83.98,84.03,4483.491,83.99,84.05,83.98,84.03,4483.491,0.0004762471722825623,0.00047613380259124385,0.0,5799.271999999966,-5799.271999999966,-4179036.4940000004
2026-05-01 05:25:00,84.02,84.04,83.96,83.96,993.799,84.02,84.04,83.96,83.96,993.799,-0.0008330358205403954,-0.0008333829876947207,0.0,20568.190999999984,-20568.190999999984,-4199604.6850000005
2026-05-01 05:30:00,83.96,84.01,83.96,84.0,2467.702,83.96,84.01,83.96,84.0,2467.702,0.0004764173415912065,0.00047630389088134897,0.0,21741.227999999977,-21741.227999999977,-4221345.913000001
2026-05-01 05:35:00,84.01,84.13,83.94,84.11,12952.786,84.01,84.13,83.94,84.11,12952.786,0.0013095238095237605,0.0013086671310322683,0.0,21523.300999999974,-21523.300999999974,-4242869.214000001
2026-05-01 05:40:00,84.1,84.13,84.07,84.13,4733.626,84.1,84.13,84.07,84.13,4733.626,0.00023778385447625894,0.00023775558837626018,0.0,12533.306999999972,-12533.306999999972,-4255402.521000001
2026-05-01 05:45:00,84.13,84.18,84.09,84.14,3837.664,84.13,84.18,84.09,84.14,3837.664,0.0001188636633782103,0.00011885659965271578,0.0,10786.441999999983,-10786.441999999983,-4266188.963
2026-05-01 05:50:00,84.14,84.15,84.09,84.1,2517.304,84.14,84.15,84.09,84.1,2517.304,-0.00047539814594732555,-0.0004755111834725502,0.0,11733.595,-11733.595,-4277922.558
2026-05-01 05:55:00,84.1,84.1,84.03,84.05,3609.776,84.1,84.1,84.03,84.05,3609.776,-0.0005945303210463937,-0.0005947071242777764,0.0,13107.433999999981,-13107.433999999981,-4291029.992000001
2026-05-01 06:00:00,84.06,84.08,84.03,84.05,2032.065,84.06,84.08,84.03,84.05,2032.065,0.0,0.0,0.0,11846.062000000009,-11846.062000000009,-4302876.0540000005
2026-05-01 06:05:00,84.05,84.13,84.05,84.07,5487.894,84.05,84.13,84.05,84.07,5487.894,0.0002379535990482129,0.00023792529258089104,0.0,13840.430000000002,-13840.430000000002,-4316716.484
2026-05-01 06:10:00,84.08,84.12,84.01,84.11,4185.699,84.08,84.12,84.01,84.11,4185.699,0.0004757939812061185,0.0004756808271404354,0.0,10182.460999999983,-10182.460999999983,-4326898.945
2026-05-01 06:15:00,84.12,84.18,84.12,84.15,2875.227,84.12,84.18,84.12,84.15,2875.227,0.0004755677089527399,0.0004754546624692587,0.0,8037.109999999972,-8037.109999999972,-4334936.055000001
2026-05-01 06:20:00,84.14,84.16,84.08,84.1,3643.324,84.14,84.16,84.08,84.1,3643.324,-0.0005941770647653888,-0.000594353657912732,0.0,7347.835999999978,-7347.835999999978,-4342283.891000001
2026-05-01 06:25:00,84.11,84.12,84.07,84.07,1249.241,84.11,84.12,84.07,84.07,1249.241,-0.0003567181926278362,-0.0003567818316969045,0.0,9185.177000000005,-9185.177000000005,-4351469.068000001
2026-05-01 06:30:00,84.08,84.08,84.0,84.02,2296.511,84.08,84.08,84.0,84.02,2296.511,-0.0005947424765075926,-0.000594919405969396,0.0,11472.98500000001,-11472.98500000001,-4362942.053000001
2026-05-01 06:35:00,84.02,84.05,83.91,83.94,4032.625,84.02,84.05,83.91,83.94,4032.625,-0.0009521542489883128,-0.000952607835791171,0.0,11816.469999999981,-11816.469999999981,-4374758.523000001
2026-05-01 06:40:00,83.95,83.95,83.84,83.93,4499.151,83.95,83.95,83.84,83.93,4499.151,-0.00011913271384311752,-0.00011913981070852281,0.0,10750.778000000013,-10750.778000000013,-4385509.301000001
2026-05-01 06:45:00,83.93,83.93,83.78,83.8,2785.347,83.93,83.93,83.78,83.8,2785.347,-0.0015489098057906991,-0.0015501106066989848,0.0,9888.931000000013,-9888.931000000013,-4395398.232000001
2026-05-01 06:50:00,83.81,83.82,83.69,83.81,4308.453,83.81,83.82,83.69,83.81,4308.453,0.00011933174224343368,0.00011932462277746015,0.0,11621.921000000011,-11621.921000000011,-4407020.153000001
2026-05-01 06:55:00,83.82,83.95,83.81,83.85,3376.274,83.82,83.95,83.81,83.85,3376.274,0.000477270015511122,0.00047715615840288446,0.0,12533.547000000008,-12533.547000000008,-4419553.700000001
2026-05-01 07:00:00,83.86,83.89,83.75,83.8,5991.362,83.86,83.89,83.75,83.8,5991.362,-0.0005963029218842841,-0.0005964807811804679,0.0,12696.409999999974,-12696.409999999974,-4432250.110000001
2026-05-01 07:05:00,83.8,83.92,83.79,83.92,4566.478,83.8,83.92,83.79,83.92,4566.478,0.0014319809069212042,0.001430956600004342,0.0,12582.35500000001,-12582.35500000001,-4444832.465000002
2026-05-01 07:10:00,83.92,83.96,83.9,83.92,2278.499,83.92,83.96,83.9,83.92,2278.499,0.0,0.0,0.0,17847.228999999952,-17847.228999999952,-4462679.694000002
2026-05-01 07:15:00,83.91,83.97,83.87,83.93,5184.032,83.91,83.97,83.87,83.93,5184.032,0.00011916110581511319,0.00011915400669449742,0.0,19674.136000000017,-19674.136000000017,-4482353.830000002
2026-05-01 07:20:00,83.92,83.97,83.78,83.8,8609.463,83.92,83.97,83.78,83.8,8609.463,-0.0015489098057906991,-0.0015501106066989848,0.0,38983.358000000044,-38983.358000000044,-4521337.188000002
2026-05-01 07:25:00,83.8,83.8,83.69,83.69,5901.479,83.8,83.8,83.69,83.69,5901.479,-0.0013126491646777705,-0.0013135114432546368,0.0,35957.21700000004,-35957.21700000004,-4557294.405000002
2026-05-01 07:30:00,83.69,83.9,83.67,83.84,30945.454,83.69,83.9,83.67,83.84,30945.454,0.0017923288325965014,0.0017907245279493614,0.0,42014.859000000215,-42014.859000000215,-4599309.264000002
2026-05-01 07:35:00,83.84,83.86,83.8,83.84,12334.407,83.84,83.86,83.8,83.84,12334.407,0.0,0.0,0.0,35136.66300000003,-35136.66300000003,-4634445.927000002
2026-05-01 07:40:00,83.84,83.87,83.7,83.76,22799.122,83.84,83.87,83.7,83.76,22799.122,-0.000954198473282375,-0.0009546540104505499,0.0,37458.60500000002,-37458.60500000002,-4671904.532000002
2026-05-01 07:45:00,83.76,83.91,83.75,83.89,15999.095,83.76,83.91,83.75,83.89,15999.095,0.0015520534861508395,0.0015508502959217442,0.0,21530.775,-21530.775,-4693435.307000003
2026-05-01 07:50:00,83.89,83.96,83.88,83.96,5435.409,83.89,83.96,83.88,83.96,5435.409,0.0008344260340922283,0.0008340780942289768,0.0,11736.891999999978,-11736.891999999978,-4705172.199000003
2026-05-01 07:55:00,83.96,83.97,83.92,83.96,2802.65,83.96,83.97,83.92,83.96,2802.65,0.0,0.0,0.0,9331.370999999996,-9331.370999999996,-4714503.570000003
2026-05-01 08:00:00,83.96,83.96,83.9,83.93,4488.931,83.96,83.96,83.9,83.93,4488.931,-0.00035731300619323836,-0.00035737685769587034,0.0,12541.985999999983,-12541.985999999983,-4727045.556000003
2026-05-01 08:05:00,83.93,83.97,83.92,83.96,1774.591,83.93,83.97,83.92,83.96,1774.591,0.00035744072441312724,0.00035737685769598326,0.0,16641.42399999998,-16641.42399999998,-4743686.980000002
2026-05-01 08:10:00,83.96,84.16,83.96,84.16,6684.595,83.96,84.16,83.96,84.16,6684.595,0.0023820867079562547,0.002379254036967576,0.0,18470.039999999975,-18470.039999999975,-4762157.020000002
2026-05-01 08:15:00,84.15,84.3,84.14,84.14,10116.952,84.15,84.3,84.14,84.14,10116.952,-0.0002376425855512565,-0.00023767082702483007,0.0,18057.89499999999,-18057.89499999999,-4780214.915000002
2026-05-01 08:20:00,84.14,84.24,84.14,84.22,3042.923,84.14,84.24,84.14,84.22,3042.923,0.000950796291894429,0.0009503445714068567,0.0,14474.369999999959,-14474.369999999959,-4794689.285000002
2026-05-01 08:25:00,84.22,84.22,84.15,84.16,6181.78,84.22,84.22,84.15,84.16,6181.78,-0.0007124198527665992,-0.0007126737443820204,0.0,18742.988999999965,-18742.988999999965,-4813432.274000002
2026-05-01 08:30:00,84.16,84.18,84.13,84.13,2344.667,84.16,84.18,84.13,84.13,2344.667,-0.0003564638783269958,-0.00035652742667751475,0.0,18005.736999999997,-18005.736999999997,-4831438.011000002
2026-05-01 08:35:00,84.13,84.16,84.07,84.14,10216.542,84.13,84.16,84.07,84.14,10216.542,0.0001188636633782103,0.00011885659965271578,0.0,17658.856999999967,-17658.856999999967,-4849096.868000002
2026-05-01 08:40:00,84.15,84.2,84.13,84.16,4360.992,84.15,84.2,84.13,84.16,4360.992,0.00023769907297355175,0.00023767082702484075,0.0,9155.524000000007,-9155.524000000007,-4858252.392000002
2026-05-01 08:45:00,84.16,84.17,84.12,84.15,2804.707,84.16,84.17,84.12,84.15,2804.707,-0.00011882129277551723,-0.00011882835258456828,0.0,13987.147999999974,-13987.147999999974,-4872239.540000002
2026-05-01 08:50:00,84.16,84.2,84.15,84.17,1143.106,84.16,84.2,84.15,84.17,1143.106,0.00023767082590597788,0.0002376425866695743,0.0,14694.713999999984,-14694.713999999984,-4886934.254000002
2026-05-01 08:55:00,84.17,84.2,84.17,84.18,900.011,84.17,84.2,84.17,84.18,900.011,0.00011880717595347257,0.00011880011893988725,0.0,19364.412999999982,-19364.412999999982,-4906298.667000001
2026-05-01 09:00:00,84.18,84.19,84.07,84.1,11795.679,84.18,84.19,84.07,84.1,11795.679,-0.0009503444998814059,-0.0009507963635224012,0.0,20525.257999999936,-20525.257999999936,-4926823.925000002
2026-05-01 09:05:00,84.09,84.12,84.09,84.1,7442.617,84.09,84.12,84.09,84.1,7442.617,0.0,0.0,0.0,14637.802999999996,-14637.802999999996,-4941461.728000002
2026-05-01 09:10:00,84.11,84.14,84.11,84.13,1835.231,84.11,84.14,84.11,84.13,1835.231,0.0003567181926278362,0.0003566545838198568,0.0,10776.314000000004,-10776.314000000004,-4952238.042000002
2026-05-01 09:15:00,84.13,84.14,83.99,84.05,5524.203,84.13,84.14,83.99,84.05,5524.203,-0.0009509093070247943,-0.0009513617080975523,0.0,11773.055999999988,-11773.055999999988,-4964011.098000002
2026-05-01 09:20:00,84.05,84.07,83.97,84.03,2108.147,84.05,84.07,83.97,84.03,2108.147,-0.00023795359904810187,-0.00023798191449768302,0.0,10411.349000000006,-10411.349000000006,-4974422.4470000025
2026-05-01 09:25:00,84.03,84.05,84.01,84.04,2118.483,84.03,84.05,84.01,84.04,2118.483,0.00011900511722018337,0.00011899803667296306,0.0,20287.46600000001,-20287.46600000001,-4994709.9130000025
2026-05-01 09:30:00,84.03,84.03,83.96,83.99,4403.752,84.03,84.03,83.96,83.99,4403.752,-0.0005949547834366298,-0.0005951318392640874,0.0,23255.468,-23255.468,-5017965.381000003
2026-05-01 09:35:00,84.0,84.0,83.96,83.96,1817.221,84.0,84.0,83.96,83.96,1817.221,-0.0003571853792118107,-0.00035724918510351213,0.0,21800.64599999999,-21800.64599999999,-5039766.027000003
2026-05-01 09:40:00,83.96,84.07,83.89,84.07,15262.934,83.96,84.07,83.89,84.07,15262.934,0.0013101476893759845,0.0013092901947733301,0.0,21690.214999999953,-21690.214999999953,-5061456.242000002
2026-05-01 09:45:00,84.06,84.07,83.93,83.94,4353.52,84.06,84.07,83.93,83.94,4353.52,-0.0015463304389199406,-0.0015475272417606629,0.0,12195.903000000008,-12195.903000000008,-5073652.145000002
2026-05-01 09:50:00,83.94,83.99,83.92,83.92,2526.717,83.94,83.99,83.92,83.92,2526.717,-0.00023826542768634607,-0.00023829381740297621,0.0,9930.65099999998,-9930.65099999998,-5083582.796000002
2026-05-01 09:55:00,83.93,83.97,83.92,83.97,4710.778,83.93,83.97,83.92,83.97,4710.778,0.0005958055290753439,0.0005956281074301391,0.0,10780.680999999979,-10780.680999999979,-5094363.477000002
2026-05-01 10:00:00,83.96,83.96,83.9,83.9,1713.594,83.96,83.96,83.9,83.9,1713.594,-0.0008336310587113704,-0.0008339787223112729,0.0,21134.777999999984,-21134.777999999984,-5115498.255000002
2026-05-01 10:05:00,83.91,83.93,83.87,83.87,3191.592,83.91,83.93,83.87,83.87,3191.592,-0.00035756853396906596,-0.0003576324768404018,0.0,21148.711000000018,-21148.711000000018,-5136646.966000002
2026-05-01 10:10:00,83.88,83.88,83.69,83.82,19274.495,83.88,83.88,83.69,83.82,19274.495,-0.000596160724931627,-0.0005963384993948823,0.0,21375.10800000004,-21375.10800000004,-5158022.074000002
2026-05-01 10:15:00,83.83,83.93,83.8,83.93,4491.546,83.83,83.93,83.8,83.93,4491.546,0.001312335958005395,0.001311475597810877,0.0,11949.476999999999,-11949.476999999999,-5169971.551000002
2026-05-01 10:20:00,83.93,84.08,83.92,84.01,4209.06,83.93,84.08,83.92,84.01,4209.06,0.0009531752651017467,0.0009527212820194727,0.0,10456.374000000003,-10456.374000000003,-5180427.925000002
2026-05-01 10:25:00,84.01,84.01,83.95,83.98,3447.513,84.01,84.01,83.95,83.98,3447.513,-0.0003571003451969812,-0.00035716412070854113,0.0,20972.752000000015,-20972.752000000015,-5201400.677000002
2026-05-01 10:30:00,83.97,84.01,83.9,83.92,2840.017,83.97,84.01,83.9,83.92,2840.017,-0.00071445582281493,-0.0007147111680054565,0.0,19454.01499999999,-19454.01499999999,-5220854.692000002
2026-05-01 10:35:00,83.92,83.93,83.83,83.84,14233.577,83.92,83.93,83.83,83.84,14233.577,-0.0009532888465204614,-0.0009537435153096684,0.0,18527.081000000013,-18527.081000000013,-5239381.773000002
2026-05-01 10:40:00,83.83,83.87,83.83,83.87,1722.732,83.83,83.87,83.83,83.87,1722.732,0.0003578244274808906,0.0003577604235880886,0.0,7123.037999999995,-7123.037999999995,-5246504.811000002
2026-05-01 10:45:00,83.87,83.91,83.86,83.91,1624.881,83.87,83.91,83.86,83.91,1624.881,0.00047692857994507953,0.0004768148856578289,0.0,7142.138999999988,-7142.138999999988,-5253646.950000002
2026-05-01 10:50:00,83.91,83.93,83.9,83.93,1370.7,83.91,83.93,83.9,83.93,1370.7,0.00023835061375288014,0.000238322212758182,0.0,9298.764999999994,-9298.764999999994,-5262945.715000002
2026-05-01 10:55:00,83.93,83.97,83.91,83.95,2192.977,83.93,83.97,83.91,83.95,2192.977,0.00023829381627549218,0.00023826542881366948,0.0,9913.749999999996,-9913.749999999996,-5272859.465000002
2026-05-01 11:00:00,83.96,84.0,83.92,83.93,2080.091,83.96,84.0,83.92,83.93,2080.091,-0.0002382370458605676,-0.0002382654288135812,0.0,11697.662999999999,-11697.662999999999,-5284557.128000001
2026-05-01 11:05:00,83.93,83.94,83.9,83.93,5009.168,83.93,83.94,83.9,83.93,5009.168,0.0,0.0,0.0,13468.46100000001,-13468.46100000001,-5298025.589000002
2026-05-01 11:10:00,83.93,83.97,83.92,83.97,1094.721,83.93,83.97,83.92,83.97,1094.721,0.0004765876325507623,0.00047647410073548593,0.0,13476.25800000001,-13476.25800000001,-5311501.847000002
2026-05-01 11:15:00,83.97,84.05,83.93,84.05,4987.247,83.97,84.05,83.93,84.05,4987.247,0.0009527212099558202,0.0009522676591526576,0.0,13970.098999999987,-13970.098999999987,-5325471.946000002
2026-05-01 11:20:00,84.05,84.22,83.96,83.98,7597.381,84.05,84.22,83.96,83.98,7597.381,-0.0008328375966685231,-0.0008331845985772699,0.0,11901.117999999977,-11901.117999999977,-5337373.064000002
2026-05-01 11:25:00,83.98,84.0,83.91,83.92,2051.849,83.98,84.0,83.91,83.92,2051.849,-0.00071445582281493,-0.0007147111680054565,0.0,7762.365999999992,-7762.365999999992,-5345135.4300000025
2026-05-01 11:30:00,83.93,83.97,83.91,83.92,1876.909,83.93,83.97,83.91,83.92,1876.909,0.0,0.0,0.0,7755.265999999996,-7755.265999999996,-5352890.696000002
2026-05-01 11:35:00,83.92,83.92,83.87,83.91,2102.718,83.92,83.92,83.87,83.91,2102.718,-0.00011916110581511319,-0.00011916820606373732,0.0,8453.247999999992,-8453.247999999992,-5361343.944000002
2026-05-01 11:40:00,83.92,83.96,83.9,83.95,1712.668,83.92,83.96,83.9,83.95,1712.668,0.00047670122750576027,0.0004765876415718766,0.0,8752.579999999998,-8752.579999999998,-5370096.524000002
2026-05-01 11:45:00,83.95,83.96,83.88,83.91,2845.142,83.95,83.96,83.88,83.91,2845.142,-0.00047647409172135724,-0.00047658764157187185,0.0,9155.206000000004,-9155.206000000004,-5379251.730000002
2026-05-01 11:50:00,83.9,83.96,83.9,83.94,2674.459,83.9,83.96,83.9,83.94,2674.459,0.0003575259206292092,0.0003574620234667225,0.0,8717.435999999974,-8717.435999999974,-5387969.166000002
2026-05-01 11:55:00,83.94,84.02,83.93,84.01,2179.907,83.94,84.02,83.93,84.01,2179.907,0.0008339289969025998,0.0008335814713110202,0.0,8854.768999999993,-8854.768999999993,-5396823.935000002
2026-05-01 12:00:00,84.01,84.06,83.92,84.03,4049.962,84.01,84.06,83.92,84.03,4049.962,0.00023806689679806148,0.00023803856337113077,0.0,11211.206000000002,-11211.206000000002,-5408035.141000003
2026-05-01 12:05:00,84.03,84.03,83.94,83.96,4669.029,84.03,84.03,83.94,83.96,4669.029,-0.0008330358205403954,-0.0008333829876947207,0.0,19393.09200000003,-19393.09200000003,-5427428.233000003
2026-05-01 12:10:00,83.97,84.23,83.93,84.1,13320.909,83.97,84.23,83.93,84.1,13320.909,0.0016674606955693339,0.0016660720264701464,0.0,23021.705,-23021.705,-5450449.938000003
2026-05-01 12:15:00,84.09,84.26,84.08,84.23,11460.833,84.09,84.26,84.08,84.23,11460.833,0.0015457788347206236,0.001544585348370015,0.0,20025.343999999997,-20025.343999999997,-5470475.282000002
2026-05-01 12:20:00,84.22,84.38,84.22,84.37,15914.116,84.22,84.38,84.22,84.37,15914.116,0.0016621156357592426,0.001660735850263042,0.0,18516.740999999984,-18516.740999999984,-5488992.023000003
2026-05-01 12:25:00,84.36,84.44,84.34,84.37,10999.037,84.36,84.44,84.34,84.37,10999.037,0.0,0.0,0.0,19713.229000000007,-19713.229000000007,-5508705.252000003
2026-05-01 12:30:00,84.37,84.59,84.36,84.41,11879.809,84.37,84.59,84.36,84.41,11879.809,0.00047410216901733193,0.0004739898180931404,0.0,22140.05600000004,-22140.05600000004,-5530845.308000003
2026-05-01 12:35:00,84.41,84.57,84.39,84.45,15464.23,84.41,84.57,84.39,84.45,15464.23,0.00047387750266558726,0.00047376525818051187,0.0,21471.144000000008,-21471.144000000008,-5552316.452000003
2026-05-01 12:40:00,84.45,84.5,84.33,84.34,7357.923,84.45,84.5,84.33,84.34,7357.923,-0.001302545885139117,-0.0013033949353952596,0.0,20072.668999999994,-20072.668999999994,-5572389.121000003
2026-05-01 12:45:00,84.34,84.41,84.31,84.38,12235.702,84.34,84.41,84.31,84.38,12235.702,0.000474270808631605,0.000474158377778688,0.0,19485.392999999993,-19485.392999999993,-5591874.514000003
2026-05-01 12:50:00,84.38,84.41,84.31,84.31,5555.577,84.38,84.41,84.31,84.31,5555.577,-0.0008295804693054798,-0.0008299247616082891,0.0,14090.005999999981,-14090.005999999981,-5605964.520000003
2026-05-01 12:55:00,84.31,84.36,84.27,84.27,4068.246,84.31,84.36,84.27,84.27,4068.246,-0.0004744395682600988,-0.0004745521503223958,0.0,15111.317000000008,-15111.317000000008,-5621075.837000003
2026-05-01 13:00:00,84.27,84.5,84.27,84.49,8770.934,84.27,84.5,84.27,84.49,8770.934,0.002610656224041774,0.0026072543804914507,0.0,16863.52600000001,-16863.52600000001,-5637939.363000003
2026-05-01 13:05:00,84.49,84.55,84.47,84.49,8711.676,84.49,84.55,84.47,84.49,8711.676,0.0,0.0,0.0,18796.400999999998,-18796.400999999998,-5656735.764000002
2026-05-01 13:10:00,84.49,84.61,84.49,84.53,13134.416,84.49,84.61,84.49,84.53,13134.416,0.0004734288081429394,0.00047331677608282473,0.0,18830.89700000003,-18830.89700000003,-5675566.661000002
2026-05-01 13:15:00,84.53,84.6,84.45,84.46,7305.436,84.53,84.6,84.45,84.46,7305.436,-0.0008281083638945752,-0.0008284514350388834,0.0,16085.876000000031,-16085.876000000031,-5691652.537000002
2026-05-01 13:20:00,84.46,84.51,84.43,84.44,5166.631,84.46,84.51,84.43,84.44,5166.631,-0.00023679848448965313,-0.00023682652567760934,0.0,17508.747999999996,-17508.747999999996,-5709161.285000002
2026-05-01 13:25:00,84.43,84.44,84.37,84.39,6059.333,84.43,84.44,84.37,84.39,6059.333,-0.000592136428233081,-0.000592311810244704,0.0,18440.835999999985,-18440.835999999985,-5727602.121000002
2026-05-01 13:30:00,84.39,84.61,84.35,84.52,12150.859,84.39,84.61,84.35,84.52,12150.859,0.0015404668799621213,0.001539281577980818,0.0,21667.66000000004,-21667.66000000004,-5749269.781000002
2026-05-01 13:35:00,84.51,84.58,84.35,84.37,12611.74,84.51,84.58,84.35,84.37,12611.74,-0.0017747278750590567,-0.0017763045703204864,0.0,18972.300000000014,-18972.300000000014,-5768242.081000002
2026-05-01 13:40:00,84.37,84.41,84.24,84.33,11980.3,84.37,84.41,84.24,84.33,11980.3,-0.00047410216901744295,-0.00047421459098517983,0.0,23503.855000000007,-23503.855000000007,-5791745.936000003
2026-05-01 13:45:00,84.33,84.4,84.27,84.36,16863.277,84.33,84.4,84.27,84.36,16863.277,0.0003557452863749422,0.0003556820240236307,0.0,16707.190999999984,-16707.190999999984,-5808453.127000002
2026-05-01 13:50:00,84.36,84.82,84.36,84.7,24868.555,84.36,84.82,84.36,84.7,24868.555,0.004030346135609264,0.004022246047434833,0.0,23329.239000000023,-23329.239000000023,-5831782.366000002
2026-05-01 13:55:00,84.71,84.86,84.59,84.6,18225.8,84.71,84.86,84.59,84.6,18225.8,-0.0011806375442739991,-0.0011813350458312055,0.0,23768.973999999973,-23768.973999999973,-5855551.340000003
2026-05-01 14:00:00,84.61,84.73,84.5,84.55,21474.814,84.61,84.73,84.5,84.55,21474.814,-0.0005910165484632746,-0.0005911912675882077,0.0,15731.17199999999,-15731.17199999999,-5871282.512000003
2026-05-01 14:05:00,84.55,84.6,84.43,84.52,11104.756,84.55,84.6,84.43,84.52,11104.756,-0.0003548196333530429,-0.0003548825967333521,0.0,15864.315000000028,-15864.315000000028,-5887146.827000003
2026-05-01 14:10:00,84.52,84.69,84.46,84.47,11864.883,84.52,84.69,84.46,84.47,11864.883,-0.0005915759583530189,-0.0005917510084506269,0.0,14476.51400000003,-14476.51400000003,-5901623.341000004
2026-05-01 14:15:00,84.46,84.5,84.32,84.33,7373.703,84.46,84.5,84.32,84.33,7373.703,-0.0016573931573339307,-0.001658768152855053,0.0,9114.968999999974,-9114.968999999974,-5910738.310000003
2026-05-01 14:20:00,84.34,84.43,84.31,84.32,9243.984,84.34,84.43,84.31,84.32,9243.984,-0.00011858176212509175,-0.00011858879349811332,0.0,20666.74300000002,-20666.74300000002,-5931405.053000003
2026-05-01 14:25:00,84.31,84.32,84.1,84.17,16921.112,84.31,84.32,84.1,84.17,16921.112,-0.001778937381404111,-0.0017805215695674021,0.0,22156.358999999982,-22156.358999999982,-5953561.412000003
2026-05-01 14:30:00,84.17,84.18,84.06,84.08,16266.946,84.17,84.18,84.06,84.08,16266.946,-0.00106926458358092,-0.001069836654789116,0.0,21291.67399999999,-21291.67399999999,-5974853.086000003
2026-05-01 14:35:00,84.08,84.14,83.89,84.1,18764.698,84.08,84.14,83.89,84.1,18764.698,0.00023786869647945963,0.00023784041020660088,0.0,19162.637999999974,-19162.637999999974,-5994015.724000003
2026-05-01 14:40:00,84.11,84.26,84.08,84.2,7512.742,84.11,84.26,84.08,84.2,7512.742,0.0011890606420927874,0.0011883542693787133,0.0,13813.098000000016,-13813.098000000016,-6007828.822000003
2026-05-01 14:45:00,84.2,84.35,84.16,84.3,5905.734,84.2,84.35,84.16,84.3,5905.734,0.0011876484560569,0.0011869437595286225,0.0,15215.166000000008,-15215.166000000008,-6023043.988000004
2026-05-01 14:50:00,84.3,84.32,84.18,84.18,9084.522,84.3,84.32,84.18,84.18,9084.522,-0.001423487544483848,-0.001424501665385062,0.0,13750.280999999994,-13750.280999999994,-6036794.269000004
2026-05-01 14:55:00,84.18,84.24,84.18,84.22,2762.602,84.18,84.24,84.18,84.22,2762.602,0.0004751722499405364,0.00047505939135707566,0.0,13711.894999999979,-13711.894999999979,-6050506.164000004
2026-05-01 15:00:00,84.21,84.22,84.01,84.13,5358.427,84.21,84.22,84.01,84.13,5358.427,-0.0010686297791498989,-0.0010692011710595533,0.0,16537.61499999997,-16537.61499999997,-6067043.779000004
2026-05-01 15:05:00,84.12,84.16,84.09,84.15,12335.143,84.12,84.16,84.09,84.15,12335.143,0.0002377273267564206,0.00023769907409300863,0.0,21203.696999999993,-21203.696999999993,-6088247.4760000035
2026-05-01 15:10:00,84.15,84.3,84.13,84.3,5948.817,84.15,84.3,84.13,84.3,5948.817,0.0017825311942958333,0.001780944370994692,0.0,14778.376999999991,-14778.376999999991,-6103025.853000004
2026-05-01 15:15:00,84.29,84.4,84.29,84.39,6464.083,84.29,84.4,84.29,84.39,6464.083,0.001067615658363108,0.0010670461620655187,0.0,15965.458999999997,-15965.458999999997,-6118991.312000004
2026-05-01 15:20:00,84.38,84.47,84.32,84.33,8487.87,84.38,84.47,84.32,84.33,8487.87,-0.0007109847138286884,-0.0007112375833250059,0.0,13523.911999999998,-13523.911999999998,-6132515.224000003
2026-05-01 15:25:00,84.32,84.39,84.32,84.37,2859.996,84.32,84.39,84.32,84.37,2859.996,0.0004743270484999229,0.00047421459098514237,0.0,15545.519,-15545.519,-6148060.7430000035
2026-05-01 15:30:00,84.37,84.44,84.37,84.44,2692.727,84.37,84.44,84.37,84.44,2692.727,0.0008296787957804419,0.0008293348025844491,0.0,19954.52100000001,-19954.52100000001,-6168015.264000003
2026-05-01 15:35:00,84.44,84.62,84.4,84.52,13145.373,84.44,84.62,84.4,84.52,13145.373,0.000947418285172974,0.0009469697677361597,0.0,19294.143999999975,-19294.143999999975,-6187309.408000004
2026-05-01 15:40:00,84.53,84.57,84.5,84.51,5927.694,84.53,84.57,84.5,84.51,5927.694,-0.00011831519167049276,-0.00011832219146490956,0.0,16301.623000000058,-16301.623000000058,-6203611.031000003
2026-05-01 15:45:00,84.52,84.52,84.48,84.51,2790.569,84.52,84.52,84.48,84.51,2790.569,0.0,0.0,0.0,21899.615999999973,-21899.615999999973,-6225510.647000004
2026-05-01 15:50:00,84.5,84.51,84.03,84.37,40401.281,84.5,84.51,84.03,84.37,40401.281,-0.0016566086853626594,-0.0016579823788555406,0.0,27718.817999999977,-27718.817999999977,-6253229.465000004
2026-05-01 15:55:00,84.38,84.47,84.31,84.47,10179.936,84.38,84.47,84.31,84.47,10179.936,0.0011852554225435519,0.0011845535618699207,0.0,21571.876000000033,-21571.876000000033,-6274801.341000004
2026-05-01 16:00:00,84.46,84.63,84.46,84.52,10729.425,84.46,84.63,84.46,84.52,10729.425,0.0005919261276192689,0.0005917510084506563,0.0,15717.529000000039,-15717.529000000039,-6290518.870000004
2026-05-01 16:05:00,84.53,84.55,84.35,84.35,4954.94,84.53,84.55,84.35,84.35,4954.94,-0.0020113582584003753,-0.0020133837558786397,0.0,12595.94599999999,-12595.94599999999,-6303114.816000003
2026-05-01 16:10:00,84.35,84.38,84.27,84.27,8338.383,84.35,84.38,84.27,84.27,8338.383,-0.0009484291641967957,-0.0009488792077153121,0.0,16426.646999999986,-16426.646999999986,-6319541.463000003
2026-05-01 16:15:00,84.27,84.28,84.18,84.21,9182.51,84.27,84.28,84.18,84.21,9182.51,-0.0007119971520114232,-0.0007122507423612086,0.0,18119.128999999986,-18119.128999999986,-6337660.592000003
2026-05-01 16:20:00,84.2,84.47,84.12,84.27,28432.027,84.2,84.47,84.12,84.27,28432.027,0.0007125044531528513,0.0007122507423611964,0.0,27736.635999999962,-27736.635999999962,-6365397.228000003
2026-05-01 16:25:00,84.26,84.38,84.16,84.29,8698.057,84.26,84.38,84.16,84.29,8698.057,0.00023733238400391876,0.00023730422512892413,0.0,12760.902000000004,-12760.902000000004,-6378158.130000003
2026-05-01 16:30:00,84.29,84.31,84.13,84.23,5075.957,84.29,84.31,84.13,84.23,5075.957,-0.0007118282121247876,-0.0007120816821184422,0.0,14882.826999999992,-14882.826999999992,-6393040.957000002
2026-05-01 16:35:00,84.23,84.28,84.15,84.27,9629.272,84.23,84.28,84.15,84.27,9629.272,0.000474890181645371,0.00047477745698953563,0.0,15343.968999999983,-15343.968999999983,-6408384.926000002
2026-05-01 16:40:00,84.26,84.31,84.21,84.23,3037.289,84.26,84.31,84.21,84.23,3037.289,-0.00047466476800750446,-0.00047477745698956887,0.0,10715.76200000001,-10715.76200000001,-6419100.688000002
2026-05-01 16:45:00,84.23,84.23,84.15,84.17,4549.385,84.23,84.23,84.15,84.17,4549.385,-0.0007123352724682785,-0.0007125891037876394,0.0,10954.840000000002,-10954.840000000002,-6430055.528000002
2026-05-01 16:50:00,84.16,84.26,84.15,84.26,5177.327,84.16,84.26,84.15,84.26,5177.327,0.001069264583580809,0.0010686933273857061,0.0,20469.781999999992,-20469.781999999992,-6450525.310000001
2026-05-01 16:55:00,84.26,84.3,83.98,83.99,17661.646,84.26,84.3,83.98,83.99,17661.646,-0.003204367434132549,-0.0032095124133348263,0.0,23023.574999999968,-23023.574999999968,-6473548.885000002
2026-05-01 17:00:00,83.99,84.07,83.93,83.94,5994.18,83.99,84.07,83.93,83.94,5994.18,-0.0005953089653529808,-0.0005954862320909057,0.0,14241.761999999988,-14241.761999999988,-6487790.647000002
2026-05-01 17:05:00,83.93,84.08,83.92,84.07,5888.356,83.93,84.08,83.92,84.07,5888.356,0.001548725279961749,0.0015475272417605416,0.0,13907.593000000032,-13907.593000000032,-6501698.240000002
2026-05-01 17:10:00,84.08,84.23,84.06,84.23,5167.654,84.08,84.23,84.06,84.23,5167.654,0.001903175924824696,0.0019013671800669992,0.0,13983.366999999986,-13983.366999999986,-6515681.607000002
2026-05-01 17:15:00,84.23,84.24,84.14,84.17,3869.217,84.23,84.24,84.14,84.17,3869.217,-0.0007123352724682785,-0.0007125891037876394,0.0,16060.485000000004,-16060.485000000004,-6531742.092000002
2026-05-01 17:20:00,84.18,84.18,84.09,84.11,4946.496,84.18,84.18,84.09,84.11,4946.496,-0.0007128430557206133,-0.0007130972491388453,0.0,14807.604000000028,-14807.604000000028,-6546549.696000002
2026-05-01 17:25:00,84.12,84.12,83.95,83.99,7285.149,84.12,84.12,83.95,83.99,7285.149,-0.0014267031268577757,-0.0014277218368102707,0.0,13424.537999999997,-13424.537999999997,-6559974.234000002
2026-05-01 17:30:00,84.0,84.0,83.92,83.96,1857.65,84.0,84.0,83.92,83.96,1857.65,-0.0003571853792118107,-0.00035724918510351213,0.0,9346.278000000011,-9346.278000000011,-6569320.512000002
2026-05-01 17:35:00,83.97,84.2,83.95,84.18,4206.417,83.97,84.2,83.95,84.18,4206.417,0.002620295378751969,0.0026168683899925153,0.0,10389.769000000015,-10389.769000000015,-6579710.281000002
2026-05-01 17:40:00,84.18,84.21,84.08,84.11,1581.91,84.18,84.21,84.08,84.11,1581.91,-0.0008315514373961053,-0.0008318973680786889,0.0,10071.238000000018,-10071.238000000018,-6589781.519000002
2026-05-01 17:45:00,84.11,84.14,84.08,84.14,2082.855,84.11,84.14,84.08,84.14,2082.855,0.0003566757817143884,0.0003566121880288599,0.0,10707.214000000013,-10707.214000000013,-6600488.733000002
2026-05-01 17:50:00,84.13,84.2,84.09,84.17,3823.318,84.13,84.2,84.09,84.17,3823.318,0.0003565486094603276,0.00035648506110980886,0.0,12049.263000000003,-12049.263000000003,-6612537.996000002
2026-05-01 17:55:00,84.16,84.28,84.14,84.23,2643.713,84.16,84.28,84.14,84.23,2643.713,0.0007128430557206133,0.0007125891037876504,0.0,11746.701999999997,-11746.701999999997,-6624284.698000002
2026-05-01 18:00:00,84.23,84.24,84.14,84.2,3432.043,84.23,84.24,84.14,84.2,3432.043,-0.0003561676362341393,-0.000356231078991308,0.0,11247.089999999997,-11247.089999999997,-6635531.788000002
2026-05-01 18:05:00,84.2,84.28,84.15,84.2,3632.228,84.2,84.28,84.15,84.2,3632.228,0.0,0.0,0.0,10133.07299999998,-10133.07299999998,-6645664.861000001
2026-05-01 18:10:00,84.21,84.26,84.19,84.23,3262.463,84.21,84.26,84.19,84.23,3262.463,0.00035629453681718104,0.0003562310789913685,0.0,11607.060999999983,-11607.060999999983,-6657271.922000001
2026-05-01 18:15:00,84.23,84.26,84.14,84.23,2255.514,84.23,84.26,84.14,84.23,2255.514,0.0,0.0,0.0,11990.954000000009,-11990.954000000009,-6669262.876000001
2026-05-01 18:20:00,84.24,84.31,84.17,84.18,2722.012,84.24,84.31,84.17,84.18,2722.012,-0.0005936127270568248,-0.0005937889848477169,0.0,12629.72400000001,-12629.72400000001,-6681892.6000000015
2026-05-01 18:25:00,84.17,84.18,84.07,84.18,6189.001,84.17,84.18,84.07,84.18,6189.001,0.0,0.0,0.0,13783.418000000007,-13783.418000000007,-6695676.018000001
2026-05-01 18:30:00,84.18,84.2,84.1,84.12,3054.51,84.18,84.2,84.1,84.12,3054.51,-0.0007127583749109156,-0.0007130125079255501,0.0,10925.636000000006,-10925.636000000006,-6706601.654000001
2026-05-01 18:35:00,84.11,84.16,84.06,84.14,3487.005,84.11,84.16,84.06,84.14,3487.005,0.0002377555872563608,0.00023772732787585334,0.0,11461.44800000001,-11461.44800000001,-6718063.102000001
2026-05-01 18:40:00,84.14,84.15,84.03,84.05,1826.656,84.14,84.15,84.03,84.05,1826.656,-0.001069645828381316,-0.0010702183077502582,0.0,12199.442,-12199.442,-6730262.544000001
2026-05-01 18:45:00,84.04,84.05,84.0,84.02,3523.88,84.04,84.05,84.0,84.02,3523.88,-0.00035693039857231934,-0.00035699411338865276,0.0,12800.686999999996,-12800.686999999996,-6743063.231000001
2026-05-01 18:50:00,84.02,84.04,84.0,84.0,2577.646,84.02,84.04,84.0,84.0,2577.646,-0.0002380385622470227,-0.00023806689792232582,0.0,13544.522,-13544.522,-6756607.7530000005
2026-05-01 18:55:00,84.01,84.02,83.98,83.99,4396.496,84.01,84.02,83.98,83.99,4396.496,-0.00011904761904768524,-0.00011905470577793019,0.0,13204.981999999998,-13204.981999999998,-6769812.735
2026-05-01 19:00:00,83.99,84.0,83.95,83.99,5759.723,83.99,84.0,83.95,83.99,5759.723,0.0,0.0,0.0,13245.952000000005,-13245.952000000005,-6783058.687
2026-05-01 19:05:00,84.0,84.07,83.99,84.05,2742.599,84.0,84.07,83.99,84.05,2742.599,0.0007143707584236214,0.0007141157170888625,0.0,13475.327000000008,-13475.327000000008,-6796534.0139999995
2026-05-01 19:10:00,84.05,84.06,84.0,84.04,4754.301,84.05,84.06,84.0,84.04,4754.301,-0.00011897679952399542,-0.0001189838778248492,0.0,15081.611000000004,-15081.611000000004,-6811615.624999999
2026-05-01 19:15:00,84.04,84.04,83.83,83.88,6772.05,84.04,84.04,83.83,83.88,6772.05,-0.0019038553069967712,-0.001905669943080572,0.0,15569.713999999989,-15569.713999999989,-6827185.338999999
2026-05-01 19:20:00,83.89,83.95,83.88,83.94,5493.912,83.89,83.95,83.88,83.94,5493.912,0.0007153075822603494,0.0007150518717255868,0.0,14013.893000000015,-14013.893000000015,-6841199.231999999
2026-05-01 19:25:00,83.94,84.0,83.93,83.94,4371.32,83.94,84.0,83.93,83.94,4371.32,0.0,0.0,0.0,14496.966999999988,-14496.966999999988,-6855696.198999999
2026-05-01 19:30:00,83.94,83.94,83.85,83.88,4267.799,83.94,83.94,83.85,83.88,4267.799,-0.0007147962830593713,-0.0007150518717256525,0.0,14437.813000000011,-14437.813000000011,-6870134.011999999
2026-05-01 19:35:00,83.87,83.88,83.84,83.87,5250.061,83.87,83.88,83.84,83.87,5250.061,-0.00011921793037661388,-0.00011922503739893746,0.0,15300.705000000004,-15300.705000000004,-6885434.716999999
2026-05-01 19:40:00,83.87,83.88,83.83,83.84,2707.508,83.87,83.88,83.83,83.84,2707.508,-0.00035769643495886516,-0.0003577604235881143,0.0,14825.732999999991,-14825.732999999991,-6900260.449999999
2026-05-01 19:45:00,83.84,83.87,83.8,83.82,8286.289,83.84,83.87,83.8,83.82,8286.289,-0.00023854961832070476,-0.00023857807580667683,0.0,16725.244,-16725.244,-6916985.693999999
2026-05-01 19:50:00,83.82,83.86,83.8,83.83,5790.905,83.82,83.86,83.8,83.83,5790.905,0.00011930326890952081,0.00011929615284050913,0.0,14184.06800000003,-14184.06800000003,-6931169.761999999
2026-05-01 19:55:00,83.82,83.92,83.79,83.9,4428.015,83.82,83.92,83.79,83.9,4428.015,0.000835023261362311,0.000834674823394517,0.0,18321.265999999992,-18321.265999999992,-6949491.027999999
2026-05-01 20:00:00,83.9,83.93,83.82,83.85,4035.827,83.9,83.93,83.82,83.85,4035.827,-0.000595947556615184,-0.0005961252039428019,0.0,18553.744999999988,-18553.744999999988,-6968044.772999999
2026-05-01 20:05:00,83.86,83.88,83.74,83.87,12189.345,83.86,83.88,83.74,83.87,12189.345,0.0002385211687538913,0.0002384927271024535,0.0,20173.634000000056,-20173.634000000056,-6988218.406999999
2026-05-01 20:10:00,83.86,83.87,83.84,83.85,2342.166,83.86,83.87,83.84,83.85,2342.166,-0.0002384642899726508,-0.00023849272710236335,0.0,15739.375999999984,-15739.375999999984,-7003957.782999999
2026-05-01 20:15:00,83.84,83.88,83.81,83.81,3923.597,83.84,83.88,83.81,83.81,3923.597,-0.0004770423375073385,-0.00047715615840292246,0.0,18826.35899999997,-18826.35899999997,-7022784.141999999
2026-05-01 20:20:00,83.81,83.82,83.7,83.73,9251.14,83.81,83.82,83.7,83.73,9251.14,-0.0009545400310225771,-0.0009549958944743523,0.0,17993.805999999993,-17993.805999999993,-7040777.947999999
2026-05-01 20:25:00,83.73,83.81,83.72,83.8,8328.718,83.73,83.81,83.72,83.8,8328.718,0.0008360205422188738,0.0008356712716966994,0.0,14549.895999999997,-14549.895999999997,-7055327.843999999
2026-05-01 20:30:00,83.8,83.84,83.75,83.75,3463.146,83.8,83.84,83.75,83.75,3463.146,-0.0005966587112171684,-0.0005968367828615256,0.0,8490.431999999999,-8490.431999999999,-7063818.275999999
2026-05-01 20:35:00,83.74,83.79,83.72,83.73,2377.261,83.74,83.79,83.72,83.73,2377.261,-0.00023880597014924732,-0.00023883448883531546,0.0,12274.501999999997,-12274.501999999997,-7076092.777999999
2026-05-01 20:40:00,83.72,83.73,83.52,83.62,11809.232,83.72,83.73,83.52,83.62,11809.232,-0.0013137465663441983,-0.001314610287921536,0.0,12408.648000000017,-12408.648000000017,-7088501.425999999
2026-05-01 20:45:00,83.63,83.71,83.61,83.63,4237.408,83.63,83.71,83.61,83.63,4237.408,0.00011958861516370156,0.0001195814650153084,0.0,19738.24500000001,-19738.24500000001,-7108239.670999999
2026-05-01 20:50:00,83.64,83.65,83.34,83.46,20602.885,83.64,83.65,83.34,83.46,20602.885,-0.002032763362429746,-0.0020348322300278512,0.0,20421.963000000007,-20421.963000000007,-7128661.634
2026-05-01 20:55:00,83.46,83.49,83.33,83.49,9610.361,83.46,83.49,83.33,83.49,9610.361,0.00035945363048162093,0.0003593890425025132,0.0,15239.626999999993,-15239.626999999993,-7143901.261
2026-05-01 21:00:00,83.48,83.58,83.45,83.47,5958.409,83.48,83.58,83.45,83.47,5958.409,-0.00023954964666417222,-0.00023957834326371238,0.0,15520.722000000012,-15520.722000000012,-7159421.983
2026-05-01 21:05:00,83.47,83.5,83.41,83.49,4183.138,83.47,83.5,83.41,83.49,4183.138,0.00023960704444703218,0.0002395783432637368,0.0,13063.244999999992,-13063.244999999992,-7172485.228
2026-05-01 21:10:00,83.49,83.56,83.48,83.53,4156.63,83.49,83.56,83.48,83.53,4156.63,0.0004790992933285665,0.0004789845619058322,0.0,11702.874000000003,-11702.874000000003,-7184188.102
2026-05-01 21:15:00,83.53,83.58,83.5,83.56,2623.019,83.53,83.58,83.5,83.56,2623.019,0.00035915240033523865,0.00035908792055015646,0.0,9999.189999999988,-9999.189999999988,-7194187.292
2026-05-01 21:20:00,83.56,83.62,83.55,83.59,3924.359,83.56,83.62,83.55,83.59,3924.359,0.0003590234561992034,0.00035895902269978325,0.0,11832.234999999993,-11832.234999999993,-7206019.527000001
2026-05-01 21:25:00,83.6,83.66,83.58,83.6,2348.627,83.6,83.66,83.58,83.6,2348.627,0.00011963153487237754,0.00011962437959096876,0.0,10407.100999999999,-10407.100999999999,-7216426.6280000005
2026-05-01 21:30:00,83.6,83.76,83.59,83.71,5087.26,83.6,83.76,83.59,83.71,5087.26,0.001315789473684159,0.001314924581309022,0.0,11279.975000000006,-11279.975000000006,-7227706.603
2026-05-01 21:35:00,83.71,83.76,83.7,83.75,3866.119,83.71,83.76,83.7,83.75,3866.119,0.0004778401624656592,0.00047772603321080703,0.0,11875.708999999984,-11875.708999999984,-7239582.312
2026-05-01 21:40:00,83.76,83.8,83.65,83.66,5916.838,83.76,83.8,83.65,83.66,5916.838,-0.001074626865671724,-0.0010752046911235312,0.0,12344.289999999999,-12344.289999999999,-7251926.602
2026-05-01 21:45:00,83.67,83.75,83.67,83.73,3156.431,83.67,83.75,83.67,83.73,3156.431,0.0008367200573751177,0.000836370202288155,0.0,10983.491000000015,-10983.491000000015,-7262910.093
2026-05-01 21:50:00,83.74,83.75,83.67,83.73,2944.77,83.74,83.75,83.67,83.73,2944.77,0.0,0.0,0.0,12352.29199999999,-12352.29199999999,-7275262.385000001
2026-05-01 21:55:00,83.74,83.77,83.71,83.72,2796.407,83.74,83.77,83.71,83.72,2796.407,-0.00011943150603133112,-0.00011943863854155086,0.0,11390.891000000021,-11390.891000000021,-7286653.276000001
2026-05-01 22:00:00,83.72,83.81,83.69,83.73,5414.547,83.72,83.81,83.69,83.73,5414.547,0.0001194457716198194,0.0001194386385416455,0.0,11522.520999999982,-11522.520999999982,-7298175.797
2026-05-01 22:05:00,83.73,83.77,83.68,83.76,2842.453,83.73,83.77,83.68,83.76,2842.453,0.0003582945180939934,0.00035823034594104146,0.0,10859.522000000003,-10859.522000000003,-7309035.319
2026-05-01 22:10:00,83.76,83.76,83.7,83.71,2525.911,83.76,83.76,83.7,83.71,2525.911,-0.0005969436485196988,-0.0005971218903165216,0.0,11247.630999999983,-11247.630999999983,-7320282.95
2026-05-01 22:15:00,83.71,83.83,83.7,83.82,2520.055,83.71,83.83,83.7,83.82,2520.055,0.0013140604467805073,0.0013131978249603929,0.0,11066.485999999975,-11066.485999999975,-7331349.436
2026-05-01 22:20:00,83.83,83.89,83.82,83.89,3233.088,83.83,83.89,83.82,83.89,3233.088,0.0008351228823670898,0.0008347743612778898,0.0,10694.014999999972,-10694.014999999972,-7342043.450999999
2026-05-01 22:25:00,83.89,83.89,83.8,83.81,2603.666,83.89,83.89,83.8,83.81,2603.666,-0.0009536297532483085,-0.0009540847473884143,0.0,10718.467000000024,-10718.467000000024,-7352761.918
2026-05-01 22:30:00,83.8,83.82,83.76,83.76,2380.562,83.8,83.82,83.76,83.76,2380.562,-0.0005965875193890691,-0.0005967655485333795,0.0,10543.141999999996,-10543.141999999996,-7363305.06
2026-05-01 22:35:00,83.75,83.75,83.7,83.72,2121.114,83.75,83.75,83.7,83.72,2121.114,-0.00047755491881573686,-0.0004776689844825051,0.0,10293.520000000026,-10293.520000000026,-7373598.58
2026-05-01 22:40:00,83.72,83.75,83.7,83.74,1653.724,83.72,83.75,83.7,83.74,1653.724,0.00023889154323941675,0.00023886301319833435,0.0,11986.649000000009,-11986.649000000009,-7385585.229
2026-05-01 22:45:00,83.74,83.74,83.57,83.6,3460.775,83.74,83.74,83.57,83.6,3460.775,-0.0016718414139001991,-0.0016732405003413628,0.0,16600.927000000018,-16600.927000000018,-7402186.156
2026-05-01 22:50:00,83.6,83.7,83.59,83.69,1894.139,83.6,83.7,83.59,83.69,1894.139,0.0010765550239235644,0.0010759759541268661,0.0,16758.705000000005,-16758.705000000005,-7418944.8610000005
2026-05-01 22:55:00,83.7,83.77,83.69,83.75,2310.343,83.7,83.77,83.69,83.75,2310.343,0.000716931533038645,0.0007166746603931799,0.0,16805.38800000005,-16805.38800000005,-7435750.249000001
2026-05-01 23:00:00,83.74,83.74,83.67,83.74,8923.969,83.74,83.74,83.67,83.74,8923.969,-0.00011940298507473468,-0.00011941011417865356,0.0,23360.230000000058,-23360.230000000058,-7459110.479000001
2026-05-01 23:05:00,83.73,83.75,83.66,83.7,3628.277,83.73,83.75,83.66,83.7,3628.277,-0.00047766897539991415,-0.00047778309556749995,0.0,43615.17999999996,-43615.17999999996,-7502725.659000001
2026-05-01 23:10:00,83.69,83.81,83.69,83.79,2544.647,83.69,83.81,83.69,83.79,2544.647,0.0010752688172044333,0.001074691129765581,0.0,42607.331,-42607.331,-7545332.990000001
2026-05-01 23:15:00,83.8,83.9,83.56,83.56,38314.957,83.8,83.9,83.56,83.56,38314.957,-0.0027449576321757485,-0.0027487319368301195,0.0,42377.63400000005,-42377.63400000005,-7587710.624000001
2026-05-01 23:20:00,83.57,83.68,83.56,83.66,3782.387,83.57,83.68,83.56,83.66,3782.387,0.0011967448539971226,0.0011960293256873243,0.0,10321.563000000026,-10321.563000000026,-7598032.187000001
2026-05-01 23:25:00,83.66,83.67,83.56,83.58,2122.711,83.66,83.67,83.56,83.58,2122.711,-0.0009562514941429123,-0.0009567089942829859,0.0,11148.388999999985,-11148.388999999985,-7609180.576000001
2026-05-01 23:30:00,83.58,83.63,83.58,83.63,3001.011,83.58,83.63,83.58,83.63,3001.011,0.0005982292414452584,0.0005980503736650008,0.0,10971.039999999977,-10971.039999999977,-7620151.616000001
2026-05-01 23:35:00,83.63,83.7,83.62,83.7,1555.941,83.63,83.7,83.62,83.7,1555.941,0.0008370202080594247,0.0008366701019953543,0.0,10331.932000000008,-10331.932000000008,-7630483.548000001
2026-05-01 23:40:00,83.7,83.72,83.69,83.69,3637.504,83.7,83.72,83.69,83.69,3637.504,-0.00011947431302272715,-0.00011948145064697745,0.0,10767.001999999993,-10767.001999999993,-7641250.550000002
2026-05-01 23:45:00,83.69,83.73,83.69,83.72,2030.388,83.69,83.73,83.69,83.72,2030.388,0.00035846576651921147,0.0003584015330162112,0.0,9749.07899999999,-9749.07899999999,-7650999.629000002
2026-05-01 23:50:00,83.72,83.74,83.68,83.7,3046.22,83.72,83.74,83.68,83.7,3046.22,-0.00023889154323930573,-0.00023892008236928305,0.0,9032.533999999987,-9032.533999999987,-7660032.163000002
2026-05-01 23:55:00,83.69,83.77,83.69,83.76,2093.754,83.69,83.77,83.69,83.76,2093.754,0.0007168458781361409,0.0007165890668517189,0.0,9107.280999999995,-9107.280999999995,-7669139.444000002
2026-05-02 00:00:00,83.76,83.78,83.71,83.71,3547.825,83.76,83.78,83.71,83.71,3547.825,-0.0005969436485196988,-0.0005971218903165216,0.0,8708.062000000002,-8708.062000000002,-7677847.506000002
2026-05-02 00:05:00,83.71,83.71,83.66,83.68,1199.037,83.71,83.71,83.66,83.68,1199.037,-0.00035838012184907786,-0.0003584443553520783,0.0,9888.071000000004,-9888.071000000004,-7687735.577000002
2026-05-02 00:10:00,83.67,83.69,83.65,83.67,1225.943,83.67,83.69,83.65,83.67,1225.943,-0.00011950286806894361,-0.00011951000910560387,0.0,9246.874999999989,-9246.874999999989,-7696982.452000002
2026-05-02 00:15:00,83.66,83.67,83.6,83.61,1808.378,83.66,83.67,83.6,83.61,1808.378,-0.0007171029042667421,-0.0007173601455407242,0.0,10228.283,-10228.283,-7707210.735000002
2026-05-02 00:20:00,83.6,83.68,83.58,83.68,4243.781,83.6,83.68,83.58,83.68,4243.781,0.0008372204281785756,0.0008368701546463663,0.0,11018.837000000029,-11018.837000000029,-7718229.5720000025
2026-05-02 00:25:00,83.68,83.7,83.53,83.54,2883.105,83.68,83.7,83.53,83.54,2883.105,-0.0016730401529636563,-0.0016744412475834785,0.0,30883.590000000004,-30883.590000000004,-7749113.162000002
2026-05-02 00:30:00,83.53,83.59,83.53,83.55,3418.488,83.53,83.59,83.53,83.55,3418.488,0.0001197031362221157,0.0001196959723733894,0.0,38844.01200000005,-38844.01200000005,-7787957.174000002
2026-05-02 00:35:00,83.56,83.7,83.44,83.68,33118.305,83.56,83.7,83.44,83.68,33118.305,0.0015559545182526335,0.0015547452752101407,0.0,37620.399000000114,-37620.399000000114,-7825577.573000003
2026-05-02 00:40:00,83.69,83.76,83.68,83.75,2733.589,83.69,83.76,83.68,83.75,2733.589,0.0008365200764817171,0.0008361703885629266,0.0,10551.443999999978,-10551.443999999978,-7836129.017000003
2026-05-02 00:45:00,83.75,83.78,83.7,83.76,2939.977,83.75,83.78,83.7,83.76,2939.977,0.00011940298507462366,0.00011939585710559616,0.0,10708.181000000006,-10708.181000000006,-7846837.198000003
2026-05-02 00:50:00,83.76,83.87,83.75,83.82,3096.776,83.76,83.87,83.75,83.82,3096.776,0.0007163323782233277,0.0007160759346438672,0.0,10143.028000000026,-10143.028000000026,-7856980.226000003
2026-05-02 00:55:00,83.81,83.84,83.8,83.82,997.411,83.81,83.84,83.8,83.82,997.411,0.0,0.0,0.0,9088.782999999974,-9088.782999999974,-7866069.009000002
2026-05-02 01:00:00,83.83,83.83,83.77,83.8,2607.431,83.83,83.83,83.77,83.8,2607.431,-0.00023860653781904162,-0.0002386350088879988,0.0,9366.16699999998,-9366.16699999998,-7875435.176000003
2026-05-02 01:05:00,83.79,83.92,83.79,83.91,2226.915,83.79,83.92,83.79,83.91,2226.915,0.0013126491646777705,0.001311788393940659,0.0,7827.293000000003,-7827.293000000003,-7883262.469000002
2026-05-02 01:10:00,83.92,83.92,83.85,83.91,1793.36,83.92,83.92,83.85,83.91,1793.36,0.0,0.0,0.0,8252.388999999988,-8252.388999999988,-7891514.858000003
2026-05-02 01:15:00,83.9,83.91,83.81,83.82,1684.134,83.9,83.91,83.81,83.82,1684.134,-0.0010725777618877386,-0.001073153385052601,0.0,10002.272999999981,-10002.272999999981,-7901517.131000003
2026-05-02 01:20:00,83.82,83.84,83.8,83.84,1106.245,83.82,83.84,83.8,83.84,1106.245,0.00023860653781926366,0.00023857807580671012,0.0,9307.419999999993,-9307.419999999993,-7910824.551000003
2026-05-02 01:25:00,83.84,83.84,83.8,83.83,952.144,83.84,83.84,83.8,83.83,952.144,-0.00011927480916040789,-0.00011928192296612886,0.0,9404.907000000014,-9404.907000000014,-7920229.458000002
2026-05-02 01:30:00,83.84,83.97,83.83,83.95,3569.994,83.84,83.97,83.83,83.95,3569.994,0.0014314684480496442,0.00143044487378384,0.0,10715.568000000021,-10715.568000000021,-7930945.026000002
2026-05-02 01:35:00,83.96,83.96,83.85,83.93,2884.118,83.96,83.96,83.85,83.93,2884.118,-0.0002382370458605676,-0.0002382654288135812,0.0,10352.803999999975,-10352.803999999975,-7941297.830000002
2026-05-02 01:40:00,83.93,83.97,83.9,83.97,1148.328,83.93,83.97,83.9,83.97,1148.328,0.0004765876325507623,0.00047647410073548593,0.0,9347.994000000004,-9347.994000000004,-7950645.824000002
2026-05-02 01:45:00,83.96,84.0,83.95,83.99,2805.438,83.96,84.0,83.95,83.99,2805.438,0.00023818030248889954,0.0002381519420638264,0.0,13713.580999999996,-13713.580999999996,-7964359.405000002
2026-05-02 01:50:00,83.99,84.05,83.98,84.04,2832.426,83.99,84.05,83.98,84.04,2832.426,0.0005953089653532029,0.000595131839264101,0.0,16209.622000000001,-16209.622000000001,-7980569.027000003
2026-05-02 01:55:00,84.03,84.04,83.99,84.03,2381.261,84.03,84.04,83.99,84.03,2381.261,-0.00011899095668732595,-0.00011899803667285437,0.0,20634.55200000006,-20634.55200000006,-8001203.579000003
2026-05-02 02:00:00,84.04,84.18,83.94,83.97,18179.696,84.04,84.18,83.94,83.97,18179.696,-0.000714030703320323,-0.0007142857446550875,0.0,20567.736000000074,-20567.736000000074,-8021771.315000003
2026-05-02 02:05:00,83.97,83.97,83.9,83.9,2429.669,83.97,83.97,83.9,83.9,2429.669,-0.0008336310587113704,-0.0008339787223112729,0.0,15353.825999999992,-15353.825999999992,-8037125.141000004
2026-05-02 02:10:00,83.91,84.05,83.86,83.97,8635.379,83.91,84.05,83.86,83.97,8635.379,0.0008343265792609689,0.000833978722311291,0.0,15836.356999999967,-15836.356999999967,-8052961.498000003
2026-05-02 02:15:00,83.97,84.02,83.96,84.02,4025.199,83.97,84.02,83.96,84.02,4025.199,0.0005954507562224709,0.0005952735457641727,0.0,10163.350999999988,-10163.350999999988,-8063124.849000003
2026-05-02 02:20:00,84.02,84.02,83.97,83.98,1554.758,84.02,84.02,83.97,83.98,1554.758,-0.0004760771244940454,-0.00047619048518866207,0.0,7698.732999999992,-7698.732999999992,-8070823.582000003
2026-05-02 02:25:00,83.97,83.99,83.9,83.91,2227.256,83.97,83.99,83.9,83.91,2227.256,-0.000833531793284159,-0.0008338793740692123,0.0,7849.712999999992,-7849.712999999992,-8078673.295000004
2026-05-02 02:30:00,83.92,83.95,83.9,83.94,1210.848,83.92,83.95,83.9,83.94,1210.848,0.0003575259206292092,0.0003574620234667225,0.0,7822.418000000001,-7822.418000000001,-8086495.713000003
2026-05-02 02:35:00,83.94,84.0,83.93,84.0,826.113,83.94,84.0,83.93,84.0,826.113,0.0007147962830593713,0.0007145409378688503,0.0,8105.524999999996,-8105.524999999996,-8094601.238000004
2026-05-02 02:40:00,84.0,84.02,83.93,83.93,1191.921,84.0,84.02,83.93,83.93,1191.921,-0.0008333333333332416,-0.000833680748577342,0.0,10341.24699999999,-10341.24699999999,-8104942.485000004
2026-05-02 02:45:00,83.94,83.97,83.91,83.92,2094.502,83.94,83.97,83.91,83.92,2094.502,-0.00011914690813774609,-0.00011915400669445847,0.0,10834.55999999996,-10834.55999999996,-8115777.045000004
2026-05-02 02:50:00,83.92,84.11,83.92,83.99,3883.768,83.92,84.11,83.92,83.99,3883.768,0.0008341277407053482,0.0008337800494939305,0.0,10512.124999999975,-10512.124999999975,-8126289.170000004
2026-05-02 02:55:00,83.99,84.02,83.94,83.95,3267.971,83.99,84.02,83.94,83.95,3267.971,-0.00047624717228234026,-0.00047636061398585055,0.0,15289.217999999999,-15289.217999999999,-8141578.388000004
2026-05-02 03:00:00,83.94,83.95,83.89,83.93,1972.137,83.94,83.95,83.89,83.93,1972.137,-0.0002382370458605676,-0.0002382654288135812,0.0,14548.621000000003,-14548.621000000003,-8156127.009000004
2026-05-02 03:05:00,83.93,83.93,83.8,83.81,1908.426,83.93,83.93,83.8,83.81,1908.426,-0.001429762897652842,-0.001430785983921398,0.0,15636.359000000035,-15636.359000000035,-8171763.368000004
2026-05-02 03:10:00,83.8,83.81,83.7,83.76,9660.13,83.8,83.81,83.7,83.76,9660.13,-0.0005965875193890691,-0.0005967655485333795,0.0,15921.610000000039,-15921.610000000039,-8187684.978000005
2026-05-02 03:15:00,83.77,83.83,83.74,83.81,1443.99,83.77,83.83,83.74,83.81,1443.99,0.0005969436485195878,0.0005967655485334129,0.0,8420.727999999986,-8420.727999999986,-8196105.706000005
2026-05-02 03:20:00,83.8,83.9,83.8,83.87,2889.313,83.8,83.9,83.8,83.87,2889.313,0.0007159050232670161,0.0007156488855054298,0.0,9535.270999999986,-9535.270999999986,-8205640.977000005
2026-05-02 03:25:00,83.87,83.91,83.86,83.88,2490.615,83.87,83.91,83.86,83.88,2490.615,0.00011923214498610335,0.00011922503739886733,0.0,7966.713,-7966.713,-8213607.690000005
2026-05-02 03:30:00,83.88,83.92,83.83,83.91,1726.014,83.88,83.92,83.83,83.91,1726.014,0.0003576537911302857,0.00035758984825895,0.0,6733.795999999999,-6733.795999999999,-8220341.486000005
2026-05-02 03:35:00,83.91,83.98,83.85,83.86,2572.377,83.91,83.98,83.85,83.86,2572.377,-0.0005958765343820893,-0.0005960541393614672,0.0,6643.673999999997,-6643.673999999997,-8226985.160000005
2026-05-02 03:40:00,83.86,83.86,83.79,83.81,884.066,83.86,83.86,83.79,83.81,884.066,-0.0005962318149296264,-0.0005964096318017574,0.0,6294.421999999989,-6294.421999999989,-8233279.582000005
2026-05-02 03:45:00,83.81,83.81,83.78,83.78,1177.185,83.81,83.81,83.78,83.78,1177.185,-0.00035795251163350805,-0.00035801659192605777,0.0,9387.62099999999,-9387.62099999999,-8242667.203000005
2026-05-02 03:50:00,83.78,83.83,83.78,83.83,1024.674,83.78,83.83,83.78,83.83,1024.674,0.000596801145858139,0.0005966231308771321,0.0,10096.545999999986,-10096.545999999986,-8252763.749000005
2026-05-02 03:55:00,83.82,83.87,83.82,83.82,2128.155,83.82,83.87,83.82,83.82,2128.155,-0.00011928903733748886,-0.00011929615284057661,0.0,10976.260000000007,-10976.260000000007,-8263740.009000005
2026-05-02 04:00:00,83.82,83.83,83.77,83.77,1083.145,83.82,83.83,83.77,83.77,1083.145,-0.0005965163445478261,-0.0005966943312073031,0.0,9788.326000000015,-9788.326000000015,-8273528.335000006
2026-05-02 04:05:00,83.77,83.78,83.64,83.67,5541.51,83.77,83.78,83.64,83.67,5541.51,-0.0011937447773665566,-0.0011944578582108133,0.0,10174.197999999995,-10174.197999999995,-8283702.533000005
2026-05-02 04:10:00,83.67,83.7,83.66,83.68,2108.234,83.67,83.7,83.66,83.68,2108.234,0.00011951715071112368,0.00011951000910549053,0.0,10494.512999999997,-10494.512999999997,-8294197.046000006
2026-05-02 04:15:00,83.67,83.7,83.65,83.69,1023.732,83.67,83.7,83.65,83.69,1023.732,0.00011950286806872157,0.00011949572816980318,0.0,10593.933000000005,-10593.933000000005,-8304790.979000006
2026-05-02 04:20:00,83.68,83.7,83.65,83.68,1164.997,83.68,83.7,83.65,83.68,1164.997,-0.00011948858883970015,-0.00011949572816984959,0.0,12467.35999999999,-12467.35999999999,-8317258.339000006
2026-05-02 04:25:00,83.68,83.69,83.66,83.69,4759.568,83.68,83.69,83.66,83.69,4759.568,0.00011950286806872157,0.00011949572816980318,0.0,13725.799999999983,-13725.799999999983,-8330984.139000006
2026-05-02 04:30:00,83.69,83.72,83.66,83.71,1185.392,83.69,83.72,83.66,83.71,1185.392,0.0002389771776794003,0.00023894862718219542,0.0,16270.046999999988,-16270.046999999988,-8347254.186000006
2026-05-02 04:35:00,83.71,83.75,83.7,83.7,995.136,83.71,83.75,83.7,83.7,995.136,-0.00011946004061635929,-0.00011946717653532176,0.0,15686.559999999974,-15686.559999999974,-8362940.746000006
2026-05-02 04:40:00,83.69,83.7,83.65,83.67,2556.623,83.69,83.7,83.65,83.67,2556.623,-0.00035842293906807043,-0.0003584871879223296,0.0,14915.364999999967,-14915.364999999967,-8377856.111000006
2026-05-02 04:45:00,83.67,83.74,83.56,83.65,10991.126,83.67,83.74,83.56,83.65,10991.126,-0.00023903430142224735,-0.00023906287467429118,0.0,14279.222999999967,-14279.222999999967,-8392135.334000006
2026-05-02 04:50:00,83.66,83.66,83.59,83.64,4739.237,83.66,83.66,83.59,83.64,4739.237,-0.00011954572624039983,-0.00011955287240026525,0.0,4643.034999999997,-4643.034999999997,-8396778.369000006
2026-05-02 04:55:00,83.63,83.65,83.6,83.64,1374.092,83.63,83.65,83.6,83.64,1374.092,0.0,0.0,0.0,10632.868999999986,-10632.868999999986,-8407411.238000007
2026-05-02 05:00:00,83.64,83.65,83.6,83.63,1841.667,83.64,83.65,83.6,83.63,1841.667,-0.00011956001912971637,-0.00011956716699854209,0.0,10334.067999999972,-10334.067999999972,-8417745.306000007
2026-05-02 05:05:00,83.63,83.68,83.62,83.65,1685.104,83.63,83.68,83.62,83.65,1685.104,0.00023914863087415306,0.00023912003939864589,0.0,10187.634999999973,-10187.634999999973,-8427932.941000007
2026-05-02 05:10:00,83.65,83.67,83.56,83.58,5524.409,83.65,83.67,83.56,83.58,5524.409,-0.0008368200836821327,-0.0008371704130637697,0.0,10125.962999999983,-10125.962999999983,-8438058.904000007
2026-05-02 05:15:00,83.58,83.6,83.54,83.55,1968.379,83.58,83.6,83.54,83.55,1968.379,-0.000358937544867155,-0.0003590019783665753,0.0,6799.866999999988,-6799.866999999988,-8444858.771000007
2026-05-02 05:20:00,83.56,83.6,83.55,83.6,1817.839,83.56,83.6,83.55,83.6,1817.839,0.0005984440454818163,0.0005982650492532878,0.0,7581.627999999986,-7581.627999999986,-8452440.399000008
2026-05-02 05:25:00,83.6,83.65,83.6,83.65,1389.699,83.6,83.65,83.6,83.65,1389.699,0.0005980861244021529,0.0005979073421772787,0.0,7962.036999999988,-7962.036999999988,-8460402.436000008
2026-05-02 05:30:00,83.65,83.71,83.64,83.69,1155.739,83.65,83.71,83.64,83.69,1155.739,0.00047818290496115523,0.00047806861194971465,0.0,8398.434999999992,-8398.434999999992,-8468800.871000009
2026-05-02 05:35:00,83.68,83.72,83.67,83.71,1702.757,83.68,83.72,83.67,83.71,1702.757,0.0002389771776794003,0.00023894862718219542,0.0,9819.515999999983,-9819.515999999983,-8478620.38700001
2026-05-02 05:40:00,83.71,83.72,83.69,83.7,1649.386,83.71,83.72,83.69,83.7,1649.386,-0.00011946004061635929,-0.00011946717653532176,0.0,9003.849999999982,-9003.849999999982,-8487624.237000009
2026-05-02 05:45:00,83.69,83.75,83.67,83.7,2786.214,83.69,83.75,83.67,83.7,2786.214,0.0,0.0,0.0,9971.617000000007,-9971.617000000007,-8497595.85400001
2026-05-02 05:50:00,83.69,83.74,83.66,83.72,3594.217,83.69,83.74,83.66,83.72,3594.217,0.0002389486260454543,0.0002389200823694007,0.0,9138.955,-9138.955,-8506734.80900001
2026-05-02 05:55:00,83.72,83.73,83.7,83.7,655.721,83.72,83.73,83.7,83.7,655.721,-0.00023889154323930573,-0.00023892008236928305,0.0,7588.207000000004,-7588.207000000004,-8514323.01600001
2026-05-02 06:00:00,83.71,83.75,83.7,83.75,1885.608,83.71,83.75,83.7,83.75,1885.608,0.0005973715651135247,0.0005971932097462035,0.0,8581.427000000003,-8581.427000000003,-8522904.44300001
2026-05-02 06:05:00,83.75,83.8,83.74,83.75,1489.238,83.75,83.8,83.74,83.75,1489.238,0.0,0.0,0.0,8284.529999999995,-8284.529999999995,-8531188.973000009
2026-05-02 06:10:00,83.75,83.75,83.67,83.67,1784.276,83.75,83.75,83.67,83.67,1784.276,-0.0009552238805969893,-0.0009556803976685132,0.0,8268.811999999985,-8268.811999999985,-8539457.78500001
2026-05-02 06:15:00,83.67,83.7,83.67,83.69,1571.864,83.67,83.7,83.67,83.69,1571.864,0.00023903430142224735,0.0002390057372754024,0.0,8113.67499999998,-8113.67499999998,-8547571.46000001
2026-05-02 06:20:00,83.69,83.69,83.61,83.63,2160.096,83.69,83.69,83.61,83.63,2160.096,-0.000716931533038645,-0.0007171886513483383,0.0,7731.1039999999875,-7731.1039999999875,-8555302.56400001
2026-05-02 06:25:00,83.64,83.65,83.58,83.59,2018.464,83.64,83.65,83.58,83.59,2018.464,-0.00047829726174808407,-0.0004784116823695498,0.0,6977.918999999985,-6977.918999999985,-8562280.48300001
2026-05-02 06:30:00,83.58,83.61,83.58,83.6,1241.071,83.58,83.61,83.58,83.6,1241.071,0.00011963153487237754,0.00011962437959096876,0.0,6984.877000000004,-6984.877000000004,-8569265.36000001
2026-05-02 06:35:00,83.6,83.65,83.6,83.64,1155.205,83.6,83.65,83.6,83.64,1155.205,0.0004784688995216335,0.0004783544697769898,0.0,7646.006999999995,-7646.006999999995,-8576911.36700001
2026-05-02 06:40:00,83.64,83.67,83.64,83.67,1456.358,83.64,83.67,83.64,83.67,1456.358,0.00035868005738892705,0.00035861574707456807,0.0,8189.618999999984,-8189.618999999984,-8585100.98600001
2026-05-02 06:45:00,83.66,83.73,83.66,83.72,1266.076,83.66,83.73,83.66,83.72,1266.076,0.0005975857535556184,0.0005974072702916894,0.0,8322.279999999993,-8322.279999999993,-8593423.26600001
2026-05-02 06:50:00,83.73,83.8,83.72,83.79,2354.228,83.73,83.8,83.72,83.79,2354.228,0.0008361204013378476,0.0008357710473961571,0.0,8382.571999999986,-8382.571999999986,-8601805.83800001
2026-05-02 06:55:00,83.79,83.85,83.78,83.82,2622.069,83.79,83.85,83.78,83.82,2622.069,0.00035803795202271615,0.0003579738717301667,0.0,6748.38699999998,-6748.38699999998,-8608554.22500001
2026-05-02 07:00:00,83.83,83.86,83.8,83.81,2824.019,83.83,83.86,83.8,83.81,2824.019,-0.00011930326890940979,-0.00011931038611047189,0.0,5978.139,-5978.139,-8614532.364000011
2026-05-02 07:05:00,83.8,83.81,83.79,83.79,933.459,83.8,83.81,83.79,83.79,933.459,-0.000238635007755561,-0.00023866348561965792,0.0,9423.38800000001,-9423.38800000001,-8623955.752000012
2026-05-02 07:10:00,83.8,83.8,83.78,83.79,2478.416,83.8,83.8,83.78,83.79,2478.416,0.0,0.0,0.0,10512.835,-10512.835,-8634468.587000012
2026-05-02 07:15:00,83.8,83.8,83.75,83.77,4467.992,83.8,83.8,83.75,83.77,4467.992,-0.00023869196801540316,-0.00023872045947707958,0.0,10907.591000000004,-10907.591000000004,-8645376.178000012
2026-05-02 07:20:00,83.77,83.82,83.77,83.81,1711.793,83.77,83.82,83.77,83.81,1711.793,0.00047749791094675587,0.00047738394509680356,0.0,7300.765999999996,-7300.765999999996,-8652676.944000013
2026-05-02 07:25:00,83.81,83.82,83.78,83.79,1892.383,83.81,83.82,83.78,83.79,1892.383,-0.000238635007755561,-0.00023866348561965792,0.0,7958.054999999994,-7958.054999999994,-8660634.999000013
2026-05-02 07:30:00,83.79,83.79,83.74,83.74,2440.409,83.79,83.79,83.74,83.74,2440.409,-0.0005967299200383414,-0.000596908034197966,0.0,8344.265000000005,-8344.265000000005,-8668979.264000013
2026-05-02 07:35:00,83.75,83.77,83.74,83.75,2244.031,83.75,83.77,83.74,83.75,2244.031,0.00011941724385011732,0.0001194101141786511,0.0,8434.584000000004,-8434.584000000004,-8677413.848000014
2026-05-02 07:40:00,83.75,83.76,83.72,83.75,3332.694,83.75,83.76,83.72,83.75,3332.694,0.0,0.0,0.0,7743.287000000012,-7743.287000000012,-8685157.135000015
2026-05-02 07:45:00,83.75,83.77,83.73,83.73,1679.653,83.75,83.77,83.73,83.73,1679.653,-0.00023880597014924732,-0.00023883448883531546,0.0,6025.667000000003,-6025.667000000003,-8691182.802000014
2026-05-02 07:50:00,83.74,83.74,83.72,83.74,1425.46,83.74,83.74,83.72,83.74,1425.46,0.00011943150603110908,0.0001194243746565942,0.0,5674.099999999995,-5674.099999999995,-8696856.902000014
2026-05-02 07:55:00,83.74,83.75,83.73,83.74,1285.71,83.74,83.75,83.73,83.74,1285.71,0.0,0.0,0.0,5912.180000000007,-5912.180000000007,-8702769.082000013
2026-05-02 08:00:00,83.73,83.74,83.64,83.69,2140.319,83.73,83.74,83.64,83.69,2140.319,-0.0005970862192500315,-0.0005972645462145557,0.0,6408.251999999997,-6408.251999999997,-8709177.334000014
2026-05-02 08:05:00,83.7,83.7,83.66,83.69,1814.798,83.7,83.7,83.66,83.69,1814.798,0.0,0.0,0.0,6681.531999999998,-6681.531999999998,-8715858.866000013
2026-05-02 08:10:00,83.69,83.72,83.68,83.72,806.189,83.69,83.72,83.68,83.72,806.189,0.00035846576651921147,0.0003584015330162112,0.0,7656.699000000007,-7656.699000000007,-8723515.565000013
2026-05-02 08:15:00,83.72,83.72,83.67,83.69,1638.913,83.72,83.72,83.67,83.69,1638.913,-0.0003583373148590141,-0.00035840153301625716,0.0,8363.442000000014,-8363.442000000014,-8731879.007000012
2026-05-02 08:20:00,83.7,83.73,83.69,83.73,1042.024,83.7,83.73,83.69,83.73,1042.024,0.0004779543553592447,0.00047784017155798927,0.0,7974.023999999991,-7974.023999999991,-8739853.031000013
2026-05-02 08:25:00,83.73,83.75,83.72,83.73,1310.173,83.73,83.75,83.72,83.73,1310.173,0.0,0.0,0.0,10788.827999999989,-10788.827999999989,-8750641.859000012
2026-05-02 08:30:00,83.74,83.79,83.73,83.78,3091.844,83.74,83.79,83.73,83.78,3091.844,0.0005971575301564336,0.0005969793025482981,0.0,11176.163999999997,-11176.163999999997,-8761818.023000013
2026-05-02 08:35:00,83.79,83.8,83.77,83.8,1803.537,83.79,83.8,83.77,83.8,1803.537,0.0002387204583431668,0.0002386919691484299,0.0,8641.010999999979,-8641.010999999979,-8770459.034000013
2026-05-02 08:40:00,83.8,83.86,83.79,83.83,4260.629,83.8,83.86,83.79,83.83,4260.629,0.00035799522673030104,0.00035793116172864065,0.0,8327.949999999984,-8327.949999999984,-8778786.984000012
2026-05-02 08:45:00,83.83,83.86,83.83,83.85,1466.028,83.83,83.86,83.83,83.85,1466.028,0.00023857807467497771,0.00023854961945189148,0.0,6828.920000000002,-6828.920000000002,-8785615.904000012
2026-05-02 08:50:00,83.85,83.89,83.85,83.88,5262.821,83.85,83.89,83.85,83.88,5262.821,0.0003577817531306149,0.00035771776450136593,0.0,8817.935999999992,-8817.935999999992,-8794433.840000013
2026-05-02 08:55:00,83.88,83.88,83.82,83.85,4730.091,83.88,83.88,83.82,83.85,4730.091,-0.0003576537911301747,-0.0003577177645013301,0.0,6626.142999999973,-6626.142999999973,-8801059.983000012
2026-05-02 09:00:00,83.85,83.86,83.83,83.85,2016.92,83.85,83.86,83.83,83.85,2016.92,0.0,0.0,0.0,4249.8200000000015,-4249.8200000000015,-8805309.803000012
2026-05-02 09:05:00,83.85,83.89,83.85,83.89,809.676,83.85,83.89,83.85,83.89,809.676,0.00047704233750756053,0.00047692858898547606,0.0,9823.082000000006,-9823.082000000006,-8815132.885000013
2026-05-02 09:10:00,83.89,83.9,83.88,83.88,1744.697,83.89,83.9,83.88,83.88,1744.697,-0.00011920371915608019,-0.00011921082448407047,0.0,12468.129000000012,-12468.129000000012,-8827601.014000013
2026-05-02 09:15:00,83.89,83.93,83.88,83.92,4256.758,83.89,83.93,83.88,83.92,4256.758,0.0004768717215068996,0.0004767580543225214,0.0,13604.366000000009,-13604.366000000009,-8841205.380000014
2026-05-02 09:20:00,83.93,83.98,83.92,83.96,3016.082,83.93,83.98,83.92,83.96,3016.082,0.0004766444232602307,0.00047653086439048656,0.0,14435.823999999991,-14435.823999999991,-8855641.204000013
2026-05-02 09:25:00,83.95,83.96,83.94,83.94,6143.902,83.95,83.96,83.94,83.94,6143.902,-0.00023820867079560326,-0.0002382370469874171,0.0,13232.249999999989,-13232.249999999989,-8868873.454000013
2026-05-02 09:30:00,83.95,83.98,83.86,83.97,6702.038,83.95,83.98,83.86,83.97,6702.038,0.00035739814152968563,0.00035733429002705376,0.0,13788.396999999994,-13788.396999999994,-8882661.851000013
2026-05-02 09:35:00,83.98,84.07,83.97,83.98,9516.488,83.98,84.07,83.97,83.98,9516.488,0.00011909015124444977,0.00011908306057533504,0.0,13656.332999999979,-13656.332999999979,-8896318.184000013
2026-05-02 09:40:00,83.98,84.01,83.95,84.0,4931.561,83.98,84.01,83.95,84.0,4931.561,0.000238151940938236,0.000238123587266315,0.0,10473.84199999998,-10473.84199999998,-8906792.026000014
2026-05-02 09:45:00,83.99,84.05,83.99,84.02,5063.131,83.99,84.05,83.99,84.02,5063.131,0.00023809523809514843,0.00023806689792229752,0.0,15665.441000000004,-15665.441000000004,-8922457.467000013
2026-05-02 09:50:00,84.02,84.07,84.01,84.07,2363.671,84.02,84.07,84.01,84.07,2363.671,0.0005950964056176122,0.0005949194059693778,0.0,27516.589999999993,-27516.589999999993,-8949974.057000013
2026-05-02 09:55:00,84.06,84.17,83.97,84.0,23722.628,84.06,84.17,83.97,84.0,23722.628,-0.0008326394671106518,-0.0008329863038917735,0.0,30016.940999999977,-30016.940999999977,-8979990.998000013
2026-05-02 10:00:00,84.01,84.01,83.97,84.01,4581.621,84.01,84.01,83.97,84.01,4581.621,0.00011904761904757422,0.00011904053344211783,0.0,9289.827999999998,-9289.827999999998,-8989280.826000012
2026-05-02 10:05:00,84.01,84.01,83.95,83.97,2620.426,84.01,84.01,83.95,83.97,2620.426,-0.00047613379359612296,-0.0004762471812840602,0.0,7604.883000000003,-7604.883000000003,-8996885.709000012
2026-05-02 10:10:00,83.98,83.98,83.97,83.97,1170.06,83.98,83.98,83.97,83.97,1170.06,0.0,0.0,0.0,7230.342000000002,-7230.342000000002,-9004116.051000012
2026-05-02 10:15:00,83.97,83.99,83.95,83.96,3816.466,83.97,83.99,83.95,83.96,3816.466,-0.0001190901512445608,-0.00011909724303967007,0.0,6942.361999999999,-6942.361999999999,-9011058.413000012
2026-05-02 10:20:00,83.95,83.96,83.89,83.89,1714.453,83.95,83.96,83.89,83.89,1714.453,-0.0008337303477845559,-0.0008340780942289086,0.0,4530.756000000007,-4530.756000000007,-9015589.169000011
2026-05-02 10:25:00,83.89,83.92,83.89,83.91,933.594,83.89,83.92,83.89,83.91,933.594,0.00023840743831193834,0.00023837902377468542,0.0,5433.630000000001,-5433.630000000001,-9021022.799000012
2026-05-02 10:30:00,83.92,83.92,83.87,83.9,716.229,83.92,83.92,83.87,83.9,716.229,-0.00011917530687632905,-0.00011918240881746987,0.0,6004.771999999997,-6004.771999999997,-9027027.571000012
2026-05-02 10:35:00,83.9,83.92,83.9,83.92,363.432,83.9,83.92,83.9,83.92,363.432,0.00023837902264589594,0.00023835061488113092,0.0,6406.176999999995,-6406.176999999995,-9033433.74800001
2026-05-02 10:40:00,83.92,83.93,83.9,83.93,819.682,83.92,83.93,83.9,83.93,819.682,0.00011916110581511319,0.00011915400669449742,0.0,6867.229999999992,-6867.229999999992,-9040300.978000011
2026-05-02 10:45:00,83.94,83.96,83.91,83.94,2516.155,83.94,83.96,83.91,83.94,2516.155,0.00011914690813763507,0.00011913981070852791,0.0,6902.765999999994,-6902.765999999994,-9047203.744000012
2026-05-02 10:50:00,83.94,83.96,83.94,83.94,1418.659,83.94,83.96,83.94,83.94,1418.659,0.0,0.0,0.0,5504.866999999997,-5504.866999999997,-9052708.611000013
2026-05-02 10:55:00,83.95,83.97,83.94,83.95,1026.409,83.95,83.97,83.94,83.95,1026.409,0.00011913271384322854,0.00011912561810502549,0.0,4661.673999999983,-4661.673999999983,-9057370.285000013
2026-05-02 11:00:00,83.94,83.94,83.86,83.87,1952.408,83.94,83.94,83.86,83.87,1952.408,-0.0009529481834424924,-0.0009534025272296469,0.0,6303.2360000000035,-6303.2360000000035,-9063673.521000013
2026-05-02 11:05:00,83.88,83.88,83.83,83.84,1221.609,83.88,83.88,83.83,83.84,1221.609,-0.00035769643495886516,-0.0003577604235881143,0.0,7087.972999999982,-7087.972999999982,-9070761.494000012
2026-05-02 11:10:00,83.83,83.83,83.78,83.79,3125.659,83.83,83.83,83.78,83.79,3125.659,-0.0005963740458014843,-0.0005965519475369052,0.0,8684.427000000023,-8684.427000000023,-9079445.921000011
2026-05-02 11:15:00,83.78,83.81,83.78,83.79,1031.166,83.78,83.81,83.78,83.79,1031.166,0.0,0.0,0.0,10515.52000000001,-10515.52000000001,-9089961.44100001
2026-05-02 11:20:00,83.8,83.81,83.77,83.79,1670.0,83.8,83.81,83.77,83.79,1670.0,0.0,0.0,0.0,11407.207000000022,-11407.207000000022,-9101368.648000011
2026-05-02 11:25:00,83.8,83.8,83.76,83.77,2481.07,83.8,83.8,83.76,83.77,2481.07,-0.00023869196801540316,-0.00023872045947707958,0.0,14809.314999999997,-14809.314999999997,-9116177.96300001
2026-05-02 11:30:00,83.77,83.77,83.66,83.66,5085.215,83.77,83.77,83.66,83.66,5085.215,-0.0013131192551032456,-0.0013139821516657524,0.0,17432.357999999997,-17432.357999999997,-9133610.32100001
2026-05-02 11:35:00,83.67,83.72,83.52,83.71,14281.492,83.67,83.72,83.52,83.71,14281.492,0.0005976571838393063,0.0005974786579126025,0.0,18532.008999999976,-18532.008999999976,-9152142.33000001
2026-05-02 11:40:00,83.71,83.72,83.64,83.69,4382.24,83.71,83.72,83.64,83.69,4382.24,-0.0002389200812328296,-0.00023894862718232867,0.0,12861.387000000002,-12861.387000000002,-9165003.71700001
2026-05-02 11:45:00,83.69,83.69,83.61,83.61,1351.718,83.69,83.69,83.61,83.61,1351.718,-0.0009559087107181563,-0.0009563658828161836,0.0,12008.378000000004,-12008.378000000004,-9177012.09500001
2026-05-02 11:50:00,83.61,83.67,83.61,83.67,5164.622,83.61,83.67,83.61,83.67,5164.622,0.0007176175098673188,0.0007173601455408225,0.0,13183.069999999998,-13183.069999999998,-9190195.16500001
2026-05-02 11:55:00,83.67,83.7,83.66,83.7,2622.602,83.67,83.7,83.66,83.7,2622.602,0.00035855145213337103,0.00035848718792234945,0.0,12544.920000000002,-12544.920000000002,-9202740.08500001
2026-05-02 12:00:00,83.7,83.73,83.67,83.73,4187.161,83.7,83.73,83.67,83.73,4187.161,0.00035842293906807043,0.00035835872091082753,0.0,12231.780999999999,-12231.780999999999,-9214971.86600001
2026-05-02 12:05:00,83.74,83.82,83.73,83.75,4739.599,83.74,83.82,83.73,83.75,4739.599,0.0002388630120624402,0.00023883448883518001,0.0,15349.857000000009,-15349.857000000009,-9230321.72300001
2026-05-02 12:10:00,83.75,83.8,83.75,83.79,1932.375,83.75,83.8,83.75,83.79,1932.375,0.00047761194029849463,0.0004774979200192567,0.0,18540.765,-18540.765,-9248862.488000011
2026-05-02 12:15:00,83.79,83.84,83.79,83.84,1546.442,83.79,83.84,83.79,83.84,1546.442,0.0005967299200382303,0.0005965519475369872,0.0,25252.54900000002,-25252.54900000002,-9274115.037000012
2026-05-02 12:20:00,83.83,83.92,83.82,83.9,7131.322,83.83,83.92,83.82,83.9,7131.322,0.0007156488549617812,0.0007153929004284098,0.0,32179.393000000022,-32179.393000000022,-9306294.43000001
2026-05-02 12:25:00,83.91,84.06,83.9,84.06,8751.13,83.91,84.06,83.9,84.06,8751.13,0.0019070321811680557,0.001905216103810141,0.0,33685.845,-33685.845,-9339980.275000012
2026-05-02 12:30:00,84.06,84.11,83.86,83.93,18354.563,84.06,84.11,83.86,83.93,18354.563,-0.0015465143944800586,-0.0015477114822343794,0.0,38404.89499999995,-38404.89499999995,-9378385.170000011
2026-05-02 12:35:00,83.93,83.95,83.82,83.82,12492.194,83.93,83.95,83.82,83.82,12492.194,-0.001310615989515207,-0.0013114755978108667,0.0,26785.878000000015,-26785.878000000015,-9405171.048000012
2026-05-02 12:40:00,83.82,83.96,83.77,83.92,8555.287,83.82,83.96,83.77,83.92,8555.287,0.0011930326890958742,0.0011923215911164781,0.0,20679.112999999983,-20679.112999999983,-9425850.161000011
2026-05-02 12:45:00,83.93,83.94,83.92,83.94,866.014,83.93,83.94,83.92,83.94,866.014,0.00023832221163000433,0.0002382938174029533,0.0,20226.230000000014,-20226.230000000014,-9446076.391000012
2026-05-02 12:50:00,83.94,83.99,83.81,83.83,11344.175,83.94,83.99,83.81,83.83,11344.175,-0.001310459852275403,-0.0013113192556787698,0.0,21407.136000000017,-21407.136000000017,-9467483.527000012
2026-05-02 12:55:00,83.83,83.92,83.82,83.86,7664.682,83.83,83.92,83.82,83.86,7664.682,0.00035786711201235555,0.00035780309285053847,0.0,20279.451999999997,-20279.451999999997,-9487762.979000011
2026-05-02 13:00:00,83.87,83.98,83.86,83.97,2881.885,83.87,83.98,83.86,83.97,2881.885,0.0013117099928452447,0.0013108504528552714,0.0,17359.333000000002,-17359.333000000002,-9505122.312000012
2026-05-02 13:05:00,83.97,84.01,83.93,83.96,8607.504,83.97,84.01,83.93,83.96,8607.504,-0.0001190901512445608,-0.00011909724303967007,0.0,19298.828999999987,-19298.828999999987,-9524421.141000012
2026-05-02 13:10:00,83.97,84.08,83.97,84.01,9401.18,83.97,84.08,83.97,84.01,9401.18,0.0005955216769892857,0.0005953444243237822,0.0,15652.055000000002,-15652.055000000002,-9540073.196000012
2026-05-02 13:15:00,84.0,84.0,83.96,83.97,4366.025,84.0,84.0,83.96,83.97,4366.025,-0.00047613379359612296,-0.0004762471812840602,0.0,10557.609999999999,-10557.609999999999,-9550630.806000011
2026-05-02 13:20:00,83.98,84.02,83.96,83.96,3546.582,83.98,84.02,83.96,83.96,3546.582,-0.0001190901512445608,-0.00011909724303967007,0.0,7995.951999999996,-7995.951999999996,-9558626.75800001
2026-05-02 13:25:00,83.97,83.97,83.95,83.96,1163.059,83.97,83.97,83.95,83.96,1163.059,0.0,0.0,0.0,6932.5259999999935,-6932.5259999999935,-9565559.284000011
2026-05-02 13:30:00,83.96,83.96,83.92,83.94,1975.244,83.96,83.96,83.92,83.94,1975.244,-0.00023820867079560326,-0.0002382370469874171,0.0,7897.338999999987,-7897.338999999987,-9573456.62300001
2026-05-02 13:35:00,83.93,83.94,83.89,83.91,1036.829,83.93,83.94,83.89,83.91,1036.829,-0.00035739814152968563,-0.00035746202346678056,0.0,8346.155,-8346.155,-9581802.77800001
2026-05-02 13:40:00,83.91,83.98,83.9,83.97,1378.809,83.91,83.98,83.9,83.97,1378.809,0.0007150518412584184,0.0007147963134937183,0.0,8880.198999999988,-8880.198999999988,-9590682.97700001
2026-05-02 13:45:00,83.97,83.98,83.92,83.92,1843.04,83.97,83.98,83.92,83.92,1843.04,-0.0005954507562224709,-0.0005956281074301155,0.0,14412.002999999988,-14412.002999999988,-9605094.98000001
2026-05-02 13:50:00,83.93,83.94,83.89,83.91,2248.65,83.93,83.94,83.89,83.91,2248.65,-0.00011916110581511319,-0.00011916820606373732,0.0,14428.617999999973,-14428.617999999973,-9619523.59800001
2026-05-02 13:55:00,83.92,83.99,83.92,83.94,2468.332,83.92,83.99,83.92,83.94,2468.332,0.0003575259206292092,0.0003574620234667225,0.0,13133.118999999982,-13133.118999999982,-9632656.717000011
2026-05-02 14:00:00,83.95,84.02,83.91,84.0,7852.403,83.95,84.02,83.91,84.0,7852.403,0.0007147962830593713,0.0007145409378688503,0.0,11901.01299999996,-11901.01299999996,-9644557.730000012
2026-05-02 14:05:00,83.99,84.01,83.95,83.96,2313.64,83.99,84.01,83.95,83.96,2313.64,-0.0004761904761905189,-0.00047630389088141906,0.0,7247.689999999999,-7247.689999999999,-9651805.420000011
2026-05-02 14:10:00,83.95,83.96,83.93,83.95,887.409,83.95,83.96,83.93,83.95,887.409,-0.00011910433539774612,-0.00011911142888235016,0.0,9876.972000000012,-9876.972000000012,-9661682.39200001
2026-05-02 14:15:00,83.95,84.01,83.94,84.0,2597.942,83.95,84.01,83.94,84.0,2597.942,0.0005955926146514745,0.0005954153197636851,0.0,11257.056000000008,-11257.056000000008,-9672939.44800001
2026-05-02 14:20:00,83.99,84.01,83.98,83.99,1760.793,83.99,84.01,83.98,83.99,1760.793,-0.00011904761904768524,-0.00011905470577793019,0.0,11285.15199999998,-11285.15199999998,-9684224.60000001
2026-05-02 14:25:00,83.98,84.1,83.98,84.01,6491.375,83.98,84.1,83.98,84.01,6491.375,0.00023812358614128115,0.0002380952392201005,0.0,11009.709999999974,-11009.709999999974,-9695234.310000012
2026-05-02 14:30:00,84.0,84.05,83.98,84.04,1753.38,84.0,84.05,83.98,84.04,1753.38,0.0003571003451969812,0.0003570366000438706,0.0,7096.715999999991,-7096.715999999991,-9702331.026000012
2026-05-02 14:35:00,84.05,84.05,83.96,83.96,2323.493,84.05,84.05,83.96,83.96,2323.493,-0.0009519276534984966,-0.0009523810243675914,0.0,8306.735999999995,-8306.735999999995,-9710637.762000011
2026-05-02 14:40:00,83.97,83.97,83.95,83.95,900.867,83.97,83.97,83.95,83.95,900.867,-0.00011910433539774612,-0.00011911142888235016,0.0,7280.372999999996,-7280.372999999996,-9717918.135000011
2026-05-02 14:45:00,83.96,84.02,83.95,84.02,2338.624,83.96,84.02,83.95,84.02,2338.624,0.0008338296605121531,0.0008334822176861195,0.0,7423.551999999992,-7423.551999999992,-9725341.68700001
2026-05-02 14:50:00,84.01,84.08,83.99,84.0,2906.749,84.01,84.08,83.99,84.0,2906.749,-0.0002380385622470227,-0.00023806689792232582,0.0,7055.668,-7055.668,-9732397.35500001
2026-05-02 14:55:00,84.0,84.0,83.97,83.98,1084.118,84.0,84.0,83.97,83.98,1084.118,-0.00023809523809514843,-0.00023812358726630795,0.0,5558.290999999993,-5558.290999999993,-9737955.646000009
2026-05-02 15:00:00,83.98,83.99,83.97,83.99,1234.637,83.98,83.99,83.97,83.99,1234.637,0.00011907597046900698,0.00011906888148838132,0.0,6335.323000000001,-6335.323000000001,-9744290.96900001
2026-05-02 15:05:00,83.99,84.07,83.98,84.01,1847.221,83.99,84.07,83.98,84.01,1847.221,0.00023812358614128115,0.0002380952392201005,0.0,7279.8810000000085,-7279.8810000000085,-9751570.850000009
2026-05-02 15:10:00,84.0,84.01,83.97,83.99,1173.127,84.0,84.01,83.97,83.99,1173.127,-0.0002380668967981725,-0.00023809523922019895,0.0,6811.607000000004,-6811.607000000004,-9758382.45700001
2026-05-02 15:15:00,83.99,83.99,83.93,83.94,2011.078,83.99,83.99,83.93,83.94,2011.078,-0.0005953089653529808,-0.0005954862320909057,0.0,7481.236999999999,-7481.236999999999,-9765863.69400001
2026-05-02 15:20:00,83.94,84.0,83.93,83.99,2084.931,83.94,84.0,83.93,83.99,2084.931,0.0005956635692161427,0.0005954862320909791,0.0,6826.666999999994,-6826.666999999994,-9772690.361000009
2026-05-02 15:25:00,83.98,84.0,83.98,84.0,1057.836,83.98,84.0,83.98,84.0,1057.836,0.00011906179307064058,0.00011905470577790091,0.0,6549.491999999997,-6549.491999999997,-9779239.85300001
2026-05-02 15:30:00,84.0,84.0,83.95,84.0,2257.83,84.0,84.0,83.95,84.0,2257.83,0.0,0.0,0.0,9334.011000000004,-9334.011000000004,-9788573.86400001
2026-05-02 15:35:00,84.0,84.01,83.98,83.98,1220.455,84.0,84.01,83.98,83.98,1220.455,-0.00023809523809514843,-0.00023812358726630795,0.0,9644.484999999995,-9644.484999999995,-9798218.349000009
2026-05-02 15:40:00,83.99,83.99,83.97,83.97,1440.192,83.99,83.99,83.97,83.97,1440.192,-0.00011907597046922902,-0.00011908306057544705,0.0,9812.904999999992,-9812.904999999992,-9808031.254000008
2026-05-02 15:45:00,83.98,84.0,83.96,83.98,3591.658,83.98,84.0,83.96,83.98,3591.658,0.00011909015124444977,0.00011908306057533504,0.0,10137.54800000001,-10137.54800000001,-9818168.802000009
2026-05-02 15:50:00,83.99,84.05,83.98,84.04,1689.436,83.99,84.05,83.98,84.04,1689.436,0.00071445582281493,0.0007142007207524241,0.0,9588.533999999996,-9588.533999999996,-9827757.336000009
2026-05-02 15:55:00,84.04,84.07,84.03,84.04,2145.757,84.04,84.07,84.03,84.04,2145.757,0.0,0.0,0.0,11288.556000000006,-11288.556000000006,-9839045.892000008
2026-05-02 16:00:00,84.04,84.06,84.02,84.04,1892.79,84.04,84.06,84.02,84.04,1892.79,0.0,0.0,0.0,13911.781000000003,-13911.781000000003,-9852957.673000008
2026-05-02 16:05:00,84.04,84.08,84.02,84.05,3683.804,84.04,84.08,84.02,84.05,3683.804,0.00011899095668721493,0.00011898387782486977,0.0,17038.431999999993,-17038.431999999993,-9869996.105000008
2026-05-02 16:10:00,84.05,84.11,84.05,84.11,3496.772,84.05,84.11,84.05,84.11,3496.772,0.0007138607971446387,0.0007136061197214002,0.0,18300.058999999994,-18300.058999999994,-9888296.164000008
2026-05-02 16:15:00,84.1,84.18,84.08,84.16,5562.802,84.1,84.18,84.08,84.16,5562.802,0.0005944596361906473,0.0005942830150537421,0.0,18722.499999999996,-18722.499999999996,-9907018.664000008
2026-05-02 16:20:00,84.17,84.21,84.13,84.13,13074.882,84.17,84.21,84.13,84.13,13074.882,-0.0003564638783269958,-0.00035652742667751475,0.0,16271.653999999971,-16271.653999999971,-9923290.318000007
2026-05-02 16:25:00,84.13,84.14,84.08,84.08,3429.1,84.13,84.14,84.08,84.08,3429.1,-0.0005943183168904964,-0.0005944949940264989,0.0,11468.155999999999,-11468.155999999999,-9934758.474000007
2026-05-02 16:30:00,84.08,84.09,84.05,84.05,3617.746,84.08,84.09,84.05,84.05,3617.746,-0.00035680304471930047,-0.00035686671407105707,0.0,13415.324000000004,-13415.324000000004,-9948173.798000006
2026-05-02 16:35:00,84.06,84.13,84.05,84.1,3782.887,84.06,84.13,84.05,84.1,3782.887,0.0005948839976204212,0.0005947071242777133,0.0,12545.462000000018,-12545.462000000018,-9960719.260000005
2026-05-02 16:40:00,84.1,84.2,84.09,84.11,5049.638,84.1,84.2,84.09,84.11,5049.638,0.00011890606420927874,0.00011889899544356639,0.0,10898.808000000012,-10898.808000000012,-9971618.068000006
2026-05-02 16:45:00,84.11,84.16,84.1,84.16,1487.694,84.11,84.16,84.1,84.16,1487.694,0.0005944596361906473,0.0005942830150537421,0.0,8834.901999999995,-8834.901999999995,-9980452.970000006
2026-05-02 16:50:00,84.15,84.24,84.15,84.22,2828.019,84.15,84.24,84.15,84.22,2828.019,0.0007129277566539916,0.000712673744381984,0.0,10162.054000000002,-10162.054000000002,-9990615.024000006
2026-05-02 16:55:00,84.22,84.28,84.16,84.2,2974.92,84.22,84.28,84.16,84.2,2974.92,-0.00023747328425549608,-0.00023750148550064686,0.0,8950.818000000012,-8950.818000000012,-9999565.842000006
2026-05-02 17:00:00,84.2,84.21,84.12,84.15,3719.409,84.2,84.21,84.12,84.15,3719.409,-0.00059382422802845,-0.0005940006114659757,0.0,7673.719999999998,-7673.719999999998,-10007239.562000006
2026-05-02 17:05:00,84.14,84.15,84.08,84.13,1708.659,84.14,84.15,84.08,84.13,1708.659,-0.00023767082590619992,-0.00023769907409287863,0.0,7834.8519999999935,-7834.8519999999935,-10015074.414000006
2026-05-02 17:10:00,84.13,84.15,84.1,84.1,1041.83,84.13,84.15,84.1,84.1,1041.83,-0.00035659099013429785,-0.0003566545838198265,0.0,8938.02199999999,-8938.02199999999,-10024012.436000006
2026-05-02 17:15:00,84.11,84.12,84.08,84.08,1002.322,84.11,84.12,84.08,84.08,1002.322,-0.00023781212841855748,-0.00023784041020669266,0.0,9989.501999999999,-9989.501999999999,-10034001.938000007
2026-05-02 17:20:00,84.08,84.09,84.04,84.04,2597.42,84.08,84.09,84.04,84.04,2597.42,-0.0004757373929590303,-0.0004758505918959618,0.0,9771.27399999998,-9771.27399999998,-10043773.212000007
2026-05-02 17:25:00,84.05,84.08,84.03,84.05,2997.856,84.05,84.08,84.03,84.05,2997.856,0.00011899095668721493,0.00011898387782486977,0.0,8245.512000000008,-8245.512000000008,-10052018.724000007
2026-05-02 17:30:00,84.05,84.11,84.05,84.11,2507.526,84.05,84.11,84.05,84.11,2507.526,0.0007138607971446387,0.0007136061197214002,0.0,7922.355999999991,-7922.355999999991,-10059941.080000008
2026-05-02 17:35:00,84.1,84.15,84.1,84.12,1284.116,84.1,84.15,84.1,84.12,1284.116,0.00011889192723812947,0.00011888486015308896,0.0,7226.862000000006,-7226.862000000006,-10067167.942000007
2026-05-02 17:40:00,84.12,84.12,84.02,84.04,940.951,84.12,84.12,84.02,84.04,940.951,-0.0009510223490252212,-0.0009514748576993841,0.0,9716.192000000021,-9716.192000000021,-10076884.134000007
2026-05-02 17:45:00,84.04,84.05,84.02,84.02,552.883,84.04,84.05,84.02,84.02,552.883,-0.0002379819133746519,-0.0002380102355637336,0.0,12940.486000000026,-12940.486000000026,-10089824.620000007
2026-05-02 17:50:00,84.01,84.04,84.0,84.03,2729.436,84.01,84.04,84.0,84.03,2729.436,0.00011901928112356686,0.00011901219889086986,0.0,14080.973000000033,-14080.973000000033,-10103905.593000006
2026-05-02 17:55:00,84.03,84.05,84.03,84.05,1992.852,84.03,84.05,84.03,84.05,1992.852,0.00023801023443992264,0.00023798191449760854,0.0,21508.152000000016,-21508.152000000016,-10125413.745000007
2026-05-02 18:00:00,84.04,84.06,83.97,83.98,7583.519,84.04,84.06,83.97,83.98,7583.519,-0.0008328375966685231,-0.0008331845985772699,0.0,21659.698999999986,-21659.698999999986,-10147073.444000006
2026-05-02 18:05:00,83.99,84.04,83.96,83.98,9514.666,83.99,84.04,83.96,83.98,9514.666,0.0,0.0,0.0,18727.637999999984,-18727.637999999984,-10165801.082000006
2026-05-02 18:10:00,83.98,83.99,83.95,83.97,2796.101,83.98,83.99,83.95,83.97,2796.101,-0.00011907597046922902,-0.00011908306057544705,0.0,10840.064000000031,-10840.064000000031,-10176641.146000005
2026-05-02 18:15:00,83.97,84.08,83.97,84.06,3223.413,83.97,84.08,83.97,84.06,3223.413,0.001071811361200492,0.0010712373814988586,0.0,9415.065000000011,-9415.065000000011,-10186056.211000005
2026-05-02 18:20:00,84.07,84.13,84.06,84.11,3487.599,84.07,84.13,84.06,84.11,3487.599,0.0005948132286461849,0.0005946363973752768,0.0,8360.380000000008,-8360.380000000008,-10194416.591000006
2026-05-02 18:25:00,84.11,84.14,84.1,84.13,1093.562,84.11,84.14,84.1,84.13,1093.562,0.00023778385447625894,0.00023775558837626018,0.0,7420.279999999996,-7420.279999999996,-10201836.871000005
2026-05-02 18:30:00,84.13,84.19,84.12,84.17,1601.284,84.13,84.19,84.12,84.17,1601.284,0.00047545465351239713,0.000475341660762491,0.0,8138.873000000009,-8138.873000000009,-10209975.744000005
2026-05-02 18:35:00,84.18,84.19,84.14,84.14,2111.827,84.18,84.19,84.14,84.14,2111.827,-0.0003564215278603067,-0.00035648506110992823,0.0,7593.725000000006,-7593.725000000006,-10217569.469000004
2026-05-02 18:40:00,84.14,84.18,84.14,84.15,1557.692,84.14,84.18,84.14,84.15,1557.692,0.00011884953648677588,0.00011884247444015608,0.0,6306.526999999994,-6306.526999999994,-10223875.996000005
2026-05-02 18:45:00,84.16,84.21,84.15,84.21,1929.187,84.16,84.21,84.15,84.21,1929.187,0.0007130124777181557,0.0007127584050855964,0.0,5547.459999999997,-5547.459999999997,-10229423.456000006
2026-05-02 18:50:00,84.2,84.22,84.18,84.2,1602.961,84.2,84.22,84.18,84.2,1602.961,-0.00011875074219203086,-0.00011875779361966346,0.0,4766.038999999998,-4766.038999999998,-10234189.495000007
2026-05-02 18:55:00,84.2,84.21,84.19,84.19,1079.643,84.2,84.21,84.19,84.19,1079.643,-0.00011876484560580103,-0.00011877189870852288,0.0,5231.357999999998,-5231.357999999998,-10239420.853000006
2026-05-02 19:00:00,84.2,84.22,84.17,84.21,957.438,84.2,84.22,84.17,84.21,957.438,0.00023755790473933835,0.00023752969232825201,0.0,6844.705000000008,-6844.705000000008,-10246265.558000006
2026-05-02 19:05:00,84.22,84.24,84.21,84.23,1105.395,84.22,84.24,84.21,84.23,1105.395,0.0002375014843845058,0.00023747328537174661,0.0,9713.01600000001,-9713.01600000001,-10255978.574000007
2026-05-02 19:10:00,84.24,84.31,84.23,84.29,2959.139,84.24,84.31,84.23,84.29,2959.139,0.0007123352724682785,0.0007120816821184986,0.0,9346.158000000001,-9346.158000000001,-10265324.732000006
2026-05-02 19:15:00,84.3,84.3,84.23,84.23,1809.673,84.3,84.3,84.23,84.23,1809.673,-0.0007118282121247876,-0.0007120816821184422,0.0,8278.388000000003,-8278.388000000003,-10273603.120000007
2026-05-02 19:20:00,84.23,84.24,84.19,84.21,3701.566,84.23,84.24,84.19,84.21,3701.566,-0.00023744509082290755,-0.0002374732853716786,0.0,8997.405000000004,-8997.405000000004,-10282600.525000006
2026-05-02 19:25:00,84.22,84.23,84.21,84.21,594.811,84.22,84.23,84.21,84.21,594.811,0.0,0.0,0.0,6046.124999999999,-6046.124999999999,-10288646.650000006
2026-05-02 19:30:00,84.22,84.24,84.19,84.23,997.667,84.22,84.24,84.19,84.23,997.667,0.0002375014843845058,0.00023747328537174661,0.0,6758.716999999997,-6758.716999999997,-10295405.367000006
2026-05-02 19:35:00,84.22,84.24,84.22,84.23,1175.5,84.22,84.24,84.22,84.23,1175.5,0.0,0.0,0.0,7264.864,-7264.864,-10302670.231000006
2026-05-02 19:40:00,84.22,84.28,84.22,84.25,2143.832,84.22,84.28,84.22,84.25,2143.832,0.0002374450908226855,0.00023741690519871135,0.0,6894.911999999997,-6894.911999999997,-10309565.143000007
2026-05-02 19:45:00,84.25,84.26,84.23,84.24,732.251,84.25,84.26,84.23,84.24,732.251,-0.0001186943620178349,-0.00011870140675107457,0.0,5501.5599999999995,-5501.5599999999995,-10315066.703000007
2026-05-02 19:50:00,84.25,84.25,84.21,84.22,1213.921,84.25,84.25,84.21,84.22,1213.921,-0.00023741690408352056,-0.00023744509193829663,0.0,5197.506000000009,-5197.506000000009,-10320264.209000006
2026-05-02 19:55:00,84.21,84.23,84.21,84.22,1302.25,84.21,84.23,84.21,84.22,1302.25,0.0,0.0,0.0,5830.221000000007,-5830.221000000007,-10326094.430000007
2026-05-02 20:00:00,84.23,84.23,84.16,84.17,1516.815,84.23,84.23,84.16,84.17,1516.815,-0.0005936832106387957,-0.0005938595102969775,0.0,5483.837,-5483.837,-10331578.267000007
2026-05-02 20:05:00,84.16,84.18,84.16,84.17,736.22,84.16,84.18,84.16,84.17,736.22,0.0,0.0,0.0,6450.045000000004,-6450.045000000004,-10338028.312000006
2026-05-02 20:10:00,84.18,84.18,84.17,84.17,574.218,84.18,84.18,84.17,84.17,574.218,0.0,0.0,0.0,7004.036000000002,-7004.036000000002,-10345032.348000007
2026-05-02 20:15:00,84.17,84.18,84.17,84.18,1858.193,84.17,84.18,84.17,84.18,1858.193,0.00011880717595347257,0.00011880011893988725,0.0,7619.191999999999,-7619.191999999999,-10352651.540000007
2026-05-02 20:20:00,84.18,84.2,84.18,84.18,716.596,84.18,84.2,84.18,84.18,716.596,0.0,0.0,0.0,7450.8340000000035,-7450.8340000000035,-10360102.374000007
2026-05-02 20:25:00,84.18,84.18,84.17,84.17,677.426,84.18,84.18,84.17,84.17,677.426,-0.00011879306248518962,-0.00011880011893988103,0.0,10807.672000000006,-10807.672000000006,-10370910.046000008
2026-05-02 20:30:00,84.18,84.21,84.17,84.2,2117.592,84.18,84.21,84.17,84.2,2117.592,0.00035642152786019565,0.00035635802479622587,0.0,11085.486000000015,-11085.486000000015,-10381995.532000007
2026-05-02 20:35:00,84.2,84.22,84.19,84.21,1583.635,84.2,84.22,84.19,84.21,1583.635,0.00011876484560557898,0.00011875779361964961,0.0,12639.628000000008,-12639.628000000008,-10394635.160000008
2026-05-02 20:40:00,84.22,84.22,84.15,84.16,1372.617,84.22,84.22,84.15,84.16,1372.617,-0.0005937537109607094,-0.0005939300525011,0.0,12383.197000000006,-12383.197000000006,-10407018.357000008
2026-05-02 20:45:00,84.17,84.17,84.09,84.13,4521.246,84.17,84.17,84.09,84.13,4521.246,-0.0003564638783269958,-0.00035652742667751475,0.0,12276.282,-12276.282,-10419294.639000008
2026-05-02 20:50:00,84.13,84.21,84.13,84.2,1438.31,84.13,84.21,84.13,84.2,1438.31,0.000832045643646806,0.0008316996855588967,0.0,9799.260000000011,-9799.260000000011,-10429093.899000008
2026-05-02 20:55:00,84.2,84.2,84.15,84.18,3639.532,84.2,84.2,84.15,84.18,3639.532,-0.00023752969121138,-0.00023755790585644923,0.0,10266.639999999994,-10266.639999999994,-10439360.539000008
2026-05-02 21:00:00,84.19,84.21,84.18,84.18,2190.152,84.19,84.21,84.18,84.18,2190.152,0.0,0.0,0.0,7908.443,-7908.443,-10447268.982000008
2026-05-02 21:05:00,84.18,84.2,84.18,84.19,930.446,84.18,84.2,84.18,84.19,930.446,0.0001187930624850786,0.00011878600714797584,0.0,9938.24899999999,-9938.24899999999,-10457207.231000008
2026-05-02 21:10:00,84.18,84.19,84.15,84.16,1974.375,84.18,84.19,84.15,84.16,1974.375,-0.0003563368571088965,-0.0003564003601728665,0.0,10706.202999999989,-10706.202999999989,-10467913.434000008
2026-05-02 21:15:00,84.16,84.24,84.16,84.24,2147.548,84.16,84.24,84.16,84.24,2147.548,0.000950570342205248,0.0009501188363202567,0.0,11180.060999999994,-11180.060999999994,-10479093.495000008
2026-05-02 21:20:00,84.24,84.26,84.23,84.25,2411.381,84.24,84.26,84.23,84.25,2411.381,0.00011870845204176028,0.00011870140675101873,0.0,14454.692999999996,-14454.692999999996,-10493548.188000008
2026-05-02 21:25:00,84.24,84.35,84.24,84.34,3746.182,84.24,84.35,84.24,84.34,3746.182,0.001068249258160181,0.0010676790859426397,0.0,15907.312000000005,-15907.312000000005,-10509455.50000001
2026-05-02 21:30:00,84.34,84.44,84.34,84.44,4992.081,84.34,84.44,84.34,84.44,4992.081,0.0011856770215792345,0.0011849746617059716,0.0,17866.141,-17866.141,-10527321.64100001
2026-05-02 21:35:00,84.44,84.97,84.39,84.69,40969.308,84.44,84.97,84.39,84.69,40969.308,0.002960682141165405,0.002956307953387869,0.0,21541.426000000018,-21541.426000000018,-10548863.067000011
2026-05-02 21:40:00,84.68,84.7,84.55,84.64,12013.21,84.68,84.7,84.55,84.64,12013.21,-0.0005903884756168765,-0.0005905628235183187,0.0,14963.909999999885,-14963.909999999885,-10563826.977000011
2026-05-02 21:45:00,84.64,84.8,84.64,84.75,13756.456,84.64,84.8,84.64,84.75,13756.456,0.0012996219281662391,0.0012987781505702776,0.0,9449.784000000012,-9449.784000000012,-10573276.761000011
2026-05-02 21:50:00,84.75,84.89,84.53,84.54,12735.787,84.75,84.89,84.53,84.54,12735.787,-0.002477876106194654,-0.002480951121915755,0.0,15327.267999999998,-15327.267999999998,-10588604.02900001
2026-05-02 21:55:00,84.55,84.62,84.54,84.55,5822.15,84.55,84.62,84.54,84.55,5822.15,0.00011828720132478487,0.00011828020594542338,0.0,13366.764000000014,-13366.764000000014,-10601970.79300001
2026-05-02 22:00:00,84.55,84.64,84.43,84.48,6377.186,84.55,84.64,84.43,84.48,6377.186,-0.0008279124778236557,-0.0008282553866378449,0.0,11777.402000000004,-11777.402000000004,-10613748.195000011
2026-05-02 22:05:00,84.48,84.51,84.42,84.44,3324.141,84.48,84.51,84.42,84.44,3324.141,-0.00047348484848497296,-0.00047359697783160677,0.0,14323.596000000005,-14323.596000000005,-10628071.791000012
2026-05-02 22:10:00,84.45,84.46,84.41,84.43,2357.209,84.45,84.46,84.41,84.43,2357.209,-0.00011842728564648297,-0.00011843429871117338,0.0,17686.282000000003,-17686.282000000003,-10645758.073000012
2026-05-02 22:15:00,84.43,84.44,84.24,84.27,6928.438,84.43,84.44,84.24,84.27,6928.438,-0.001895060997275988,-0.001896858897146704,0.0,22116.073999999993,-22116.073999999993,-10667874.147000011
2026-05-02 22:20:00,84.27,84.27,84.09,84.1,9800.323,84.27,84.27,84.09,84.1,9800.323,-0.0020173252640323103,-0.0020193628053596546,0.0,22669.039,-22669.039,-10690543.186000012
2026-05-02 22:25:00,84.11,84.33,84.07,84.23,12868.835,84.11,84.33,84.07,84.23,12868.835,0.0015457788347206236,0.001544585348370015,0.0,18108.132000000005,-18108.132000000005,-10708651.318000011
2026-05-02 22:30:00,84.24,84.36,84.23,84.36,3218.956,84.24,84.36,84.23,84.36,3218.956,0.0015433930903478998,0.0015422032833015567,0.0,17066.853000000003,-17066.853000000003,-10725718.171000011
2026-05-02 22:35:00,84.37,84.38,84.26,84.26,1894.206,84.37,84.38,84.26,84.26,1894.206,-0.0011853959222379862,-0.0011860990597033297,0.0,17251.581,-17251.581,-10742969.752000012
2026-05-02 22:40:00,84.27,84.3,84.19,84.24,3406.724,84.27,84.3,84.19,84.24,3406.724,-0.00023736055067657968,-0.00023738872515051572,0.0,20393.772000000015,-20393.772000000015,-10763363.524000011
2026-05-02 22:45:00,84.23,84.33,84.23,84.32,5093.784,84.23,84.33,84.23,84.32,5093.784,0.0009496676163343043,0.0009492169673321553,0.0,18755.38099999999,-18755.38099999999,-10782118.90500001
2026-05-02 22:50:00,84.33,84.48,84.28,84.45,6876.863,84.33,84.48,84.28,84.45,6876.863,0.0015417457305504367,0.001540558460757036,0.0,15911.857000000004,-15911.857000000004,-10798030.762000011
2026-05-02 22:55:00,84.45,84.55,84.44,84.46,5433.222,84.45,84.55,84.44,84.46,5433.222,0.00011841326228534399,0.00011840625198840409,0.0,30034.227,-30034.227,-10828064.989000011
2026-05-02 23:00:00,84.45,84.45,84.32,84.34,2207.173,84.45,84.45,84.32,84.34,2207.173,-0.0014207909069380298,-0.0014218011873835482,0.0,27135.71399999999,-27135.71399999999,-10855200.70300001
2026-05-02 23:05:00,84.35,84.36,84.3,84.33,9613.822,84.35,84.36,84.3,84.33,9613.822,-0.00011856770215801227,-0.0001185747318636793,0.0,27909.201999999983,-27909.201999999983,-10883109.90500001
2026-05-02 23:10:00,84.33,84.39,84.31,84.37,12868.394,84.33,84.39,84.31,84.37,12868.394,0.0004743270484999229,0.00047421459098514237,0.0,19993.17099999998,-19993.17099999998,-10903103.07600001
2026-05-02 23:15:00,84.37,84.42,84.37,84.39,1839.874,84.37,84.42,84.37,84.39,1839.874,0.00023705108450866597,0.00023702299233976432,0.0,11524.397000000003,-11524.397000000003,-10914627.47300001
2026-05-02 23:20:00,84.38,84.45,84.38,84.42,1835.618,84.38,84.45,84.38,84.42,1835.618,0.0003554923569142332,0.0003554291844774232,0.0,13245.457000000008,-13245.457000000008,-10927872.93000001
2026-05-02 23:25:00,84.42,84.49,84.4,84.48,2029.843,84.42,84.49,84.4,84.48,2029.843,0.000710732054015617,0.0007104796035986347,0.0,18222.946999999993,-18222.946999999993,-10946095.877000012
2026-05-02 23:30:00,84.48,84.51,84.46,84.46,1301.256,84.48,84.51,84.46,84.46,1301.256,-0.000236742424242542,-0.00023677045215394452,0.0,17870.125000000007,-17870.125000000007,-10963966.002000012
2026-05-02 23:35:00,84.47,84.48,84.39,84.4,3304.86,84.47,84.48,84.39,84.4,3304.86,-0.0007103954534689594,-0.0007106479038859469,0.0,38032.89099999999,-38032.89099999999,-11001998.893000012
2026-05-02 23:40:00,84.39,84.41,84.37,84.37,1267.367,84.39,84.41,84.37,84.37,1267.367,-0.00035545023696681444,-0.00035551342437605763,0.0,40253.662,-40253.662,-11042252.555000013
2026-05-02 23:45:00,84.37,84.38,84.31,84.33,8233.12,84.37,84.38,84.31,84.33,8233.12,-0.00047410216901744295,-0.00047421459098517983,0.0,42357.55600000004,-42357.55600000004,-11084610.111000013
2026-05-02 23:50:00,84.34,84.41,84.3,84.41,3804.08,84.34,84.41,84.3,84.41,3804.08,0.0009486540969998458,0.0009482044090783563,0.0,36415.82200000006,-36415.82200000006,-11121025.933000013
2026-05-02 23:55:00,84.41,84.48,84.22,84.26,30409.513,84.41,84.48,84.22,84.26,30409.513,-0.0017770406349957302,-0.0017786214447579954,0.0,36476.387000000024,-36476.387000000024,-11157502.320000013
2026-05-03 00:00:00,84.26,84.31,84.18,84.19,5733.775,84.26,84.31,84.18,84.19,5733.775,-0.0008307619273677513,-0.0008311072012979349,0.0,15883.310000000007,-15883.310000000007,-11173385.630000014
2026-05-03 00:05:00,84.19,84.19,84.06,84.1,7682.908,84.19,84.19,84.06,84.1,7682.908,-0.0010690105713268006,-0.0010695823706702897,0.0,20118.920000000002,-20118.920000000002,-11193504.550000014
2026-05-03 00:10:00,84.09,84.09,83.96,83.98,7235.078,84.09,84.09,83.96,83.98,7235.078,-0.0014268727705112338,-0.0014278917228550904,0.0,24103.257999999994,-24103.257999999994,-11217607.808000013
2026-05-03 00:15:00,83.97,84.1,83.83,84.08,37609.111,83.97,84.1,83.83,84.08,37609.111,0.001190759704691624,0.001190051312648499,0.0,33699.662,-33699.662,-11251307.470000014
2026-05-03 00:20:00,84.07,84.13,84.04,84.05,10122.494,84.07,84.13,84.04,84.05,10122.494,-0.00035680304471930047,-0.00035686671407105707,0.0,17138.07299999996,-17138.07299999996,-11268445.543000014
2026-05-03 00:25:00,84.05,84.13,84.04,84.13,3968.853,84.05,84.13,84.04,84.13,3968.853,0.0009518143961926295,0.0009513617080974879,0.0,13143.681999999997,-13143.681999999997,-11281589.225000015
2026-05-03 00:30:00,84.13,84.19,84.11,84.16,2465.078,84.13,84.19,84.11,84.16,2465.078,0.00035659099013440887,0.00035652742667760805,0.0,14039.044999999996,-14039.044999999996,-11295628.270000014
2026-05-03 00:35:00,84.17,84.17,84.15,84.16,3134.521,84.17,84.17,84.15,84.16,3134.521,0.0,0.0,0.0,17819.584999999992,-17819.584999999992,-11313447.855000015
2026-05-03 00:40:00,84.17,84.17,84.05,84.09,5189.831,84.17,84.17,84.05,84.09,5189.831,-0.0008317490494296198,-0.0008320951445930898,0.0,21747.74399999998,-21747.74399999998,-11335195.599000016
2026-05-03 00:45:00,84.08,84.1,83.94,83.98,6124.159,84.08,84.1,83.94,83.98,6124.159,-0.0013081222499702339,-0.0013089785887593485,0.0,20081.86599999997,-20081.86599999997,-11355277.465000017
2026-05-03 00:50:00,83.98,84.03,83.97,84.02,7487.627,83.98,84.03,83.97,84.02,7487.627,0.000476303881876472,0.00047619048518861957,0.0,21044.25300000001,-21044.25300000001,-11376321.718000017
2026-05-03 00:55:00,84.02,84.08,84.01,84.08,4584.91,84.02,84.08,84.01,84.08,4584.91,0.0007141156867411791,0.0007138608274596104,0.0,18478.638999999985,-18478.638999999985,-11394800.357000018
2026-05-03 01:00:00,84.08,84.08,83.82,83.97,10596.152,84.08,84.08,83.82,83.97,10596.152,-0.001308277830637472,-0.0013091343732238294,0.0,16725.721999999983,-16725.721999999983,-11411526.079000017
2026-05-03 01:05:00,83.97,84.01,83.94,83.98,2990.785,83.97,84.01,83.94,83.98,2990.785,0.00011909015124444977,0.00011908306057533504,0.0,12491.376000000018,-12491.376000000018,-11424017.455000017
2026-05-03 01:10:00,83.98,83.98,83.94,83.97,3138.785,83.98,83.98,83.94,83.97,3138.785,-0.00011907597046922902,-0.00011908306057544705,0.0,13346.937999999995,-13346.937999999995,-11437364.393000016
2026-05-03 01:15:00,83.98,84.0,83.82,83.83,3615.23,83.98,84.0,83.82,83.83,3615.23,-0.001667262117422852,-0.0016686535457057967,0.0,15231.275999999994,-15231.275999999994,-11452595.669000017
2026-05-03 01:20:00,83.84,83.87,83.78,83.87,4195.16,83.84,83.87,83.78,83.87,4195.16,0.00047715614934995543,0.000477042346554221,0.0,14456.122000000007,-14456.122000000007,-11467051.791000016
2026-05-03 01:25:00,83.86,83.89,83.84,83.87,2801.459,83.86,83.89,83.84,83.87,2801.459,0.0,0.0,0.0,14029.216999999999,-14029.216999999999,-11481081.008000016
2026-05-03 01:30:00,83.86,83.87,83.8,83.81,5258.605,83.86,83.87,83.8,83.81,5258.605,-0.0007153928699177303,-0.0007156488855053275,0.0,12280.464999999991,-12280.464999999991,-11493361.473000016
2026-05-03 01:35:00,83.8,83.81,83.73,83.75,3278.359,83.8,83.81,83.73,83.75,3278.359,-0.0007159050232669051,-0.000716161405638996,0.0,9350.838999999994,-9350.838999999994,-11502712.312000016
2026-05-03 01:40:00,83.76,83.77,83.74,83.77,7326.431,83.76,83.77,83.74,83.77,7326.431,0.00023880597014924732,0.00023877746054231044,0.0,15041.760000000002,-15041.760000000002,-11517754.072000016
2026-05-03 01:45:00,83.77,83.82,83.72,83.82,10573.55,83.77,83.82,83.72,83.82,10573.55,0.0005968723886833338,0.0005966943312073518,0.0,14382.219999999985,-14382.219999999985,-11532136.292000016
2026-05-03 01:50:00,83.81,83.82,83.74,83.75,2648.892,83.81,83.82,83.74,83.75,2648.892,-0.0008351228823668677,-0.0008354717917495252,0.0,14294.083999999999,-14294.083999999999,-11546430.376000017
2026-05-03 01:55:00,83.75,83.75,83.74,83.75,2086.669,83.75,83.75,83.74,83.75,2086.669,0.0,0.0,0.0,15901.350000000015,-15901.350000000015,-11562331.726000017
2026-05-03 02:00:00,83.74,83.81,83.68,83.8,10458.777,83.74,83.81,83.68,83.8,10458.777,0.0005970149253731183,0.000596836782861525,0.0,18236.653000000006,-18236.653000000006,-11580568.379000017
2026-05-03 02:05:00,83.79,83.81,83.76,83.77,6735.453,83.79,83.81,83.76,83.77,6735.453,-0.00035799522673030104,-0.0003580593223192149,0.0,18173.542000000016,-18173.542000000016,-11598741.921000017
2026-05-03 02:10:00,83.77,83.78,83.61,83.69,9558.535,83.77,83.78,83.61,83.69,9558.535,-0.0009549958218932897,-0.000955452120935457,0.0,16229.20999999999,-16229.20999999999,-11614971.131000018
2026-05-03 02:15:00,83.7,83.7,83.63,83.64,2756.301,83.7,83.7,83.63,83.64,2756.301,-0.0005974429441988338,-0.0005976214843498641,0.0,10979.10099999999,-10979.10099999999,-11625950.232000018
2026-05-03 02:20:00,83.64,83.64,83.61,83.62,4546.911,83.64,83.64,83.61,83.62,4546.911,-0.0002391200382592107,-0.00023914863201387654,0.0,14103.010000000015,-14103.010000000015,-11640053.242000017
2026-05-03 02:25:00,83.62,83.63,83.61,83.61,1939.272,83.62,83.63,83.61,83.61,1939.272,-0.0001195886151639236,-0.0001195957664525095,0.0,13258.507999999993,-13258.507999999993,-11653311.750000017
2026-05-03 02:30:00,83.62,83.71,83.61,83.69,5925.288,83.62,83.71,83.61,83.69,5925.288,0.0009568233464896103,0.0009563658828161096,0.0,14198.239999999989,-14198.239999999989,-11667509.990000017
2026-05-03 02:35:00,83.69,83.69,83.6,83.63,3369.902,83.69,83.69,83.6,83.63,3369.902,-0.000716931533038645,-0.0007171886513483383,0.0,11904.586999999998,-11904.586999999998,-11679414.577000016
2026-05-03 02:40:00,83.62,83.65,83.62,83.63,1336.785,83.62,83.65,83.62,83.63,1336.785,0.0,0.0,0.0,11234.920999999995,-11234.920999999995,-11690649.498000016
2026-05-03 02:45:00,83.64,83.69,83.63,83.68,1780.341,83.64,83.69,83.63,83.68,1780.341,0.0005978715771852716,0.0005976929231784238,0.0,11770.779999999993,-11770.779999999993,-11702420.278000016
2026-05-03 02:50:00,83.67,83.72,83.66,83.68,2820.86,83.67,83.72,83.66,83.68,2820.86,0.0,0.0,0.0,11051.166999999998,-11051.166999999998,-11713471.445000015
2026-05-03 02:55:00,83.68,83.68,83.65,83.66,1209.964,83.68,83.68,83.65,83.66,1209.964,-0.0002390057361377762,-0.00023903430256051286,0.0,13157.77500000001,-13157.77500000001,-11726629.220000016
2026-05-03 03:00:00,83.66,83.67,83.6,83.61,3883.013,83.66,83.67,83.6,83.61,3883.013,-0.0005976571838393063,-0.000597835852085791,0.0,16652.832000000006,-16652.832000000006,-11743282.052000016
2026-05-03 03:05:00,83.61,83.63,83.6,83.63,1648.184,83.61,83.63,83.6,83.63,1648.184,0.00023920583662229156,0.0002391772314677435,0.0,16274.406999999997,-16274.406999999997,-11759556.459000016
2026-05-03 03:10:00,83.63,83.63,83.59,83.59,1254.362,83.63,83.63,83.59,83.59,1254.362,-0.00047829726174808407,-0.0004784116823695498,0.0,17597.14599999999,-17597.14599999999,-11777153.605000015
2026-05-03 03:15:00,83.6,83.62,83.59,83.61,3872.08,83.6,83.62,83.59,83.61,3872.08,0.00023926306974519918,0.0002392344509017911,0.0,17385.081000000002,-17385.081000000002,-11794538.686000016
2026-05-03 03:20:00,83.61,83.64,83.58,83.58,5876.104,83.61,83.64,83.58,83.58,5876.104,-0.0003588087549336594,-0.00035887314219723777,0.0,17203.370999999996,-17203.370999999996,-11811742.057000015
2026-05-03 03:25:00,83.59,83.65,83.58,83.63,1638.446,83.59,83.65,83.58,83.63,1638.446,0.0005982292414452584,0.0005980503736650008,0.0,14953.278000000006,-14953.278000000006,-11826695.335000016
2026-05-03 03:30:00,83.63,83.72,83.63,83.71,2905.789,83.63,83.72,83.63,83.71,2905.789,0.0009565945234963902,0.000956137278530652,0.0,15140.792000000007,-15140.792000000007,-11841836.127000015
2026-05-03 03:35:00,83.71,83.74,83.7,83.72,2252.741,83.71,83.74,83.7,83.72,2252.741,0.00011946004061647031,0.00011945290583402688,0.0,17703.947,-17703.947,-11859540.074000016
2026-05-03 03:40:00,83.72,83.72,83.61,83.62,4521.577,83.72,83.72,83.61,83.62,4521.577,-0.0011944577161967507,-0.0011951716493799323,0.0,17485.075999999986,-17485.075999999986,-11877025.150000015
2026-05-03 03:45:00,83.62,83.68,83.58,83.67,3414.642,83.62,83.68,83.58,83.67,3414.642,0.0005979430758191739,0.0005977643790883141,0.0,16334.248000000023,-16334.248000000023,-11893359.398000015
2026-05-03 03:50:00,83.68,83.69,83.65,83.68,1780.119,83.68,83.69,83.65,83.68,1780.119,0.00011951715071112368,0.00011951000910549053,0.0,13990.008000000014,-13990.008000000014,-11907349.406000014
2026-05-03 03:55:00,83.68,83.69,83.66,83.67,1568.168,83.68,83.69,83.66,83.67,1568.168,-0.00011950286806894361,-0.00011951000910560387,0.0,14512.263999999996,-14512.263999999996,-11921861.670000015
2026-05-03 04:00:00,83.66,83.69,83.63,83.64,6200.436,83.66,83.69,83.63,83.64,6200.436,-0.00035855145213337103,-0.00035861574707444013,0.0,15004.501999999986,-15004.501999999986,-11936866.172000015
2026-05-03 04:05:00,83.63,83.66,83.58,83.59,3520.488,83.63,83.66,83.58,83.59,3520.488,-0.0005978000956480267,-0.0005979788493680825,0.0,11945.268999999997,-11945.268999999997,-11948811.441000015
2026-05-03 04:10:00,83.58,83.65,83.58,83.63,1844.86,83.58,83.65,83.58,83.63,1844.86,0.0004785261394901763,0.000478411682369449,0.0,13596.462000000001,-13596.462000000001,-11962407.903000014
2026-05-03 04:15:00,83.62,83.66,83.62,83.64,2026.673,83.62,83.66,83.62,83.64,2026.673,0.00011957431543718755,0.00011956716699857217,0.0,14495.617,-14495.617,-11976903.520000014
2026-05-03 04:20:00,83.64,83.66,83.62,83.66,2670.257,83.64,83.66,83.62,83.66,2670.257,0.0002391200382592107,0.00023909145361954476,0.0,14021.096999999998,-14021.096999999998,-11990924.617000014
2026-05-03 04:25:00,83.66,83.68,83.64,83.68,1990.953,83.66,83.68,83.64,83.68,1990.953,0.00023906287353581135,0.00023903430256047535,0.0,14905.647000000006,-14905.647000000006,-12005830.264000013
2026-05-03 04:30:00,83.68,83.72,83.67,83.71,4938.474,83.68,83.72,83.67,83.71,4938.474,0.00035850860420638675,0.0003584443553521278,0.0,13880.066,-13880.066,-12019710.330000013
2026-05-03 04:35:00,83.71,83.73,83.69,83.71,1009.081,83.71,83.73,83.69,83.71,1009.081,0.0,0.0,0.0,11186.593000000017,-11186.593000000017,-12030896.923000013
2026-05-03 04:40:00,83.71,83.76,83.69,83.69,2941.172,83.71,83.76,83.69,83.69,2941.172,-0.0002389200812328296,-0.00023894862718232867,0.0,12912.872000000012,-12912.872000000012,-12043809.795000013
2026-05-03 04:45:00,83.7,83.72,83.68,83.68,2606.133,83.7,83.72,83.68,83.68,2606.133,-0.00011948858883970015,-0.00011949572816984959,0.0,11874.892000000003,-11874.892000000003,-12055684.687000014
2026-05-03 04:50:00,83.68,83.73,83.67,83.73,1841.152,83.68,83.73,83.67,83.73,1841.152,0.0005975143403440519,0.0005973358997276068,0.0,11488.275000000009,-11488.275000000009,-12067172.962000014
2026-05-03 04:55:00,83.73,83.73,83.69,83.7,1028.03,83.73,83.73,83.69,83.7,1028.03,-0.00035829451809388235,-0.0003583587209108666,0.0,11201.05699999999,-11201.05699999999,-12078374.019000014
2026-05-03 05:00:00,83.7,83.8,83.69,83.8,3514.502,83.7,83.8,83.69,83.8,3514.502,0.0011947431302268274,0.0011940299926075468,0.0,11018.542000000001,-11018.542000000001,-12089392.561000014
2026-05-03 05:05:00,83.8,83.86,83.78,83.81,2409.787,83.8,83.86,83.78,83.81,2409.787,0.00011933174224343368,0.00011932462277746015,0.0,9241.891000000005,-9241.891000000005,-12098634.452000014
2026-05-03 05:10:00,83.81,83.82,83.79,83.8,1316.935,83.81,83.82,83.79,83.8,1316.935,-0.00011931750387783602,-0.00011932462277748035,0.0,8530.562999999996,-8530.562999999996,-12107165.015000014
2026-05-03 05:15:00,83.81,83.85,83.76,83.76,2753.738,83.81,83.85,83.76,83.76,2753.738,-0.0004773269689736237,-0.00047744092575581823,0.0,9889.545999999995,-9889.545999999995,-12117054.561000014
2026-05-03 05:20:00,83.77,83.78,83.76,83.77,659.318,83.77,83.78,83.76,83.77,659.318,0.00011938872970373993,0.00011938160343654147,0.0,10279.65199999999,-10279.65199999999,-12127334.213000014
2026-05-03 05:25:00,83.76,83.78,83.75,83.76,959.648,83.76,83.78,83.75,83.76,959.648,-0.00011937447773657794,-0.00011938160343663551,0.0,10460.22699999999,-10460.22699999999,-12137794.440000014
2026-05-03 05:30:00,83.77,83.8,83.75,83.8,1290.225,83.77,83.8,83.75,83.8,1290.225,0.00047755491881562584,0.00047744092575590367,0.0,10476.496000000003,-10476.496000000003,-12148270.936000014
2026-05-03 05:35:00,83.79,83.79,83.74,83.75,1550.699,83.79,83.79,83.74,83.75,1550.699,-0.0005966587112171684,-0.0005968367828615256,0.0,9926.976000000019,-9926.976000000019,-12158197.912000014
2026-05-03 05:40:00,83.75,83.75,83.69,83.69,3374.205,83.75,83.75,83.69,83.69,3374.205,-0.0007164179104477419,-0.0007166746603931105,0.0,10035.944000000005,-10035.944000000005,-12168233.856000014
2026-05-03 05:45:00,83.69,83.75,83.67,83.74,2636.001,83.69,83.75,83.67,83.74,2636.001,0.0005974429441988338,0.0005972645462145888,0.0,8565.765999999996,-8565.765999999996,-12176799.622000014
2026-05-03 05:50:00,83.74,83.76,83.74,83.76,620.296,83.74,83.76,83.74,83.76,620.296,0.00023883448770023463,0.00023880597128435582,0.0,7126.3069999999925,-7126.3069999999925,-12183925.929000014
2026-05-03 05:55:00,83.75,83.76,83.75,83.76,676.351,83.75,83.76,83.75,83.76,676.351,0.0,0.0,0.0,6752.2959999999875,-6752.2959999999875,-12190678.225000015
2026-05-03 06:00:00,83.75,83.76,83.7,83.72,1493.994,83.75,83.76,83.7,83.72,1493.994,-0.00047755491881573686,-0.0004776689844825051,0.0,7165.164999999982,-7165.164999999982,-12197843.390000014
2026-05-03 06:05:00,83.71,83.72,83.67,83.69,1393.906,83.71,83.72,83.67,83.69,1393.906,-0.0003583373148590141,-0.00035840153301625716,0.0,7220.617999999988,-7220.617999999988,-12205064.008000014
2026-05-03 06:10:00,83.69,83.73,83.65,83.65,1744.584,83.69,83.73,83.65,83.65,1744.584,-0.00047795435535902264,-0.00047806861194966645,0.0,6997.006999999992,-6997.006999999992,-12212061.015000014
2026-05-03 06:15:00,83.66,83.68,83.66,83.67,1164.731,83.66,83.68,83.66,83.67,1164.731,0.00023909145248057762,0.00023906287467430172,0.0,5901.058999999998,-5901.058999999998,-12217962.074000014
2026-05-03 06:20:00,83.67,83.67,83.66,83.66,294.251,83.67,83.67,83.66,83.66,294.251,-0.0001195171507112347,-0.0001195242934550177,0.0,6020.500000000003,-6020.500000000003,-12223982.574000014
2026-05-03 06:25:00,83.67,83.67,83.6,83.63,1872.563,83.67,83.67,83.6,83.63,1872.563,-0.000358594310303606,-0.00035865862061796515,0.0,7146.625999999997,-7146.625999999997,-12231129.200000014
2026-05-03 06:30:00,83.62,83.68,83.62,83.67,1016.041,83.62,83.68,83.62,83.67,1016.041,0.0004782972617483061,0.00047818291407300854,0.0,8530.140999999996,-8530.140999999996,-12239659.341000015
2026-05-03 06:35:00,83.66,83.68,83.66,83.67,1184.714,83.66,83.68,83.66,83.67,1184.714,0.0,0.0,0.0,9768.037000000006,-9768.037000000006,-12249427.378000015
2026-05-03 06:40:00,83.67,83.69,83.64,83.69,1610.131,83.67,83.69,83.64,83.69,1610.131,0.00023903430142224735,0.0002390057372754024,0.0,10223.181000000017,-10223.181000000017,-12259650.559000015
2026-05-03 06:45:00,83.69,83.7,83.68,83.7,1294.392,83.69,83.7,83.68,83.7,1294.392,0.00011948858883981117,0.00011948145064699577,0.0,11842.905,-11842.905,-12271493.464000015
2026-05-03 06:50:00,83.69,83.88,83.69,83.84,4472.182,83.69,83.88,83.69,83.84,4472.182,0.001672640382317736,0.001671243077302331,0.0,14620.305999999993,-14620.305999999993,-12286113.770000014
2026-05-03 06:55:00,83.83,83.84,83.75,83.76,1236.508,83.83,83.84,83.75,83.76,1236.508,-0.000954198473282375,-0.0009546540104505499,0.0,13586.20299999999,-13586.20299999999,-12299699.973000014
2026-05-03 07:00:00,83.76,83.9,83.75,83.87,2579.254,83.76,83.9,83.75,83.87,2579.254,0.0013132760267431376,0.0013124144340387939,0.0,13014.298999999974,-13014.298999999974,-12312714.272000015
2026-05-03 07:05:00,83.87,83.97,83.86,83.9,6725.42,83.87,83.97,83.86,83.9,6725.42,0.0003576964349589762,0.0003576324768404578,0.0,14339.935999999976,-14339.935999999976,-12327054.208000015
2026-05-03 07:10:00,83.9,83.92,83.82,83.84,2717.02,83.9,83.92,83.82,83.84,2717.02,-0.0007151370679380209,-0.00071539290042846,0.0,11617.569000000025,-11617.569000000025,-12338671.777000016
2026-05-03 07:15:00,83.85,83.87,83.84,83.85,699.184,83.85,83.87,83.84,83.85,699.184,0.00011927480916029687,0.00011926769648581639,0.0,18886.42700000001,-18886.42700000001,-12357558.204000015
2026-05-03 07:20:00,83.85,83.93,83.85,83.92,1072.072,83.85,83.93,83.85,83.92,1072.072,0.0008348240906381754,0.000834475818824009,0.0,21946.87099999998,-21946.87099999998,-12379505.075000014
2026-05-03 07:25:00,83.93,83.98,83.92,83.93,5869.106,83.93,83.98,83.92,83.93,5869.106,0.00011916110581511319,0.00011915400669449742,0.0,23306.110999999964,-23306.110999999964,-12402811.186000014
2026-05-03 07:30:00,83.92,84.01,83.92,83.95,14911.402,83.92,84.01,83.92,83.95,14911.402,0.00023829381627549218,0.00023826542881366948,0.0,20727.25499999998,-20727.25499999998,-12423538.441000015
2026-05-03 07:35:00,83.94,83.98,83.94,83.98,2734.428,83.94,83.98,83.94,83.98,2734.428,0.00035735556879101793,0.00035729173249746213,0.0,11809.041000000005,-11809.041000000005,-12435347.482000014
2026-05-03 07:40:00,83.97,84.02,83.88,83.94,13145.7,83.97,84.02,83.88,83.94,13145.7,-0.00047630388187669404,-0.0004764173506024663,0.0,15477.703000000001,-15477.703000000001,-12450825.185000014
2026-05-03 07:45:00,83.94,83.98,83.91,83.94,4251.685,83.94,83.98,83.91,83.94,4251.685,0.0,0.0,0.0,15581.70399999998,-15581.70399999998,-12466406.889000013
2026-05-03 07:50:00,83.94,83.95,83.88,83.89,8325.854,83.94,83.95,83.88,83.89,8325.854,-0.0005956635692160317,-0.0005958410472415062,0.0,14082.802999999989,-14082.802999999989,-12480489.692000013
2026-05-03 07:55:00,83.89,83.9,83.86,83.88,1827.064,83.89,83.9,83.86,83.88,1827.064,-0.00011920371915608019,-0.00011921082448407047,0.0,10054.318000000001,-10054.318000000001,-12490544.010000013
2026-05-03 08:00:00,83.88,83.97,83.87,83.96,2011.11,83.88,83.97,83.87,83.96,2011.11,0.0009537434430137992,0.00095328891871301,0.0,11360.15299999999,-11360.15299999999,-12501904.163000014
2026-05-03 08:05:00,83.96,84.0,83.95,83.96,2426.36,83.96,84.0,83.95,83.96,2426.36,0.0,0.0,0.0,10580.077999999989,-10580.077999999989,-12512484.241000013
2026-05-03 08:10:00,83.95,83.98,83.94,83.97,1272.629,83.95,83.98,83.94,83.97,1272.629,0.00011910433539785714,0.00011909724303965001,0.0,10114.703000000005,-10114.703000000005,-12522598.944000013
2026-05-03 08:15:00,83.98,84.03,83.97,83.98,4515.698,83.98,84.03,83.97,83.98,4515.698,0.00011909015124444977,0.00011908306057533504,0.0,9657.569000000003,-9657.569000000003,-12532256.513000013
2026-05-03 08:20:00,83.98,84.0,83.9,83.9,2317.089,83.98,84.0,83.9,83.9,2317.089,-0.000952607763753277,-0.000953061782886727,0.0,8271.92699999999,-8271.92699999999,-12540528.440000013
2026-05-03 08:25:00,83.9,83.92,83.84,83.86,2041.6,83.9,83.92,83.84,83.86,2041.6,-0.00047675804529212495,-0.0004768717305440086,0.0,7633.541999999994,-7633.541999999994,-12548161.982000012
2026-05-03 08:30:00,83.87,83.89,83.83,83.84,2270.264,83.87,83.89,83.83,83.84,2270.264,-0.00023849272597176174,-0.00023852116988446655,0.0,7333.211999999996,-7333.211999999996,-12555495.194000011
2026-05-03 08:35:00,83.84,83.93,83.84,83.91,1663.926,83.84,83.93,83.84,83.91,1663.926,0.0008349236641220781,0.0008345753092459573,0.0,6064.989999999991,-6064.989999999991,-12561560.184000012
2026-05-03 08:40:00,83.91,83.93,83.89,83.92,636.659,83.91,83.93,83.89,83.92,636.659,0.00011917530687655109,0.00011916820606382195,0.0,6258.570999999992,-6258.570999999992,-12567818.755000012
2026-05-03 08:45:00,83.93,83.96,83.92,83.92,1264.922,83.93,83.96,83.92,83.92,1264.922,0.0,0.0,0.0,8168.598999999995,-8168.598999999995,-12575987.354000011
2026-05-03 08:50:00,83.93,83.94,83.91,83.92,1040.979,83.93,83.94,83.91,83.92,1040.979,0.0,0.0,0.0,8064.036999999997,-8064.036999999997,-12584051.391000012
2026-05-03 08:55:00,83.92,83.93,83.89,83.9,1168.238,83.92,83.93,83.89,83.9,1168.238,-0.00023832221163011535,-0.00023835061488123354,0.0,9610.922999999986,-9610.922999999986,-12593662.314000012
2026-05-03 09:00:00,83.89,83.9,83.88,83.89,1129.719,83.89,83.9,83.88,83.89,1129.719,-0.000119189511323059,-0.00011919661495732177,0.0,10109.19299999999,-10109.19299999999,-12603771.507000012
2026-05-03 09:05:00,83.9,83.97,83.89,83.96,3199.719,83.9,83.97,83.89,83.96,3199.719,0.0008344260340922283,0.0008340780942289768,0.0,12151.698999999986,-12151.698999999986,-12615923.206000011
2026-05-03 09:10:00,83.97,83.97,83.94,83.95,1143.619,83.97,83.97,83.94,83.95,1143.619,-0.00011910433539774612,-0.00011911142888235016,0.0,12352.60999999999,-12352.60999999999,-12628275.81600001
2026-05-03 09:15:00,83.96,83.96,83.89,83.92,2969.229,83.96,83.96,83.89,83.92,2969.229,-0.0003573555687909069,-0.00035741943550805105,0.0,13680.757000000012,-13680.757000000012,-12641956.57300001
2026-05-03 09:20:00,83.92,83.99,83.91,83.99,2379.708,83.92,83.99,83.91,83.99,2379.708,0.0008341277407053482,0.0008337800494939305,0.0,12381.673000000023,-12381.673000000023,-12654338.24600001
2026-05-03 09:25:00,83.99,84.05,83.99,84.02,3493.092,83.99,84.05,83.99,84.02,3493.092,0.00035718537921192173,0.0003571216037003619,0.0,17631.032,-17631.032,-12671969.27800001
2026-05-03 09:30:00,84.03,84.03,83.91,83.95,5143.432,84.03,84.03,83.91,83.95,5143.432,-0.0008331349678647459,-0.0008334822176861279,0.0,19608.20599999998,-19608.20599999998,-12691577.48400001
2026-05-03 09:35:00,83.94,84.11,83.94,84.08,11672.124,83.94,84.11,83.94,84.08,11672.124,0.001548540798093967,0.001547343045145723,0.0,17390.048999999985,-17390.048999999985,-12708967.533000011
2026-05-03 09:40:00,84.09,84.09,84.01,84.01,4114.03,84.09,84.09,84.01,84.01,4114.03,-0.0008325404376783307,-0.000832887191939837,0.0,11012.571000000007,-11012.571000000007,-12719980.104000011
2026-05-03 09:45:00,84.02,84.02,83.97,84.02,1889.616,84.02,84.02,83.97,84.02,1889.616,0.00011903344839891972,0.00011902636448014413,0.0,10136.241999999995,-10136.241999999995,-12730116.346000012
2026-05-03 09:50:00,84.02,84.07,84.01,84.05,1335.649,84.02,84.07,84.01,84.05,1335.649,0.00035705784337070057,0.0003569941133886863,0.0,11111.209999999994,-11111.209999999994,-12741227.556000013
2026-05-03 09:55:00,84.06,84.06,84.04,84.06,3343.952,84.06,84.06,84.04,84.06,3343.952,0.00011897679952421747,0.00011896972234614605,0.0,10655.250999999995,-10655.250999999995,-12751882.807000013
2026-05-03 10:00:00,84.06,84.06,84.01,84.01,3799.205,84.06,84.06,84.01,84.01,3799.205,-0.0005948132286461849,-0.0005949902002148375,0.0,8599.297999999992,-8599.297999999992,-12760482.105000013
2026-05-03 10:05:00,84.02,84.02,83.92,83.98,3464.926,84.02,84.02,83.92,83.98,3464.926,-0.0003571003451969812,-0.00035716412070854113,0.0,9495.082999999991,-9495.082999999991,-12769977.188000014
2026-05-03 10:10:00,83.98,84.02,83.98,84.02,964.522,83.98,84.02,83.98,84.02,964.522,0.000476303881876472,0.00047619048518861957,0.0,10674.984999999982,-10674.984999999982,-12780652.173000013
2026-05-03 10:15:00,84.02,84.02,84.0,84.02,1882.276,84.02,84.02,84.0,84.02,1882.276,0.0,0.0,0.0,11430.306999999973,-11430.306999999973,-12792082.480000013
2026-05-03 10:20:00,84.02,84.03,83.97,83.98,3422.568,84.02,84.03,83.97,83.98,3422.568,-0.0004760771244940454,-0.00047619048518866207,0.0,10346.680999999977,-10346.680999999977,-12802429.161000013
2026-05-03 10:25:00,83.98,83.98,83.94,83.96,2090.652,83.98,83.98,83.94,83.96,2090.652,-0.00023815194093845804,-0.00023818030361511813,0.0,10326.039999999995,-10326.039999999995,-12812755.201000012
2026-05-03 10:30:00,83.96,84.04,83.95,84.03,2698.54,83.96,84.04,83.95,84.03,2698.54,0.000833730347784778,0.000833382987694727,0.0,9192.827000000012,-9192.827000000012,-12821948.028000012
2026-05-03 10:35:00,84.02,84.03,83.98,83.98,1992.178,84.02,84.03,83.98,83.98,1992.178,-0.0005950255861001397,-0.0005952026840795672,0.0,7726.035999999961,-7726.035999999961,-12829674.064000012
2026-05-03 10:40:00,83.99,84.01,83.94,83.96,3457.825,83.99,84.01,83.94,83.96,3457.825,-0.00023815194093845804,-0.00023818030361511813,0.0,8073.138999999971,-8073.138999999971,-12837747.203000013
2026-05-03 10:45:00,83.96,83.96,83.85,83.86,2179.507,83.96,83.96,83.85,83.86,2179.507,-0.0011910433539780163,-0.0011917532098155751,0.0,6235.339999999968,-6235.339999999968,-12843982.543000013
2026-05-03 10:50:00,83.85,83.88,83.85,83.88,1375.59,83.85,83.88,83.85,83.88,1375.59,0.00023849272597176174,0.0002384642911025075,0.0,13918.991000000015,-13918.991000000015,-12857901.534000013
2026-05-03 10:55:00,83.88,83.88,83.82,83.83,2231.536,83.88,83.88,83.82,83.83,2231.536,-0.0005960896518836245,-0.0005962673839531738,0.0,17647.616000000013,-17647.616000000013,-12875549.150000013
2026-05-03 11:00:00,83.82,83.84,83.75,83.79,10073.866,83.82,83.84,83.75,83.79,10073.866,-0.0004771561493497334,-0.00047727002457077994,0.0,19661.83800000001,-19661.83800000001,-12895210.988000013
2026-05-03 11:05:00,83.78,83.85,83.78,83.84,2000.78,83.78,83.85,83.78,83.84,2000.78,0.0005967299200382303,0.0005965519475369872,0.0,15420.343000000035,-15420.343000000035,-12910631.331000013
2026-05-03 11:10:00,83.85,83.97,83.84,83.91,7512.643,83.85,83.97,83.84,83.91,7512.643,0.0008349236641220781,0.0008345753092459573,0.0,15625.734000000002,-15625.734000000002,-12926257.065000013
2026-05-03 11:15:00,83.91,83.92,83.87,83.87,5147.193,83.91,83.92,83.87,83.87,5147.193,-0.00047670122750553823,-0.0004768148856577799,0.0,13204.301000000012,-13204.301000000012,-12939461.366000013
2026-05-03 11:20:00,83.87,83.88,83.86,83.88,572.883,83.87,83.88,83.86,83.88,572.883,0.00011923214498610335,0.00011922503739886733,0.0,10995.57900000001,-10995.57900000001,-12950456.945000013
2026-05-03 11:25:00,83.87,83.88,83.87,83.88,1490.17,83.87,83.88,83.87,83.88,1490.17,0.0,0.0,0.0,14702.027999999993,-14702.027999999993,-12965158.973000014
2026-05-03 11:30:00,83.87,84.0,83.87,83.99,4443.087,83.87,84.0,83.87,83.99,4443.087,0.001311397234144085,0.001310538103816622,0.0,22038.701999999976,-22038.701999999976,-12987197.675000014
2026-05-03 11:35:00,83.98,84.04,83.96,83.97,4291.207,83.98,84.04,83.96,83.97,4291.207,-0.00023812358614117013,-0.00023815194206387383,0.0,25566.125999999982,-25566.125999999982,-13012763.801000014
2026-05-03 11:40:00,83.98,84.15,83.98,84.06,7070.646,83.98,84.15,83.98,84.06,7070.646,0.001071811361200492,0.0010712373814988586,0.0,31090.513999999992,-31090.513999999992,-13043854.315000014
2026-05-03 11:45:00,84.07,84.2,84.02,84.14,15630.333,84.07,84.2,84.02,84.14,15630.333,0.0009517011658339847,0.0009512485854042466,0.0,26703.434999999994,-26703.434999999994,-13070557.750000015
2026-05-03 11:50:00,84.14,84.15,83.96,84.0,9345.097,84.14,84.15,83.96,84.0,9345.097,-0.0016638935108153063,-0.0016652793190612089,0.0,17599.622999999992,-17599.622999999992,-13088157.373000015
2026-05-03 11:55:00,84.01,84.01,83.95,83.96,1757.478,84.01,84.01,83.95,83.96,1757.478,-0.0004761904761905189,-0.00047630389088141906,0.0,10973.18599999998,-10973.18599999998,-13099130.559000015
2026-05-03 12:00:00,83.96,84.08,83.95,84.04,4131.278,83.96,84.08,83.95,84.04,4131.278,0.0009528346831826351,0.0009523810243675958,0.0,13416.910999999998,-13416.910999999998,-13112547.470000016
2026-05-03 12:05:00,84.04,84.15,84.01,84.09,3297.695,84.04,84.15,84.01,84.09,3297.695,0.0005949547834365188,0.0005947778680069945,0.0,13210.165999999994,-13210.165999999994,-13125757.636000015
2026-05-03 12:10:00,84.1,84.24,84.1,84.18,6311.225,84.1,84.24,84.1,84.18,6311.225,0.001070281840884757,0.0010697094976179606,0.0,12730.595999999994,-12730.595999999994,-13138488.232000016
2026-05-03 12:15:00,84.19,84.2,84.1,84.1,5287.674,84.19,84.2,84.1,84.1,5287.674,-0.0009503444998814059,-0.0009507963635224012,0.0,13403.571,-13403.571,-13151891.803000016
2026-05-03 12:20:00,84.11,84.13,84.09,84.13,3103.099,84.11,84.13,84.09,84.13,3103.099,0.0003567181926278362,0.0003566545838198568,0.0,12686.630999999994,-12686.630999999994,-13164578.434000015
2026-05-03 12:25:00,84.12,84.16,84.09,84.15,5867.006,84.12,84.16,84.09,84.15,5867.006,0.0002377273267564206,0.00023769907409300863,0.0,11822.204000000003,-11822.204000000003,-13176400.638000015
2026-05-03 12:30:00,84.14,84.15,84.09,84.12,5900.552,84.14,84.15,84.09,84.12,5900.552,-0.00035650623885918886,-0.0003565698023159898,0.0,7864.487999999997,-7864.487999999997,-13184265.126000015
2026-05-03 12:35:00,84.12,84.13,84.09,84.09,2865.91,84.12,84.13,84.09,84.09,2865.91,-0.0003566333808844302,-0.0003566969896924098,0.0,10460.84000000001,-10460.84000000001,-13194725.966000015
2026-05-03 12:40:00,84.09,84.14,84.09,84.14,3421.993,84.09,84.14,84.09,84.14,3421.993,0.0005946010227138032,0.0005944243175682676,0.0,10026.485999999997,-10026.485999999997,-13204752.452000014
2026-05-03 12:45:00,84.14,84.18,84.13,84.15,4846.693,84.14,84.18,84.13,84.15,4846.693,0.00011884953648677588,0.00011884247444015608,0.0,8611.511000000002,-8611.511000000002,-13213363.963000014
2026-05-03 12:50:00,84.15,84.15,84.12,84.13,1561.488,84.15,84.15,84.12,84.13,1561.488,-0.00023767082590619992,-0.00023769907409287863,0.0,6523.9430000000075,-6523.9430000000075,-13219887.906000014
2026-05-03 12:55:00,84.13,84.13,84.08,84.11,1750.599,84.13,84.13,84.08,84.11,1750.599,-0.00023772732675619856,-0.00023775558837627023,0.0,7378.283000000009,-7378.283000000009,-13227266.189000014
2026-05-03 13:00:00,84.11,84.12,84.07,84.12,3912.39,84.11,84.12,84.07,84.12,3912.39,0.00011889192723812947,0.00011888486015308896,0.0,8493.401000000009,-8493.401000000009,-13235759.590000015
2026-05-03 13:05:00,84.12,84.17,84.11,84.16,2611.811,84.12,84.17,84.11,84.16,2611.811,0.0004755111745124996,0.000475398154900596,0.0,8619.061999999994,-8619.061999999994,-13244378.652000016
2026-05-03 13:10:00,84.17,84.22,84.17,84.21,2505.443,84.17,84.22,84.17,84.21,2505.443,0.0005941064638783633,0.0005939300525011204,0.0,8195.834000000004,-8195.834000000004,-13252574.486000016
2026-05-03 13:15:00,84.21,84.22,84.1,84.1,3245.754,84.21,84.22,84.1,84.1,3245.754,-0.0013062581641135607,-0.0013071120629984789,0.0,8029.780000000004,-8029.780000000004,-13260604.266000016
2026-05-03 13:20:00,84.1,84.14,84.09,84.14,1574.129,84.1,84.14,84.09,84.14,1574.129,0.00047562425683711496,0.00047551118347247167,0.0,7652.049000000007,-7652.049000000007,-13268256.315000016
2026-05-03 13:25:00,84.13,84.14,84.04,84.09,3209.897,84.13,84.14,84.04,84.09,3209.897,-0.0005942476824339904,-0.0005944243175681753,0.0,7997.592000000001,-7997.592000000001,-13276253.907000016
2026-05-03 13:30:00,84.08,84.14,84.08,84.13,2261.083,84.08,84.14,84.08,84.13,2261.083,0.00047568081817095376,0.0004755677179155592,0.0,9703.89699999999,-9703.89699999999,-13285957.804000016
2026-05-03 13:35:00,84.13,84.15,84.12,84.13,1043.869,84.13,84.15,84.12,84.13,1043.869,0.0,0.0,0.0,9265.022999999986,-9265.022999999986,-13295222.827000016
2026-05-03 13:40:00,84.13,84.14,84.01,84.03,2817.279,84.13,84.14,84.01,84.03,2817.279,-0.0011886366337809928,-0.001189343622595307,0.0,9429.847000000005,-9429.847000000005,-13304652.674000015
2026-05-03 13:45:00,84.03,84.1,83.99,84.04,3969.92,84.03,84.1,83.99,84.04,3969.92,0.00011900511722018337,0.00011899803667296306,0.0,10028.278999999995,-10028.278999999995,-13314680.953000015
2026-05-03 13:50:00,84.04,84.09,84.03,84.07,2204.699,84.04,84.09,84.03,84.07,2204.699,0.0003569728700616448,0.0003569091704055799,0.0,909.7200000000005,-909.7200000000005,-13315590.673000015
