timestamp,open,high,low,close,volume,open,high,low,close,volume,returns,log_returns,buy_volume,sell_volume,volume_delta,cvd
2026-05-04 20:30:00,84.24,84.25,84.16,84.18,6155.219,84.24,84.25,84.16,84.18,6155.219,0.0,0.0,0.0,17600.89499999999,-17600.89499999999,-17600.89499999999
2026-05-04 20:35:00,84.18,84.18,84.07,84.08,6626.18,84.18,84.18,84.07,84.08,6626.18,-0.001187930624851563,-0.001188636773728941,0.0,15659.391000000009,-15659.391000000009,-33260.286
2026-05-04 20:40:00,84.09,84.13,84.06,84.09,3347.442,84.09,84.13,84.06,84.09,3347.442,0.00011893434823972981,0.00011892727611087468,0.0,11077.478999999994,-11077.478999999994,-44337.76499999999
2026-05-04 20:45:00,84.08,84.13,84.07,84.12,5149.989,84.08,84.13,84.07,84.12,5149.989,0.00035676061362832634,0.0003566969896925012,0.0,15247.478000000023,-15247.478000000023,-59585.24300000002
2026-05-04 20:50:00,84.12,84.13,84.06,84.07,1617.691,84.12,84.13,84.06,84.07,1617.691,-0.000594388968140902,-0.0005945656872937055,0.0,12500.772999999994,-12500.772999999994,-72086.016
2026-05-04 20:55:00,84.06,84.11,84.06,84.09,3590.371,84.06,84.11,84.06,84.09,3590.371,0.00023789699060317027,0.00023786869760122564,0.0,16766.42899999999,-16766.42899999999,-88852.44499999999
2026-05-04 21:00:00,84.09,84.22,84.08,84.19,6269.562,84.09,84.22,84.08,84.19,6269.562,0.0011892020454273844,0.0011884955047658846,0.0,14968.576000000005,-14968.576000000005,-103821.021
2026-05-04 21:05:00,84.2,84.22,84.17,84.18,3094.757,84.2,84.22,84.17,84.18,3094.757,-0.00011877895236955816,-0.00011878600714796615,0.0,11983.488999999998,-11983.488999999998,-115804.51
2026-05-04 21:10:00,84.19,84.26,84.17,84.26,5190.78,84.19,84.26,84.17,84.26,5190.78,0.0009503444998812949,0.000949893208445991,0.0,10636.403000000004,-10636.403000000004,-126440.913
2026-05-04 21:15:00,84.25,84.28,84.23,84.26,2100.266,84.25,84.28,84.23,84.26,2100.266,0.0,0.0,0.0,8342.321999999993,-8342.321999999993,-134783.235
2026-05-04 21:20:00,84.25,84.37,84.25,84.36,2619.224,84.25,84.37,84.25,84.36,2619.224,0.0011868027533823433,0.0011860990597033266,0.0,8250.104999999985,-8250.104999999985,-143033.33999999997
2026-05-04 21:25:00,84.35,84.37,84.32,84.34,1661.798,84.35,84.37,84.32,84.34,1661.798,-0.00023707918444759724,-0.00023710729216003655,0.0,10549.035999999991,-10549.035999999991,-153582.37599999996
2026-05-04 21:30:00,84.34,84.43,84.33,84.41,2736.131,84.34,84.43,84.33,84.41,2736.131,0.0008299739151054197,0.0008296296772146872,0.0,11303.212000000005,-11303.212000000005,-164885.58799999996
2026-05-04 21:35:00,84.41,84.45,84.39,84.41,1783.875,84.41,84.45,84.39,84.41,1783.875,0.0,0.0,0.0,10549.767000000023,-10549.767000000023,-175435.35499999998
2026-05-04 21:40:00,84.41,84.46,84.39,84.41,6135.837,84.41,84.46,84.39,84.41,6135.837,0.0,0.0,0.0,10736.564000000028,-10736.564000000028,-186171.919
2026-05-04 21:45:00,84.41,84.47,84.4,84.47,1742.951,84.41,84.47,84.4,84.47,1742.951,0.0007108162539983809,0.0007105637437767347,0.0,9756.118000000019,-9756.118000000019,-195928.037
2026-05-04 21:50:00,84.46,84.51,84.43,84.44,2734.42,84.46,84.51,84.43,84.44,2734.42,-0.00035515567657162794,-0.00035521875928549323,0.0,11131.613999999996,-11131.613999999996,-207059.651
2026-05-04 21:55:00,84.45,84.45,84.4,84.43,1584.161,84.45,84.45,84.4,84.43,1584.161,-0.00011842728564648297,-0.00011843429871117338,0.0,17495.23200000001,-17495.23200000001,-224554.88300000003
2026-05-04 22:00:00,84.42,84.56,84.39,84.45,5295.503,84.42,84.56,84.39,84.45,5295.503,0.00023688262465948462,0.00023685457240052622,0.0,23105.173000000006,-23105.173000000006,-247660.05600000004
2026-05-04 22:05:00,84.45,84.49,84.42,84.44,9730.69,84.45,84.49,84.42,84.44,9730.69,-0.00011841326228545501,-0.00011842027368929849,0.0,28726.065000000035,-28726.065000000035,-276386.1210000001
2026-05-04 22:10:00,84.45,84.52,84.43,84.49,8028.389,84.45,84.52,84.43,84.49,8028.389,0.000592136428233081,0.0005919611846335942,0.0,24111.307000000055,-24111.307000000055,-300497.42800000013
2026-05-04 22:15:00,84.49,84.55,84.34,84.34,10809.476,84.49,84.55,84.34,84.34,10809.476,-0.0017753580305360783,-0.001776935846339557,0.0,18774.82799999999,-18774.82799999999,-319272.2560000001
2026-05-04 22:20:00,84.34,84.37,84.29,84.34,4498.173,84.34,84.37,84.29,84.34,4498.173,0.0,0.0,0.0,12885.07000000001,-12885.07000000001,-332157.3260000001
2026-05-04 22:25:00,84.35,84.4,84.33,84.33,1238.791,84.35,84.4,84.33,84.33,1238.791,-0.00011856770215801227,-0.0001185747318636793,0.0,10704.05999999999,-10704.05999999999,-342861.3860000001
2026-05-04 22:30:00,84.33,84.34,84.2,84.21,4309.152,84.33,84.34,84.2,84.21,4309.152,-0.0014229811454998798,-0.001423994544649446,0.0,12169.416999999985,-12169.416999999985,-355030.8030000001
2026-05-04 22:35:00,84.21,84.28,84.2,84.27,3627.657,84.21,84.28,84.2,84.27,3627.657,0.0007125044531528513,0.0007122507423611964,0.0,15012.506999999994,-15012.506999999994,-370043.31000000006
2026-05-04 22:40:00,84.26,84.29,84.21,84.21,1387.777,84.26,84.29,84.21,84.21,1387.777,-0.0007119971520114232,-0.0007122507423612086,0.0,17106.202,-17106.202,-387149.51200000005
2026-05-04 22:45:00,84.21,84.31,84.2,84.3,3670.898,84.21,84.31,84.2,84.3,3670.898,0.001068756679729388,0.0010681859659090976,0.0,18515.38200000001,-18515.38200000001,-405664.89400000003
2026-05-04 22:50:00,84.3,84.3,84.2,84.21,15177.322,84.3,84.3,84.2,84.21,15177.322,-0.001067615658362997,-0.0010681859659089658,0.0,17609.342999999964,-17609.342999999964,-423274.23699999996
2026-05-04 22:55:00,84.2,84.23,84.18,84.22,2161.943,84.2,84.23,84.18,84.22,2161.943,0.0001187507421922529,0.0001187436918810149,0.0,10817.909000000012,-10817.909000000012,-434092.14599999995
2026-05-04 23:00:00,84.22,84.22,84.11,84.18,2855.454,84.22,84.22,84.11,84.18,2855.454,-0.00047494656851099215,-0.0004750593913570923,0.0,12992.434000000001,-12992.434000000001,-447084.57999999996
2026-05-04 23:05:00,84.17,84.18,84.12,84.13,4316.056,84.17,84.18,84.12,84.13,4316.056,-0.0005939653124258371,-0.0005941417797024402,0.0,15566.791999999978,-15566.791999999978,-462651.3719999999
2026-05-04 23:10:00,84.12,84.15,84.1,84.14,8664.491,84.12,84.15,84.1,84.14,8664.491,0.0001188636633782103,0.00011885659965271578,0.0,20431.55799999999,-20431.55799999999,-483082.92999999993
2026-05-04 23:15:00,84.14,84.16,84.07,84.12,2434.981,84.14,84.16,84.07,84.12,2434.981,-0.00023769907297355175,-0.0002377273278757294,0.0,15113.223000000015,-15113.223000000015,-498196.15299999993
2026-05-04 23:20:00,84.12,84.13,84.09,84.11,7145.763,84.12,84.13,84.09,84.11,7145.763,-0.0001188777936281804,-0.00011888486015313017,0.0,16697.532000000007,-16697.532000000007,-514893.68499999994
2026-05-04 23:25:00,84.11,84.23,84.1,84.22,2563.856,84.11,84.23,84.1,84.22,2563.856,0.0013078111996196462,0.0013069567594358826,0.0,12431.645999999999,-12431.645999999999,-527325.3309999999
2026-05-04 23:30:00,84.22,84.22,84.08,84.1,2784.577,84.22,84.22,84.08,84.1,2784.577,-0.0014248397055331985,-0.0014258557548794157,0.0,13112.182000000015,-13112.182000000015,-540437.5129999999
2026-05-04 23:35:00,84.11,84.12,84.02,84.12,4439.733,84.11,84.12,84.02,84.12,4439.733,0.00023781212841877952,0.00023778385559689247,0.0,13203.456999999997,-13203.456999999997,-553640.97
2026-05-04 23:40:00,84.11,84.11,84.07,84.08,2380.862,84.11,84.11,84.07,84.08,2380.862,-0.0004755111745127216,-0.0004756242658034675,0.0,13693.588000000002,-13693.588000000002,-567334.558
2026-05-04 23:45:00,84.08,84.12,84.07,84.11,1830.291,84.08,84.12,84.07,84.11,1830.291,0.0003568030447194115,0.00035673940565034335,0.0,15875.018000000015,-15875.018000000015,-583209.576
2026-05-04 23:50:00,84.1,84.14,84.07,84.12,3721.849,84.1,84.14,84.07,84.12,3721.849,0.00011889192723812947,0.00011888486015308896,0.0,16652.528000000002,-16652.528000000002,-599862.104
2026-05-04 23:55:00,84.11,84.12,84.09,84.1,1740.951,84.11,84.12,84.09,84.1,1740.951,-0.00023775558725647183,-0.0002377838555968337,0.0,15050.490000000003,-15050.490000000003,-614912.594
2026-05-05 00:00:00,84.11,84.21,84.05,84.17,8691.696,84.11,84.21,84.05,84.17,8691.696,0.0008323424494649512,0.0008319962445823882,0.0,14796.341999999997,-14796.341999999997,-629708.936
2026-05-05 00:05:00,84.17,84.2,84.14,84.15,2498.032,84.17,84.2,84.14,84.15,2498.032,-0.0002376143519068341,-0.0002376425866696953,0.0,11739.316000000012,-11739.316000000012,-641448.252
2026-05-05 00:10:00,84.14,84.19,84.14,84.17,1878.627,84.14,84.19,84.14,84.17,1878.627,0.00023767082590597788,0.0002376425866695743,0.0,11580.550000000012,-11580.550000000012,-653028.802
2026-05-05 00:15:00,84.16,84.17,84.11,84.14,2503.355,84.16,84.17,84.11,84.14,2503.355,-0.0003564215278603067,-0.00035648506110992823,0.0,14062.701,-14062.701,-667091.503
2026-05-05 00:20:00,84.14,84.14,84.04,84.06,3838.265,84.14,84.14,84.04,84.06,3838.265,-0.000950796291894429,-0.0009512485854041575,0.0,14656.888000000015,-14656.888000000015,-681748.3910000001
2026-05-05 00:25:00,84.05,84.09,84.04,84.05,1558.177,84.05,84.09,84.04,84.05,1558.177,-0.0001189626457293036,-0.00011896972234608398,0.0,14195.663000000015,-14195.663000000015,-695944.0540000001
2026-05-05 00:30:00,84.06,84.26,84.06,84.23,6715.87,84.06,84.26,84.06,84.23,6715.87,0.002141582391433694,0.002139292472647742,0.0,17073.884,-17073.884,-713017.9380000001
2026-05-05 00:35:00,84.23,84.26,84.2,84.24,4947.338,84.23,84.26,84.2,84.24,4947.338,0.00011872254541134275,0.0001187154984476984,0.0,15455.406999999981,-15455.406999999981,-728473.3450000001
2026-05-05 00:40:00,84.23,84.25,84.16,84.25,4483.026,84.23,84.25,84.16,84.25,4483.026,0.00011870845204176028,0.00011870140675101873,0.0,17160.292000000005,-17160.292000000005,-745633.6370000001
2026-05-05 00:45:00,84.25,84.27,84.2,84.22,3912.727,84.25,84.27,84.2,84.22,3912.727,-0.00035608308605339367,-0.00035614649868937186,0.0,17818.356999999953,-17818.356999999953,-763451.9940000001
2026-05-05 00:50:00,84.21,84.38,84.21,84.34,6233.474,84.21,84.38,84.21,84.34,6233.474,0.0014248397055331985,0.0014238255846321577,0.0,19709.414999999986,-19709.414999999986,-783161.4090000001
2026-05-05 00:55:00,84.34,84.35,84.28,84.33,4529.811,84.34,84.35,84.28,84.33,4529.811,-0.00011856770215801227,-0.0001185747318636793,0.0,20287.011999999995,-20287.011999999995,-803448.4210000001
2026-05-05 01:00:00,84.33,84.34,84.14,84.23,7564.18,84.33,84.34,84.14,84.23,7564.18,-0.0011858176212498073,-0.0011865212592778254,0.0,19244.09999999997,-19244.09999999997,-822692.5210000001
2026-05-05 01:05:00,84.24,84.37,84.23,84.37,3958.718,84.24,84.37,84.23,84.37,3958.718,0.0016621156357592426,0.001660735850263042,0.0,17794.993,-17794.993,-840487.5140000001
2026-05-05 01:10:00,84.36,84.41,84.34,84.35,5035.077,84.36,84.41,84.34,84.35,5035.077,-0.000237051084508888,-0.00023707918555823199,0.0,16302.843000000017,-16302.843000000017,-856790.3570000001
2026-05-05 01:15:00,84.35,84.38,84.29,84.3,3603.07,84.35,84.38,84.29,84.3,3603.07,-0.0005927682276229973,-0.0005929439841675326,0.0,13885.458000000006,-13885.458000000006,-870675.8150000001
2026-05-05 01:20:00,84.31,84.4,84.3,84.38,5168.604,84.31,84.4,84.3,84.38,5168.604,0.0009489916963225653,0.0009485416883827491,0.0,16547.371999999978,-16547.371999999978,-887223.187
2026-05-05 01:25:00,84.39,84.39,84.32,84.34,2112.314,84.39,84.39,84.32,84.34,2112.314,-0.0004740459824602583,-0.00047415837777877134,0.0,16021.433999999994,-16021.433999999994,-903244.621
2026-05-05 01:30:00,84.35,84.35,84.2,84.25,2862.111,84.35,84.35,84.2,84.25,2862.111,-0.0010671093194214443,-0.0010676790859427507,0.0,15737.427999999996,-15737.427999999996,-918982.049
2026-05-05 01:35:00,84.25,84.41,84.23,84.32,6427.196,84.25,84.41,84.23,84.32,6427.196,0.0008308605341245112,0.0008305155605809724,0.0,17314.95600000002,-17314.95600000002,-936297.005
2026-05-05 01:40:00,84.32,84.41,84.31,84.36,4701.934,84.32,84.41,84.31,84.36,4701.934,0.0004743833017077925,0.0004742708175216634,0.0,13017.033000000038,-13017.033000000038,-949314.0380000001
2026-05-05 01:45:00,84.37,84.42,84.36,84.39,2293.635,84.37,84.42,84.36,84.39,2293.635,0.00035561877667134034,0.0003555555593012582,0.0,10830.991000000015,-10830.991000000015,-960145.0290000001
2026-05-05 01:50:00,84.38,84.47,84.38,84.43,4244.136,84.38,84.47,84.38,84.43,4244.136,0.00047398980921919964,0.0004738775115334823,0.0,16579.82599999999,-16579.82599999999,-976724.8550000001
2026-05-05 01:55:00,84.44,84.44,84.4,84.41,1664.675,84.44,84.44,84.4,84.41,1664.675,-0.00023688262465959564,-0.00023691068578007718,0.0,17312.15699999998,-17312.15699999998,-994037.0120000001
2026-05-05 02:00:00,84.41,84.62,84.34,84.61,11954.175,84.41,84.62,84.34,84.61,11954.175,0.0023693875133279363,0.0023665849407810565,0.0,19046.14600000002,-19046.14600000002,-1013083.1580000002
2026-05-05 02:05:00,84.61,84.61,84.49,84.53,6023.767,84.61,84.61,84.49,84.53,6023.767,-0.000945514714572715,-0.0009459619955731895,0.0,13516.611000000015,-13516.611000000015,-1026599.7690000002
2026-05-05 02:10:00,84.53,84.58,84.49,84.58,3958.538,84.53,84.58,84.49,84.58,3958.538,0.0005915059742103157,0.0005913311035061986,0.0,12088.726000000004,-12088.726000000004,-1038688.4950000002
2026-05-05 02:15:00,84.59,84.61,84.56,84.57,1569.592,84.59,84.61,84.56,84.57,1569.592,-0.00011823126034526954,-0.00011823825021168353,0.0,14034.489,-14034.489,-1052722.9840000002
2026-05-05 02:20:00,84.57,84.6,84.52,84.6,1963.697,84.57,84.6,84.52,84.6,1963.697,0.0003547357218871561,0.0003546728180466845,0.0,15237.592999999993,-15237.592999999993,-1067960.577
2026-05-05 02:25:00,84.6,84.68,84.52,84.54,4584.761,84.6,84.68,84.52,84.54,4584.761,-0.0007092198581558629,-0.0007094714735335797,0.0,18800.69599999999,-18800.69599999999,-1086761.273
2026-05-05 02:30:00,84.54,84.62,84.53,84.62,3370.48,84.54,84.62,84.53,84.62,3370.48,0.000946297610598501,0.0009458501532775353,0.0,22574.93999999997,-22574.93999999997,-1109336.213
2026-05-05 02:35:00,84.62,84.77,84.62,84.71,5464.648,84.62,84.77,84.62,84.71,5464.648,0.00106357835027171,0.0010630131515380517,0.0,25739.84799999999,-25739.84799999999,-1135076.061
2026-05-05 02:40:00,84.71,84.73,84.61,84.73,12507.081,84.71,84.73,84.61,84.73,12507.081,0.00023609963404558343,0.00023607176691317877,0.0,26616.97700000008,-26616.97700000008,-1161693.0380000002
2026-05-05 02:45:00,84.74,84.8,84.42,84.45,12215.822,84.74,84.8,84.42,84.45,12215.822,-0.0033046146583264324,-0.0033100869565636285,0.0,20735.736999999957,-20735.736999999957,-1182428.7750000001
2026-05-05 02:50:00,84.45,84.51,84.45,84.47,5062.067,84.45,84.51,84.45,84.47,5062.067,0.00023682652457068798,0.00023679848559614576,0.0,13827.67599999999,-13827.67599999999,-1196256.4510000001
2026-05-05 02:55:00,84.47,84.51,84.44,84.51,1844.186,84.47,84.51,84.44,84.51,1844.186,0.0004735409020955039,0.0004734288169857186,0.0,12197.973999999987,-12197.973999999987,-1208454.425
2026-05-05 03:00:00,84.51,84.54,84.41,84.41,5080.671,84.51,84.54,84.41,84.41,5080.671,-0.0011832919181162804,-0.0011839925607624096,0.0,12066.694000000001,-12066.694000000001,-1220521.119
2026-05-05 03:05:00,84.42,84.46,84.41,84.46,1661.676,84.42,84.46,84.41,84.46,1661.676,0.0005923468783319841,0.0005921715101689545,0.0,13826.664999999999,-13826.664999999999,-1234347.784
2026-05-05 03:10:00,84.46,84.64,84.45,84.6,3851.048,84.46,84.64,84.45,84.6,3851.048,0.001657589391427905,0.0016562171063800892,0.0,14195.892999999991,-14195.892999999991,-1248543.677
2026-05-05 03:15:00,84.6,84.67,84.56,84.66,4072.321,84.6,84.67,84.56,84.66,4072.321,0.0007092198581559739,0.000708968480599987,0.0,21658.943999999985,-21658.943999999985,-1270202.6209999998
2026-05-05 03:20:00,84.67,84.75,84.66,84.71,5424.013,84.67,84.75,84.66,84.71,5424.013,0.0005905976848570305,0.0005904233506818809,0.0,21126.171999999988,-21126.171999999988,-1291328.7929999998
2026-05-05 03:25:00,84.7,84.72,84.66,84.71,10170.409,84.7,84.72,84.66,84.71,10170.409,0.0,0.0,0.0,32820.66500000001,-32820.66500000001,-1324149.4579999999
2026-05-05 03:30:00,84.7,84.74,84.66,84.69,4248.801,84.7,84.74,84.66,84.69,4248.801,-0.0002360996340454724,-0.00023612750995181782,0.0,29564.018000000007,-29564.018000000007,-1353713.4759999998
2026-05-05 03:35:00,84.7,84.97,84.7,84.81,25303.563,84.7,84.97,84.7,84.81,25303.563,0.00141693234148077,0.0014159294401010919,0.0,30325.627999999993,-30325.627999999993,-1384039.1039999998
2026-05-05 03:40:00,84.8,84.9,84.8,84.82,6657.831,84.8,84.9,84.8,84.82,6657.831,0.00011791062374699735,0.00011790367283578662,0.0,15909.749000000016,-15909.749000000016,-1399948.853
2026-05-05 03:45:00,84.82,84.87,84.75,84.81,5596.13,84.82,84.87,84.75,84.81,5596.13,-0.00011789672247097815,-0.00011790367283585172,0.0,18196.134999999984,-18196.134999999984,-1418144.988
2026-05-05 03:50:00,84.81,84.81,84.76,84.77,4116.627,84.81,84.81,84.76,84.77,4116.627,-0.00047164249498887756,-0.0004717537532945558,0.0,20796.722,-20796.722,-1438941.71
2026-05-05 03:55:00,84.77,84.81,84.72,84.78,9842.516,84.77,84.81,84.72,84.78,9842.516,0.0001179662616492827,0.00011795930417699823,0.0,26992.501999999957,-26992.501999999957,-1465934.2119999998
2026-05-05 04:00:00,84.77,84.88,84.74,84.81,13775.232,84.77,84.88,84.74,84.81,13775.232,0.00035385704175516786,0.0003537944491176297,0.0,23665.56099999994,-23665.56099999994,-1489599.7729999998
2026-05-05 04:05:00,84.81,84.9,84.78,84.78,5738.583,84.81,84.9,84.78,84.78,5738.583,-0.00035373187124165817,-0.0003537944491176521,0.0,27437.783000000003,-27437.783000000003,-1517037.5559999999
2026-05-05 04:10:00,84.78,84.79,84.68,84.71,4295.674,84.78,84.79,84.68,84.71,4295.674,-0.0008256664307620953,-0.000826007481031634,0.0,23718.201000000023,-23718.201000000023,-1540755.757
2026-05-05 04:15:00,84.71,84.76,84.7,84.71,5627.658,84.71,84.76,84.7,84.71,5627.658,0.0,0.0,0.0,26092.885000000057,-26092.885000000057,-1566848.642
2026-05-05 04:20:00,84.72,84.72,84.64,84.65,14719.267,84.72,84.72,84.64,84.65,14719.267,-0.0007082989021365282,-0.0007085498643150665,0.0,24073.64100000001,-24073.64100000001,-1590922.283
2026-05-05 04:25:00,84.64,84.9,84.6,84.69,34416.001,84.64,84.9,84.6,84.69,34416.001,0.0004725339633784298,0.0004724223543631395,0.0,30643.197,-30643.197,-1621565.48
2026-05-05 04:30:00,84.69,84.69,84.59,84.64,4010.051,84.69,84.69,84.59,84.64,4010.051,-0.0005903884756168765,-0.0005905628235183187,0.0,12923.760000000018,-12923.760000000018,-1634489.24
2026-05-05 04:35:00,84.64,84.71,84.63,84.7,2653.265,84.64,84.71,84.63,84.7,2653.265,0.0007088846880907163,0.000708633548019437,0.0,14241.241000000013,-14241.241000000013,-1648730.481
2026-05-05 04:40:00,84.7,84.7,84.65,84.65,2572.157,84.7,84.7,84.65,84.65,2572.157,-0.0005903187721368885,-0.0005904930788643216,0.0,12955.295000000004,-12955.295000000004,-1661685.7759999998
2026-05-05 04:45:00,84.66,84.85,84.6,84.82,5897.068,84.66,84.85,84.6,84.82,5897.068,0.0020082693443590482,0.002006255467300255,0.0,16038.910999999995,-16038.910999999995,-1677724.687
2026-05-05 04:50:00,84.82,84.88,84.77,84.8,3935.647,84.82,84.88,84.77,84.8,3935.647,-0.00023579344494217835,-0.00023582124858721458,0.0,15807.652000000006,-15807.652000000006,-1693532.339
2026-05-05 04:55:00,84.79,84.81,84.77,84.78,4404.986,84.79,84.81,84.77,84.78,4404.986,-0.0002358490566036764,-0.00023587687336621758,0.0,20385.508999999987,-20385.508999999987,-1713917.848
2026-05-05 05:00:00,84.78,84.8,84.73,84.75,7103.966,84.78,84.8,84.73,84.75,7103.966,-0.00035385704175516786,-0.0003539196639314688,0.0,18906.825000000004,-18906.825000000004,-1732824.673
2026-05-05 05:05:00,84.76,84.84,84.72,84.83,6216.054,84.76,84.84,84.72,84.83,6216.054,0.0009439528023598154,0.0009435075590836698,0.0,18623.155999999988,-18623.155999999988,-1751447.829
2026-05-05 05:10:00,84.84,84.93,84.82,84.84,10317.896,84.84,84.93,84.82,84.84,10317.896,0.00011788282447255938,0.0001178758768384057,0.0,16172.268999999953,-16172.268999999953,-1767620.0979999998
2026-05-05 05:15:00,84.84,84.92,84.84,84.86,4530.325,84.84,84.92,84.84,84.86,4530.325,0.00023573785950015136,0.00023571007769701327,0.0,21289.868999999973,-21289.868999999973,-1788909.9669999997
2026-05-05 05:20:00,84.86,85.01,84.84,84.98,13257.722,84.86,85.01,84.84,84.98,13257.722,0.0014140938015556603,0.0014130949124868696,0.0,23921.589999999982,-23921.589999999982,-1812831.5569999998
2026-05-05 05:25:00,84.98,85.0,84.9,84.94,5852.587,84.98,85.0,84.9,84.94,5852.587,-0.0004706989879972312,-0.00047080980154046143,0.0,21219.04000000006,-21219.04000000006,-1834050.5969999998
2026-05-05 05:30:00,84.94,84.98,84.89,84.98,12985.448,84.94,84.98,84.89,84.98,12985.448,0.00047092064987053206,0.0004708098015404412,0.0,48910.85599999996,-48910.85599999996,-1882961.4529999997
2026-05-05 05:35:00,84.98,85.12,84.95,85.02,48435.186,84.98,85.12,84.95,85.02,48435.186,0.00047069898799700916,0.000470588243978394,0.0,52500.397000000004,-52500.397000000004,-1935461.8499999999
2026-05-05 05:40:00,85.02,85.07,84.93,84.94,11042.535,85.02,85.07,84.93,84.94,11042.535,-0.0009409550693953994,-0.0009413980455189296,0.0,18793.25299999995,-18793.25299999995,-1954255.103
2026-05-05 05:45:00,84.94,84.94,84.85,84.88,5974.526,84.94,84.94,84.85,84.88,5974.526,-0.0007063809748057981,-0.0007066305793974602,0.0,24727.616999999984,-24727.616999999984,-1978982.72
2026-05-05 05:50:00,84.89,85.05,84.89,85.05,14047.773,84.89,85.05,84.89,85.05,14047.773,0.002002827521206507,0.0020008245361431715,0.0,37968.57699999997,-37968.57699999997,-2016951.297
2026-05-05 05:55:00,85.05,85.09,84.92,84.92,28452.605,85.05,85.09,84.92,84.92,28452.605,-0.0015285126396237247,-0.001529682006815396,0.0,32933.538,-32933.538,-2049884.835
2026-05-05 06:00:00,84.93,84.98,84.79,84.82,6706.998,84.93,84.98,84.79,84.82,6706.998,-0.0011775788977862467,-0.001178272788610787,0.0,14962.663000000002,-14962.663000000002,-2064847.498
2026-05-05 06:05:00,84.82,84.86,84.78,84.84,2730.181,84.82,84.86,84.78,84.84,2730.181,0.0002357934449424004,0.0002357656500372133,0.0,16518.593999999983,-16518.593999999983,-2081366.092
2026-05-05 06:10:00,84.83,84.87,84.81,84.82,5263.894,84.83,84.87,84.81,84.82,5263.894,-0.0002357378595003734,-0.00023576565003718123,0.0,18530.064000000006,-18530.064000000006,-2099896.156
2026-05-05 06:15:00,84.83,84.84,84.73,84.74,3460.429,84.83,84.84,84.73,84.74,3460.429,-0.0009431737797689355,-0.0009436188480315077,0.0,16042.80200000001,-16042.80200000001,-2115938.958
2026-05-05 06:20:00,84.74,84.74,84.58,84.64,8979.443,84.74,84.74,84.58,84.64,8979.443,-0.0011800802454565718,-0.0011807770884237894,0.0,15784.149000000003,-15784.149000000003,-2131723.1070000003
2026-05-05 06:25:00,84.63,84.66,84.62,84.63,2822.168,84.63,84.66,84.62,84.63,2822.168,-0.00011814744801519339,-0.00011815442797471133,0.0,22929.011000000024,-22929.011000000024,-2154652.1180000002
2026-05-05 06:30:00,84.62,84.72,84.62,84.69,3936.943,84.62,84.72,84.62,84.69,3936.943,0.0007089684509040683,0.0007087172514931726,0.0,29402.771000000008,-29402.771000000008,-2184054.8890000004
2026-05-05 06:35:00,84.69,84.75,84.6,84.6,11362.459,84.69,84.75,84.6,84.6,11362.459,-0.0010626992561105775,-0.0010632643213301114,0.0,36855.523,-36855.523,-2220910.4120000005
2026-05-05 06:40:00,84.61,84.64,84.54,84.6,14024.636,84.61,84.64,84.54,84.6,14024.636,0.0,0.0,0.0,28368.852999999974,-28368.852999999974,-2249279.2650000006
2026-05-05 06:45:00,84.6,84.76,84.56,84.73,12008.852,84.6,84.76,84.56,84.73,12008.852,0.0015366430260048691,0.0015354635981952706,0.0,33471.07900000003,-33471.07900000003,-2282750.3440000005
2026-05-05 06:50:00,84.73,84.82,84.72,84.82,8366.248,84.73,84.82,84.72,84.82,8366.248,0.0010621975687477025,0.0010616338360718454,0.0,39606.398000000016,-39606.398000000016,-2322356.7420000006
2026-05-05 06:55:00,84.81,85.0,84.79,84.98,19183.74,84.81,85.0,84.79,84.98,19183.74,0.001886347559537871,0.00188457064022088,0.0,38180.875999999975,-38180.875999999975,-2360537.6180000007
2026-05-05 07:00:00,84.99,85.03,84.8,84.9,17853.576,84.99,85.03,84.8,84.9,17853.576,-0.0009413979759943514,-0.0009418413693638764,0.0,34352.423999999955,-34352.423999999955,-2394890.042000001
2026-05-05 07:05:00,84.89,84.89,84.78,84.78,8793.727,84.89,84.89,84.78,84.78,8793.727,-0.001413427561837488,-0.0014144273928105913,0.0,24104.70799999994,-24104.70799999994,-2418994.750000001
2026-05-05 07:10:00,84.79,84.97,84.78,84.9,13856.066,84.79,84.97,84.78,84.9,13856.066,0.0014154281670206714,0.0014144273928107065,0.0,19456.219000000016,-19456.219000000016,-2438450.969000001
2026-05-05 07:15:00,84.91,84.92,84.87,84.9,4401.292,84.91,84.92,84.87,84.9,4401.292,0.0,0.0,0.0,12689.630999999996,-12689.630999999996,-2451140.600000001
2026-05-05 07:20:00,84.91,85.03,84.91,84.98,6394.718,84.91,85.03,84.91,84.98,6394.718,0.000942285041224844,0.0009418413693637502,0.0,11338.48399999995,-11338.48399999995,-2462479.084000001
2026-05-05 07:25:00,84.98,85.0,84.93,84.93,2672.005,84.98,85.0,84.93,84.93,2672.005,-0.000588373734996428,-0.0005885468947475425,0.0,10219.684999999994,-10219.684999999994,-2472698.7690000013
2026-05-05 07:30:00,84.94,85.02,84.93,85.02,3010.986,84.94,85.02,84.93,85.02,3010.986,0.0010596962204167948,0.0010591351387261258,0.0,10909.822999999975,-10909.822999999975,-2483608.592000001
2026-05-05 07:35:00,85.02,85.06,85.0,85.05,6476.832,85.02,85.06,85.0,85.05,6476.832,0.0003528581510232609,0.0003527959112266717,0.0,14577.698000000037,-14577.698000000037,-2498186.290000001
2026-05-05 07:40:00,85.05,85.06,85.0,85.0,18788.464,85.05,85.06,85.0,85.0,18788.464,-0.0005878894767783471,-0.0005880623515542952,0.0,21997.608000000015,-21997.608000000015,-2520183.898000001
2026-05-05 07:45:00,85.0,85.01,84.86,84.94,7281.799,85.0,85.01,84.86,84.94,7281.799,-0.0007058823529412228,-0.0007061316051913985,0.0,12099.905999999944,-12099.905999999944,-2532283.804000001
2026-05-05 07:50:00,84.94,84.95,84.92,84.92,2969.266,84.94,84.95,84.92,84.92,2969.266,-0.000235460324935155,-0.00023548805006966248,0.0,13221.755999999976,-13221.755999999976,-2545505.560000001
2026-05-05 07:55:00,84.93,84.93,84.87,84.87,4102.961,84.93,84.93,84.87,84.87,4102.961,-0.0005887894488930678,-0.0005889628534698293,0.0,13136.879000000006,-13136.879000000006,-2558642.439000001
2026-05-05 08:00:00,84.88,84.91,84.85,84.86,5813.211,84.88,84.91,84.85,84.86,5813.211,-0.00011782726522924225,-0.00011783420740678184,0.0,14499.904999999999,-14499.904999999999,-2573142.344000001
2026-05-05 08:05:00,84.87,84.89,84.85,84.87,1037.879,84.87,84.89,84.85,84.87,1037.879,0.00011784115012969387,0.0001178342074067822,0.0,11445.13400000001,-11445.13400000001,-2584587.478000001
2026-05-05 08:10:00,84.88,84.89,84.84,84.86,5906.469,84.88,84.89,84.84,84.86,5906.469,-0.00011782726522924225,-0.00011783420740678184,0.0,13576.067000000006,-13576.067000000006,-2598163.545000001
2026-05-05 08:15:00,84.86,84.89,84.73,84.77,2334.114,84.86,84.89,84.73,84.77,2334.114,-0.0010605703511666897,-0.0010611331538646692,0.0,12319.250000000002,-12319.250000000002,-2610482.795000001
2026-05-05 08:20:00,84.77,84.84,84.76,84.84,2716.415,84.77,84.84,84.76,84.84,2716.415,0.0008257638315443128,0.0008254230761676434,0.0,11460.379000000014,-11460.379000000014,-2621943.174000001
2026-05-05 08:25:00,84.84,84.86,84.74,84.79,4722.889,84.84,84.86,84.74,84.79,4722.889,-0.0005893446487506004,-0.0005895183805700714,0.0,14104.044000000025,-14104.044000000025,-2636047.2180000013
2026-05-05 08:30:00,84.8,84.84,84.8,84.83,3350.205,84.8,84.84,84.8,84.83,3350.205,0.0004717537445453335,0.00047164250373172575,0.0,13913.27699999999,-13913.27699999999,-2649960.495000001
2026-05-05 08:35:00,84.83,84.85,84.76,84.76,2284.713,84.83,84.85,84.76,84.76,2284.713,-0.0008251797713072495,-0.0008255204195449855,0.0,14745.085999999996,-14745.085999999996,-2664705.581000001
2026-05-05 08:40:00,84.76,84.78,84.69,84.72,6853.823,84.76,84.78,84.69,84.72,6853.823,-0.00047192071731960716,-0.0004720321069474188,0.0,14677.109999999991,-14677.109999999991,-2679382.691000001
2026-05-05 08:45:00,84.72,84.78,84.71,84.76,4407.127,84.72,84.78,84.71,84.76,4407.127,0.00047214353163371747,0.0004720321069474027,0.0,12606.092000000006,-12606.092000000006,-2691988.783000001
2026-05-05 08:50:00,84.76,84.8,84.76,84.79,2980.082,84.76,84.8,84.76,84.79,2980.082,0.00035394053798953884,0.0003538779158132381,0.0,12792.401000000007,-12792.401000000007,-2704781.1840000013
2026-05-05 08:55:00,84.79,84.8,84.74,84.78,2710.177,84.79,84.8,84.74,84.78,2710.177,-0.00011793843613638888,-0.00011794539142061697,0.0,13745.351000000002,-13745.351000000002,-2718526.535000001
2026-05-05 09:00:00,84.79,84.8,84.68,84.69,3574.334,84.79,84.8,84.68,84.69,3574.334,-0.0010615711252653925,-0.001062134990983423,0.0,13879.136000000013,-13879.136000000013,-2732405.671000001
2026-05-05 09:05:00,84.69,84.7,84.64,84.68,4884.601,84.69,84.7,84.64,84.68,4884.601,-0.00011807769512328647,-0.00011808466684313776,0.0,19963.745,-19963.745,-2752369.416000001
2026-05-05 09:10:00,84.68,84.69,84.59,84.61,4192.029,84.68,84.69,84.59,84.61,4192.029,-0.0008266414737837513,-0.0008269833302549828,0.0,22366.65,-22366.65,-2774736.066000001
2026-05-05 09:15:00,84.6,84.65,84.59,84.6,4899.35,84.6,84.65,84.59,84.6,4899.35,-0.00011818933932161713,-0.00011819632423194848,0.0,24306.689000000024,-24306.689000000024,-2799042.7550000013
2026-05-05 09:20:00,84.59,84.61,84.51,84.53,13954.144,84.59,84.61,84.51,84.53,13954.144,-0.0008274231678486732,-0.000827765671341269,0.0,24781.469000000026,-24781.469000000026,-2823824.2240000013
2026-05-05 09:25:00,84.53,84.6,84.52,84.58,5746.067,84.53,84.6,84.52,84.58,5746.067,0.0005915059742103157,0.0005913311035061986,0.0,18239.748,-18239.748,-2842063.9720000015
2026-05-05 09:30:00,84.57,84.66,84.54,84.55,6085.97,84.57,84.66,84.54,84.55,6085.97,-0.0003546937810356976,-0.0003547566997532087,0.0,16804.318000000017,-16804.318000000017,-2858868.2900000014
2026-05-05 09:35:00,84.54,84.55,84.45,84.48,8421.766,84.54,84.55,84.45,84.48,8421.766,-0.0008279124778236557,-0.0008282553866378449,0.0,14485.89200000002,-14485.89200000002,-2873354.1820000014
2026-05-05 09:40:00,84.49,84.53,84.48,84.51,2594.374,84.49,84.53,84.48,84.51,2594.374,0.0003551136363637575,0.00035505059843970115,0.0,11773.322000000007,-11773.322000000007,-2885127.5040000016
2026-05-05 09:45:00,84.51,84.56,84.51,84.52,6899.427,84.51,84.56,84.51,84.52,6899.427,0.0001183291918114282,0.00011832219146483563,0.0,12319.269000000002,-12319.269000000002,-2897446.7730000014
2026-05-05 09:50:00,84.53,84.53,84.47,84.51,4475.282,84.53,84.53,84.47,84.51,4475.282,-0.00011831519167049276,-0.00011832219146490956,0.0,14739.627000000015,-14739.627000000015,-2912186.4000000013
2026-05-05 09:55:00,84.51,84.54,84.49,84.53,4272.552,84.51,84.54,84.49,84.53,4272.552,0.0002366583836233005,0.00023663038444543725,0.0,18136.88699999999,-18136.88699999999,-2930323.2870000014
2026-05-05 10:00:00,84.54,84.54,84.43,84.52,7101.522,84.54,84.54,84.43,84.52,7101.522,-0.00011830119484212975,-0.00011830819298041114,0.0,18162.02399999999,-18162.02399999999,-2948485.3110000016
2026-05-05 10:05:00,84.51,84.62,84.51,84.61,9869.371,84.51,84.62,84.51,84.61,9869.371,0.001064836725035434,0.001064270188553509,0.0,17069.162000000026,-17069.162000000026,-2965554.4730000016
2026-05-05 10:10:00,84.61,84.66,84.6,84.6,5512.319,84.61,84.66,84.6,84.6,5512.319,-0.00011818933932161713,-0.00011819632423194848,0.0,11735.518999999998,-11735.518999999998,-2977289.9920000015
2026-05-05 10:15:00,84.6,84.71,84.6,84.71,2156.445,84.6,84.71,84.6,84.71,2156.445,0.0013002364066194705,0.0012993918312820523,0.0,10577.596999999985,-10577.596999999985,-2987867.5890000015
2026-05-05 10:20:00,84.7,84.76,84.7,84.74,3344.12,84.7,84.76,84.7,84.74,3344.12,0.00035414945106837514,0.0003540867549536221,0.0,13527.495999999986,-13527.495999999986,-3001395.0850000014
2026-05-05 10:25:00,84.74,84.82,84.74,84.79,4795.217,84.74,84.82,84.74,84.79,4795.217,0.0005900401227285634,0.0005898661174986956,0.0,14119.760999999993,-14119.760999999993,-3015514.8460000013
2026-05-05 10:30:00,84.79,84.9,84.76,84.9,5418.249,84.79,84.9,84.76,84.9,5418.249,0.0012973227974997226,0.0012964820013900114,0.0,12930.424000000008,-12930.424000000008,-3028445.2700000014
2026-05-05 10:35:00,84.9,84.93,84.82,84.88,5277.094,84.9,84.93,84.82,84.88,5277.094,-0.00023557126030637754,-0.0002355990115740717,0.0,12624.536000000027,-12624.536000000027,-3041069.8060000013
2026-05-05 10:40:00,84.88,84.91,84.83,84.83,2836.301,84.88,84.91,84.83,84.83,2836.301,-0.0005890669180018682,-0.000589240486084301,0.0,13031.33100000001,-13031.33100000001,-3054101.1370000015
2026-05-05 10:45:00,84.84,84.86,84.83,84.85,2853.313,84.84,84.86,84.83,84.85,2853.313,0.0002357656489448967,0.00023573786059189242,0.0,12332.476000000008,-12332.476000000008,-3066433.6130000013
2026-05-05 10:50:00,84.84,84.85,84.76,84.76,5578.672,84.84,84.85,84.76,84.76,5578.672,-0.0010606953447258594,-0.0010612582801368732,0.0,12932.632000000001,-12932.632000000001,-3079366.2450000015
2026-05-05 10:55:00,84.77,84.91,84.76,84.9,3607.811,84.77,84.91,84.76,84.9,3607.811,0.001651722510618292,0.001650359917203387,0.0,12472.080999999998,-12472.080999999998,-3091838.3260000013
2026-05-05 11:00:00,84.9,84.93,84.83,84.91,8436.596,84.9,84.93,84.83,84.91,8436.596,0.00011778563015307775,0.00011777869397039222,0.0,15854.497999999992,-15854.497999999992,-3107692.8240000014
2026-05-05 11:05:00,84.9,84.91,84.86,84.89,5082.143,84.9,84.91,84.86,84.89,5082.143,-0.00023554351666466022,-0.0002355712613955948,0.0,19104.813999999984,-19104.813999999984,-3126797.638000001
2026-05-05 11:10:00,84.9,84.92,84.84,84.9,7435.779,84.9,84.92,84.84,84.9,7435.779,0.00011779950524215543,0.00011779256742528003,0.0,16835.074000000015,-16835.074000000015,-3143632.712000001
2026-05-05 11:15:00,84.9,84.9,84.7,84.74,6365.675,84.9,84.9,84.7,84.74,6365.675,-0.0018845700824500211,-0.0018863481188885521,0.0,12188.332000000004,-12188.332000000004,-3155821.044000001
2026-05-05 11:20:00,84.74,84.84,84.73,84.82,2858.859,84.74,84.84,84.73,84.82,2858.859,0.0009440641963653906,0.0009436188480315324,0.0,9371.05900000001,-9371.05900000001,-3165192.103000001
2026-05-05 11:25:00,84.82,84.9,84.82,84.85,1984.734,84.82,84.9,84.82,84.85,1984.734,0.00035369016741326753,0.00035362763379058893,0.0,16193.40599999999,-16193.40599999999,-3181385.509000001
2026-05-05 11:30:00,84.86,84.9,84.81,84.9,2934.026,84.86,84.9,84.81,84.9,2934.026,0.0005892751915146377,0.0005891016370665104,0.0,16442.363,-16442.363,-3197827.872000001
2026-05-05 11:35:00,84.9,84.97,84.86,84.9,8466.649,84.9,84.97,84.86,84.9,8466.649,0.0,0.0,0.0,22096.934000000023,-22096.934000000023,-3219924.806000001
2026-05-05 11:40:00,84.89,84.96,84.89,84.96,4147.965,84.89,84.96,84.89,84.96,4147.965,0.0007067137809186885,0.0007064641763270316,0.0,16458.682999999997,-16458.682999999997,-3236383.489000001
2026-05-05 11:45:00,84.96,85.01,84.91,84.95,9454.335,84.96,85.01,84.91,84.95,9454.335,-0.00011770244821085463,-0.00011770937568760469,0.0,14450.423999999992,-14450.423999999992,-3250833.913000001
2026-05-05 11:50:00,84.95,84.95,84.84,84.89,2676.636,84.95,84.95,84.84,84.89,2676.636,-0.0007062978222484029,-0.0007065473680646223,0.0,8223.629000000004,-8223.629000000004,-3259057.5420000013
2026-05-05 11:55:00,84.89,84.97,84.89,84.97,2260.199,84.89,84.97,84.89,84.97,2260.199,0.0009423960419365773,0.0009419522655734892,0.0,9344.178,-9344.178,-3268401.720000001
2026-05-05 12:00:00,84.97,84.98,84.9,84.97,3196.09,84.97,84.98,84.9,84.97,3196.09,0.0,0.0,0.0,9039.253000000008,-9039.253000000008,-3277440.973000001
2026-05-05 12:05:00,84.96,85.01,84.94,84.97,4740.849,84.96,85.01,84.94,84.97,4740.849,0.0,0.0,0.0,11032.287999999982,-11032.287999999982,-3288473.2610000013
2026-05-05 12:10:00,84.96,85.09,84.96,85.08,5684.395,84.96,85.09,84.96,85.08,5684.395,0.0012945745557255695,0.0012937373165864954,0.0,14256.328999999983,-14256.328999999983,-3302729.5900000012
2026-05-05 12:15:00,85.08,85.14,85.03,85.07,9900.343,85.08,85.14,85.03,85.07,9900.343,-0.00011753643629530686,-0.00011754334424353107,0.0,15637.771999999972,-15637.771999999972,-3318367.362000001
2026-05-05 12:20:00,85.06,85.1,85.06,85.06,4651.657,85.06,85.1,85.06,85.06,4651.657,-0.00011755025273296749,-0.00011755716230541291,0.0,11690.681000000015,-11690.681000000015,-3330058.043000001
2026-05-05 12:25:00,85.06,85.26,85.06,85.22,10954.826,85.06,85.26,85.06,85.22,10954.826,0.001881025158711358,0.0018792582462783584,0.0,12302.168000000001,-12302.168000000001,-3342360.211000001
2026-05-05 12:30:00,85.22,85.29,85.21,85.21,13291.931,85.22,85.29,85.21,85.21,13291.931,-0.00011734334663227042,-0.00011735023190140213,0.0,23371.589999999993,-23371.589999999993,-3365731.801000001
2026-05-05 12:35:00,85.22,85.23,85.14,85.22,12458.913,85.22,85.23,85.14,85.22,12458.913,0.00011735711770932689,0.00011735023190151547,0.0,20316.95900000001,-20316.95900000001,-3386048.7600000007
2026-05-05 12:40:00,85.23,85.25,85.21,85.22,5605.091,85.23,85.25,85.21,85.22,5605.091,0.0,0.0,0.0,15366.073999999997,-15366.073999999997,-3401414.8340000007
2026-05-05 12:45:00,85.23,85.29,85.21,85.27,6788.82,85.23,85.29,85.21,85.27,6788.82,0.0005867167331612411,0.0005865446821922543,0.0,17614.16500000004,-17614.16500000004,-3419028.999000001
2026-05-05 12:50:00,85.27,85.34,85.25,85.33,10009.332,85.27,85.34,85.25,85.33,10009.332,0.0007036472381847236,0.0007033997945353777,0.0,15098.152000000027,-15098.152000000027,-3434127.151000001
2026-05-05 12:55:00,85.34,85.35,85.31,85.31,5092.316,85.34,85.35,85.31,85.31,5092.316,-0.00023438415563103998,-0.00023441162789003742,0.0,17112.612000000005,-17112.612000000005,-3451239.763000001
2026-05-05 13:00:00,85.31,85.75,85.31,85.72,48662.566,85.31,85.75,85.31,85.72,48662.566,0.004806001641073587,0.00479448968477274,0.0,25752.840000000124,-25752.840000000124,-3476992.6030000015
2026-05-05 13:05:00,85.73,86.1,85.72,85.95,80292.969,85.73,86.1,85.72,85.95,80292.969,0.002683154456369685,0.002679561223482103,0.0,16309.540999999952,-16309.540999999952,-3493302.1440000013
2026-05-05 13:10:00,85.95,86.0,85.89,85.9,21975.031,85.95,86.0,85.89,85.9,21975.031,-0.0005817335660267542,-0.0005819028386485693,0.0,15603.020999999972,-15603.020999999972,-3508905.1650000014
2026-05-05 13:15:00,85.9,85.94,85.81,85.83,25077.135,85.9,85.94,85.81,85.83,25077.135,-0.0008149010477299656,-0.0008152332600811514,0.0,25262.44100000004,-25262.44100000004,-3534167.6060000015
2026-05-05 13:20:00,85.83,85.98,85.78,85.86,50570.232,85.83,85.98,85.78,85.86,50570.232,0.0003495281370149428,0.0003494670662858712,0.0,34837.34700000006,-34837.34700000006,-3569004.9530000016
2026-05-05 13:25:00,85.85,85.87,85.66,85.7,19877.747,85.85,85.87,85.66,85.7,19877.747,-0.001863498718844614,-0.0018652371926804188,0.0,27743.779000000057,-27743.779000000057,-3596748.7320000017
2026-05-05 13:30:00,85.69,85.79,85.63,85.7,22401.202,85.69,85.79,85.63,85.7,22401.202,0.0,0.0,0.0,20463.00900000006,-20463.00900000006,-3617211.741000002
2026-05-05 13:35:00,85.7,85.71,85.53,85.53,16800.001,85.7,85.71,85.53,85.53,16800.001,-0.0019836639439906323,-0.0019856340110437566,0.0,25713.45800000003,-25713.45800000003,-3642925.199000002
2026-05-05 13:40:00,85.53,85.54,85.4,85.54,23187.138,85.53,85.54,85.4,85.54,23187.138,0.00011691804045366183,0.0001169112060722732,0.0,24267.377000000102,-24267.377000000102,-3667192.576000002
2026-05-05 13:45:00,85.55,85.87,85.53,85.85,9962.348,85.55,85.87,85.53,85.85,9962.348,0.0036240355389289824,0.0036174845447217953,0.0,8925.501999999993,-8925.501999999993,-3676118.078000002
2026-05-05 13:50:00,85.86,85.97,85.65,85.65,13276.012,85.86,85.97,85.65,85.65,13276.012,-0.002329644729178626,-0.0023323625733554483,0.0,17276.979999999974,-17276.979999999974,-3693395.058000002
2026-05-05 13:55:00,85.65,85.68,85.44,85.63,20439.526,85.65,85.68,85.44,85.63,20439.526,-0.00023350846468195297,-0.00023353573202834543,0.0,20275.005999999987,-20275.005999999987,-3713670.064000002
2026-05-05 14:00:00,85.63,85.74,85.52,85.72,10891.563,85.63,85.74,85.52,85.72,10891.563,0.001051033516290989,0.0010504815672755605,0.0,13497.266999999993,-13497.266999999993,-3727167.331000002
2026-05-05 14:05:00,85.71,85.75,85.61,85.64,11415.379,85.71,85.75,85.61,85.64,11415.379,-0.0009332711152589823,-0.0009337068838942209,0.0,14412.148999999969,-14412.148999999969,-3741579.480000002
2026-05-05 14:10:00,85.63,85.72,85.38,85.39,16655.532,85.63,85.72,85.38,85.39,16655.532,-0.0029191966370855083,-0.002923465801967301,0.0,19753.424999999992,-19753.424999999992,-3761332.9050000017
2026-05-05 14:15:00,85.4,85.55,85.19,85.34,22872.952,85.4,85.55,85.19,85.34,22872.952,-0.0005855486590935488,-0.0005857201596608512,0.0,20204.776000000038,-20204.776000000038,-3781537.6810000017
2026-05-05 14:20:00,85.34,85.51,85.21,85.51,20074.476,85.34,85.51,85.21,85.51,20074.476,0.0019920318725099584,0.001990050408010009,0.0,22239.834000000017,-22239.834000000017,-3803777.5150000015
2026-05-05 14:25:00,85.5,85.63,85.5,85.58,5356.423,85.5,85.63,85.5,85.58,5356.423,0.000818617705531377,0.00081828282080672,0.0,10433.636999999995,-10433.636999999995,-3814211.1520000016
2026-05-05 14:30:00,85.58,85.7,85.52,85.56,5097.755,85.58,85.7,85.52,85.56,5097.755,-0.00023369946249118811,-0.0002337267744658512,0.0,11276.340000000002,-11276.340000000002,-3825487.4920000015
2026-05-05 14:35:00,85.56,85.61,85.24,85.34,9274.476,85.56,85.61,85.24,85.34,9274.476,-0.002571294997662399,-0.0025746064543509107,0.0,14217.432000000004,-14217.432000000004,-3839704.9240000015
2026-05-05 14:40:00,85.34,85.42,85.27,85.34,6102.902,85.34,85.42,85.27,85.34,6102.902,0.0,0.0,0.0,13798.34799999997,-13798.34799999997,-3853503.2720000013
2026-05-05 14:45:00,85.35,85.35,85.19,85.29,6189.818,85.35,85.35,85.19,85.29,6189.818,-0.0005858917272087982,-0.0005860634288357881,0.0,11974.151999999995,-11974.151999999995,-3865477.424000001
2026-05-05 14:50:00,85.29,85.44,85.24,85.44,4249.237,85.29,85.44,85.24,85.44,4249.237,0.0017587055926837625,0.0017571608808665804,0.0,8152.199999999987,-8152.199999999987,-3873629.6240000012
2026-05-05 14:55:00,85.44,85.48,85.41,85.48,3504.253,85.44,85.48,85.41,85.48,3504.253,0.000468164794007464,0.00046805523906213526,0.0,10726.019000000026,-10726.019000000026,-3884355.643000001
2026-05-05 15:00:00,85.47,85.57,85.35,85.57,7291.612,85.47,85.57,85.35,85.57,7291.612,0.0010528778661673677,0.0010523239790164235,0.0,12292.499000000036,-12292.499000000036,-3896648.142000001
2026-05-05 15:05:00,85.56,85.7,85.49,85.66,7694.478,85.56,85.7,85.49,85.66,7694.478,0.0010517704803085781,0.0010512177572615275,0.0,11113.716999999984,-11113.716999999984,-3907761.859000001
2026-05-05 15:10:00,85.66,85.88,85.6,85.72,8449.458,85.66,85.88,85.6,85.72,8449.458,0.0007004436142890036,0.0007001984181513029,0.0,15029.410000000014,-15029.410000000014,-3922791.2690000013
2026-05-05 15:15:00,85.73,85.73,85.6,85.63,16374.025,85.73,85.73,85.6,85.63,16374.025,-0.0010499300046663551,-0.0010504815672755907,0.0,22559.35100000001,-22559.35100000001,-3945350.620000001
2026-05-05 15:20:00,85.62,85.86,85.6,85.69,9513.748,85.62,85.86,85.6,85.69,9513.748,0.0007006890108607333,0.000700443642926816,0.0,18908.499000000018,-18908.499000000018,-3964259.119000001
2026-05-05 15:25:00,85.69,85.74,85.61,85.69,10107.169,85.69,85.74,85.61,85.69,10107.169,0.0,0.0,0.0,20603.623000000003,-20603.623000000003,-3984862.742000001
2026-05-05 15:30:00,85.7,85.78,85.54,85.55,11616.784,85.7,85.78,85.54,85.55,11616.784,-0.0016337962422686703,-0.001635132342824983,0.0,15951.273999999965,-15951.273999999965,-4000814.0160000008
2026-05-05 15:35:00,85.54,85.72,85.54,85.67,4098.773,85.54,85.72,85.54,85.67,4098.773,0.0014026884862654576,0.0014017056377502184,0.0,11440.392999999987,-11440.392999999987,-4012254.409000001
2026-05-05 15:40:00,85.66,85.68,85.56,85.6,5780.304,85.66,85.68,85.56,85.6,5780.304,-0.000817088829228485,-0.0008174228282562201,0.0,11481.520999999999,-11481.520999999999,-4023735.930000001
2026-05-05 15:45:00,85.6,85.65,85.57,85.6,5558.378,85.6,85.65,85.57,85.6,5558.378,0.0,0.0,0.0,12899.257000000018,-12899.257000000018,-4036635.1870000013
2026-05-05 15:50:00,85.6,85.61,85.47,85.52,6550.931,85.6,85.61,85.47,85.52,6550.931,-0.0009345794392523477,-0.000935016430906643,0.0,13201.629999999996,-13201.629999999996,-4049836.817000001
2026-05-05 15:55:00,85.53,85.58,85.49,85.5,4061.69,85.53,85.58,85.49,85.5,4061.69,-0.0002338634237605275,-0.00023389077407525593,0.0,16508.875,-16508.875,-4066345.692000001
2026-05-05 16:00:00,85.5,85.58,85.5,85.56,5855.911,85.5,85.58,85.5,85.56,5855.911,0.00070175438596487,0.0007015082714903033,0.0,22484.263000000003,-22484.263000000003,-4088829.955000001
2026-05-05 16:05:00,85.57,85.7,85.54,85.63,11551.933,85.57,85.7,85.54,85.63,11551.933,0.0008181393174380158,0.0008178048238957593,0.0,26588.539000000015,-26588.539000000015,-4115418.494000001
2026-05-05 16:10:00,85.63,85.67,85.56,85.59,14332.724,85.63,85.67,85.56,85.59,14332.724,-0.00046712600724041486,-0.0004672351445823189,0.0,21227.26900000001,-21227.26900000001,-4136645.7630000007
2026-05-05 16:15:00,85.59,85.61,85.51,85.6,4225.128,85.59,85.61,85.51,85.6,4225.128,0.000116836078981164,0.0001168292541780718,0.0,11774.893999999982,-11774.893999999982,-4148420.6570000006
2026-05-05 16:20:00,85.61,85.69,85.5,85.55,4974.66,85.61,85.69,85.5,85.55,4974.66,-0.0005841121495326895,-0.0005842828094939124,0.0,12819.884999999986,-12819.884999999986,-4161240.5420000004
2026-05-05 16:25:00,85.54,85.57,85.36,85.47,7859.354,85.54,85.57,85.36,85.47,7859.354,-0.000935125657510194,-0.0009355631602758336,0.0,19109.242000000002,-19109.242000000002,-4180349.7840000005
2026-05-05 16:30:00,85.46,85.46,85.27,85.32,13112.828,85.46,85.46,85.27,85.32,13112.828,-0.0017550017550018726,-0.0017565435747769155,0.0,23015.634999999987,-23015.634999999987,-4203365.419000001
2026-05-05 16:35:00,85.32,85.35,85.13,85.22,18033.646,85.32,85.35,85.13,85.22,18033.646,-0.0011720581340833869,-0.0011727455313837807,0.0,37387.399999999994,-37387.399999999994,-4240752.819000001
2026-05-05 16:40:00,85.21,85.21,85.0,85.13,24189.718,85.21,85.21,85.0,85.13,24189.718,-0.0010560901196902117,-0.0010566481758002928,0.0,32206.84499999997,-32206.84499999997,-4272959.664000001
2026-05-05 16:45:00,85.13,85.25,85.11,85.21,7488.732,85.13,85.25,85.11,85.21,7488.732,0.0009397392223657874,0.0009392979438989109,0.0,16123.929000000026,-16123.929000000026,-4289083.593000001
2026-05-05 16:50:00,85.21,85.36,85.2,85.28,7320.321,85.21,85.36,85.2,85.28,7320.321,0.0008214998239644,0.000821162577669889,0.0,11727.588999999973,-11727.588999999973,-4300811.182000001
2026-05-05 16:55:00,85.28,85.32,85.27,85.31,3104.392,85.28,85.32,85.27,85.31,3104.392,0.000351782363977593,0.0003517205030690827,0.0,8321.073999999993,-8321.073999999993,-4309132.256000001
2026-05-05 17:00:00,85.32,85.4,85.24,85.34,2376.884,85.32,85.4,85.24,85.34,2376.884,0.00035165865666386686,0.00035159683925045795,0.0,6385.008000000004,-6385.008000000004,-4315517.264000001
2026-05-05 17:05:00,85.34,85.34,85.12,85.17,3100.223,85.34,85.34,85.12,85.17,3100.223,-0.0019920318725099584,-0.0019940186068643953,0.0,7293.335999999998,-7293.335999999998,-4322810.6000000015
2026-05-05 17:10:00,85.16,85.3,85.15,85.3,1180.396,85.16,85.3,85.15,85.3,1180.396,0.0015263590466125798,0.001525195344643846,0.0,8478.597999999998,-8478.597999999998,-4331289.198000002
2026-05-05 17:15:00,85.3,85.42,85.27,85.42,3439.917,85.3,85.42,85.27,85.42,3439.917,0.0014067995310669268,0.0014058109156871077,0.0,9058.313999999997,-9058.313999999997,-4340347.512000002
2026-05-05 17:20:00,85.43,85.53,85.38,85.39,4443.598,85.43,85.53,85.38,85.39,4443.598,-0.0003512058066026391,-0.00035126749380562686,0.0,8550.928000000014,-8550.928000000014,-4348898.440000002
2026-05-05 17:25:00,85.4,85.48,85.39,85.41,1841.112,85.4,85.48,85.39,85.41,1841.112,0.0002342194636373307,0.00023419203854100143,0.0,7180.213000000003,-7180.213000000003,-4356078.653000003
2026-05-05 17:30:00,85.4,85.41,85.31,85.35,2281.216,85.4,85.41,85.31,85.35,2281.216,-0.0007024938531787761,-0.0007027407176062524,0.0,7527.729999999998,-7527.729999999998,-4363606.383000003
2026-05-05 17:35:00,85.36,85.42,85.34,85.35,2195.968,85.36,85.42,85.34,85.35,2195.968,0.0,0.0,0.0,6913.540000000001,-6913.540000000001,-4370519.923000003
2026-05-05 17:40:00,85.35,85.42,85.33,85.42,1873.677,85.35,85.42,85.33,85.42,1873.677,0.0008201523140012323,0.0008198161728708795,0.0,6194.869999999996,-6194.869999999996,-4376714.793000003
2026-05-05 17:45:00,85.42,85.46,85.36,85.43,2058.941,85.42,85.46,85.36,85.43,2058.941,0.00011706860220095372,0.00011706175020690677,0.0,6787.873,-6787.873,-4383502.666000003
2026-05-05 17:50:00,85.42,85.48,85.41,85.45,1193.472,85.42,85.48,85.41,85.45,1193.472,0.00023410979749494132,0.00023408239807253182,0.0,6318.207000000001,-6318.207000000001,-4389820.873000003
2026-05-05 17:55:00,85.45,85.49,85.44,85.45,1767.903,85.45,85.49,85.44,85.45,1767.903,0.0,0.0,0.0,7647.532999999992,-7647.532999999992,-4397468.406000003
2026-05-05 18:00:00,85.46,85.52,85.43,85.47,3038.56,85.46,85.52,85.43,85.47,3038.56,0.00023405500292561499,0.00023402761632664807,0.0,8096.013999999993,-8096.013999999993,-4405564.420000004
2026-05-05 18:05:00,85.47,85.65,85.46,85.6,3109.067,85.47,85.65,85.46,85.6,3109.067,0.0015210015210014305,0.0015198459697697102,0.0,11818.587999999983,-11818.587999999983,-4417383.008000003
2026-05-05 18:10:00,85.6,85.82,85.59,85.81,10768.447,85.6,85.82,85.59,85.81,10768.447,0.002453271028037385,0.0024502666713331536,0.0,14226.748000000009,-14226.748000000009,-4431609.756000003
2026-05-05 18:15:00,85.81,85.81,85.63,85.67,10590.457,85.81,85.81,85.63,85.67,10590.457,-0.0016315114788486573,-0.0016328438430770207,0.0,14199.487999999987,-14199.487999999987,-4445809.244000003
2026-05-05 18:20:00,85.66,85.69,85.62,85.62,2179.356,85.66,85.69,85.62,85.62,2179.356,-0.0005836348780202671,-0.0005838052591524941,0.0,11685.671999999999,-11685.671999999999,-4457494.916000003
2026-05-05 18:25:00,85.63,85.72,85.63,85.71,1605.35,85.63,85.72,85.63,85.71,1605.35,0.0010511562718988898,0.0010506041939911468,0.0,11307.807000000004,-11307.807000000004,-4468802.723000003
2026-05-05 18:30:00,85.7,85.71,85.58,85.64,7610.01,85.7,85.71,85.58,85.64,7610.01,-0.0008167075020416581,-0.0008170411893092374,0.0,13113.72300000001,-13113.72300000001,-4481916.446000003
2026-05-05 18:35:00,85.65,85.7,85.63,85.64,1201.118,85.65,85.7,85.63,85.64,1201.118,0.0,0.0,0.0,12311.884999999998,-12311.884999999998,-4494228.331000003
2026-05-05 18:40:00,85.64,85.71,85.63,85.71,2198.943,85.64,85.71,85.63,85.71,2198.943,0.0008173750583837514,0.0008170411893091669,0.0,20575.588,-20575.588,-4514803.9190000035
2026-05-05 18:45:00,85.71,85.82,85.7,85.79,8322.423,85.71,85.82,85.7,85.79,8322.423,0.0009333800023336725,0.0009329446740826908,0.0,27004.504999999986,-27004.504999999986,-4541808.424000003
2026-05-05 18:50:00,85.79,85.86,85.78,85.85,21050.844,85.79,85.86,85.78,85.85,21050.844,0.0006993822123788629,0.0006991377586104715,0.0,30395.31500000013,-30395.31500000013,-4572203.739000004
2026-05-05 18:55:00,85.86,85.88,85.83,85.87,7722.097,85.86,85.88,85.83,85.87,7722.097,0.00023296447291798472,0.00023293734090894475,0.0,21860.90700000003,-21860.90700000003,-4594064.646000003
2026-05-05 19:00:00,85.87,85.94,85.8,85.87,14837.09,85.87,85.94,85.8,85.87,14837.09,0.0,0.0,0.0,17339.43899999999,-17339.43899999999,-4611404.085000004
2026-05-05 19:05:00,85.87,85.94,85.86,85.94,5421.3,85.87,85.94,85.86,85.94,5421.3,0.0008151857458948975,0.0008148536624556119,0.0,8377.655000000013,-8377.655000000013,-4619781.740000004
2026-05-05 19:10:00,85.94,85.96,85.9,85.9,3724.193,85.94,85.96,85.9,85.9,3724.193,-0.0004654410053525071,-0.0004655493566392978,0.0,15837.50399999997,-15837.50399999997,-4635619.244000004
2026-05-05 19:15:00,85.91,86.18,85.9,86.14,23681.239,85.91,86.18,85.9,86.14,23681.239,0.0027939464493595967,0.0027900506357547102,0.0,24921.077000000034,-24921.077000000034,-4660540.321000003
2026-05-05 19:20:00,86.13,86.14,86.05,86.1,5290.576,86.13,86.14,86.05,86.1,5290.576,-0.00046436034362673517,-0.0004644681922794857,0.0,18962.34000000008,-18962.34000000008,-4679502.661000003
2026-05-05 19:25:00,86.1,86.37,86.1,86.25,21297.638,86.1,86.37,86.1,86.25,21297.638,0.0017421602787457413,0.0017406444777841182,0.0,20173.935999999998,-20173.935999999998,-4699676.597000003
2026-05-05 19:30:00,86.24,86.41,86.2,86.31,13711.726,86.24,86.41,86.2,86.31,13711.726,0.0006956521739129862,0.00069541032009704,0.0,13526.667999999992,-13526.667999999992,-4713203.265000002
2026-05-05 19:35:00,86.32,86.34,86.18,86.26,17948.324,86.32,86.34,86.18,86.26,17948.324,-0.0005793071486501766,-0.000579475011869121,0.0,16572.740999999987,-16572.740999999987,-4729776.006000003
2026-05-05 19:40:00,86.26,86.5,86.26,86.48,31327.113,86.26,86.5,86.26,86.48,31327.113,0.002550428935775617,0.002547182111255816,0.0,18188.809000000027,-18188.809000000027,-4747964.815000003
2026-05-05 19:45:00,86.48,86.49,86.41,86.41,7111.51,86.48,86.49,86.41,86.41,7111.51,-0.0008094357076781078,-0.0008097634776449524,0.0,26026.588,-26026.588,-4773991.403000004
2026-05-05 19:50:00,86.41,86.41,86.31,86.4,26441.524,86.41,86.41,86.31,86.4,26441.524,-0.00011572734637188553,-0.00011573404329791797,0.0,26443.410000000033,-26443.410000000033,-4800434.813000004
2026-05-05 19:55:00,86.4,86.56,86.37,86.49,16851.08,86.4,86.56,86.37,86.49,16851.08,0.0010416666666666075,0.0010411245084105101,0.0,18384.94500000002,-18384.94500000002,-4818819.758000004
2026-05-05 20:00:00,86.49,86.75,86.49,86.75,12546.847,86.49,86.75,86.49,86.75,12546.847,0.0030061278760551424,0.003001618508548174,0.0,8740.590000000011,-8740.590000000011,-4827560.348000004
2026-05-05 20:05:00,86.75,86.75,86.42,86.52,17375.47,86.75,86.75,86.42,86.52,17375.47,-0.002651296829971228,-0.002654817742110602,0.0,20133.242000000006,-20133.242000000006,-4847693.590000004
2026-05-05 20:10:00,86.53,86.76,86.52,86.74,15170.744,86.53,86.76,86.52,86.74,15170.744,0.0025427646786870817,0.0025395373223622317,0.0,18915.48799999997,-18915.48799999997,-4866609.0780000035
2026-05-05 20:15:00,86.73,86.73,86.56,86.65,15115.009,86.73,86.73,86.56,86.65,15115.009,-0.0010375835831218927,-0.0010381222456050095,0.0,19957.546999999988,-19957.546999999988,-4886566.625000004
2026-05-05 20:20:00,86.65,86.68,86.58,86.61,8616.337,86.65,86.68,86.58,86.61,8616.337,-0.0004616272360069562,-0.0004617338186617009,0.0,15547.552999999978,-15547.552999999978,-4902114.178000004
2026-05-05 20:25:00,86.6,86.75,86.56,86.6,10253.205,86.6,86.75,86.56,86.6,10253.205,-0.00011546010853258348,-0.00011546677456402674,0.0,15475.10499999998,-15475.10499999998,-4917589.283000004
2026-05-05 20:30:00,86.61,86.87,86.6,86.85,10024.166,86.61,86.87,86.6,86.85,10024.166,0.0028868360277136684,0.0028826771187245117,0.0,10829.565999999957,-10829.565999999957,-4928418.849000003
2026-05-05 20:35:00,86.84,86.9,86.78,86.78,7811.625,86.84,86.9,86.78,86.78,7811.625,-0.0008059873344846702,-0.000806312316909224,0.0,14820.31499999998,-14820.31499999998,-4943239.164000004
2026-05-05 20:40:00,86.78,86.84,86.71,86.75,9072.142,86.78,86.84,86.71,86.75,9072.142,-0.0003457017746024693,-0.00034576154323609634,0.0,16447.51499999999,-16447.51499999999,-4959686.679000003
2026-05-05 20:45:00,86.76,86.78,86.57,86.6,8879.48,86.76,86.78,86.57,86.6,8879.48,-0.0017291066282421053,-0.0017306032585791317,0.0,15864.662999999999,-15864.662999999999,-4975551.342000003
2026-05-05 20:50:00,86.6,86.67,86.59,86.61,5523.309,86.6,86.67,86.59,86.61,5523.309,0.00011547344110862667,0.0001154667745640269,0.0,16751.995999999996,-16751.995999999996,-4992303.338000003
2026-05-05 20:55:00,86.6,86.66,86.57,86.64,5107.058,86.6,86.66,86.57,86.64,5107.058,0.0003463803255974174,0.0003463203497816656,0.0,16590.058999999925,-16590.058999999925,-5008893.397000004
2026-05-05 21:00:00,86.65,86.93,86.56,86.82,16072.247,86.65,86.93,86.56,86.82,16072.247,0.0020775623268696197,0.0020754071787121363,0.0,17432.14099999991,-17432.14099999991,-5026325.538000003
2026-05-05 21:05:00,86.83,86.86,86.72,86.77,12011.291,86.83,86.86,86.72,86.77,12011.291,-0.0005759041695461153,-0.0005760700660490819,0.0,19310.878000000015,-19310.878000000015,-5045636.416000003
2026-05-05 21:10:00,86.77,86.79,86.58,86.6,10955.098,86.77,86.79,86.58,86.6,10955.098,-0.001959202489339673,-0.0019611242370089076,0.0,16637.06099999999,-16637.06099999999,-5062273.477000003
2026-05-05 21:15:00,86.6,86.69,86.49,86.51,9388.5,86.6,86.69,86.49,86.51,9388.5,-0.0010392609699767519,-0.001039801376106387,0.0,19326.85100000001,-19326.85100000001,-5081600.328000003
2026-05-05 21:20:00,86.5,86.54,86.44,86.53,12169.678,86.5,86.54,86.44,86.53,12169.678,0.00023118714599457135,0.00023116042636441215,0.0,21637.824999999975,-21637.824999999975,-5103238.153000003
2026-05-05 21:25:00,86.53,86.72,86.53,86.58,15233.444,86.53,86.72,86.53,86.58,15233.444,0.0005778342771292078,0.0005776673951869381,0.0,19345.211999999996,-19345.211999999996,-5122583.365000003
2026-05-05 21:30:00,86.58,86.61,86.31,86.31,10056.367,86.58,86.61,86.31,86.31,10056.367,-0.0031185031185030354,-0.0031233757822681863,0.0,17869.410000000018,-17869.410000000018,-5140452.775000003
2026-05-05 21:35:00,86.31,86.5,86.26,86.46,10617.321,86.31,86.5,86.26,86.46,10617.321,0.0017379214459505299,0.0017364130079193729,0.0,17399.011999999984,-17399.011999999984,-5157851.787000003
2026-05-05 21:40:00,86.46,86.46,86.35,86.4,6900.976,86.46,86.46,86.35,86.4,6900.976,-0.000693962526023495,-0.0006942034294756839,0.0,12674.803000000009,-12674.803000000009,-5170526.590000004
2026-05-05 21:45:00,86.39,86.54,86.36,86.54,4894.766,86.39,86.54,86.36,86.54,4894.766,0.0016203703703703276,0.00161905898672875,0.0,12518.249999999993,-12518.249999999993,-5183044.840000004
2026-05-05 21:50:00,86.54,86.69,86.54,86.65,2800.348,86.54,86.69,86.54,86.65,2800.348,0.0012710885139819439,0.001270281364876327,0.0,14303.062999999982,-14303.062999999982,-5197347.903000004
2026-05-05 21:55:00,86.65,86.72,86.64,86.72,8479.76,86.65,86.72,86.64,86.72,8479.76,0.0008078476630120068,0.0008075215297208818,0.0,17825.618000000024,-17825.618000000024,-5215173.521000003
2026-05-05 22:00:00,86.71,86.98,86.71,86.89,12176.468,86.71,86.98,86.71,86.89,12176.468,0.0019603321033210275,0.0019584131597785363,0.0,14672.666999999998,-14672.666999999998,-5229846.188000004
2026-05-05 22:05:00,86.89,86.93,86.65,86.68,9121.409,86.89,86.93,86.65,86.68,9121.409,-0.0024168488894003026,-0.0024197741829562304,0.0,17385.655,-17385.655,-5247231.843000004
2026-05-05 22:10:00,86.67,86.68,86.59,86.64,9183.1,86.67,86.68,86.59,86.64,9183.1,-0.00046146746654363024,-0.0004615739754231516,0.0,13952.77000000002,-13952.77000000002,-5261184.613000005
2026-05-05 22:15:00,86.64,86.67,86.56,86.66,3641.021,86.64,86.67,86.56,86.66,3641.021,0.00023084025854114287,0.00023081361902823038,0.0,13811.765,-13811.765,-5274996.378000004
2026-05-05 22:20:00,86.67,86.74,86.62,86.7,5788.443,86.67,86.74,86.62,86.7,5788.443,0.00046157396722823485,0.0004614674747328057,0.0,16995.07499999997,-16995.07499999997,-5291991.453000004
2026-05-05 22:25:00,86.71,86.94,86.71,86.81,10476.197,86.71,86.94,86.71,86.81,10476.197,0.0012687427912341231,0.0012679386172204236,0.0,22664.03599999997,-22664.03599999997,-5314655.489000005
2026-05-05 22:30:00,86.8,86.81,86.47,86.48,16424.396,86.8,86.81,86.47,86.48,16424.396,-0.0038014053680451854,-0.0038086490727638005,0.0,24470.056000000037,-24470.056000000037,-5339125.545000005
2026-05-05 22:35:00,86.49,86.55,86.36,86.41,11460.099,86.49,86.55,86.36,86.41,11460.099,-0.0008094357076781078,-0.0008097634776449524,0.0,20687.836999999974,-20687.836999999974,-5359813.382000005
2026-05-05 22:40:00,86.42,86.5,86.2,86.38,13872.916,86.42,86.5,86.2,86.38,13872.916,-0.00034718203911587864,-0.0003472423207528925,0.0,18359.041000000012,-18359.041000000012,-5378172.423000005
2026-05-05 22:45:00,86.39,86.4,86.25,86.36,5573.702,86.39,86.4,86.25,86.36,5573.702,-0.00023153507756423775,-0.00023156188594844314,0.0,22655.45699999997,-22655.45699999997,-5400827.8800000055
2026-05-05 22:50:00,86.37,86.82,86.32,86.66,28393.078,86.37,86.82,86.32,86.66,28393.078,0.0034738304770727257,0.0034678106651567513,0.0,24373.295000000013,-24373.295000000013,-5425201.175000005
2026-05-05 22:55:00,86.66,86.73,86.57,86.58,6231.69,86.66,86.73,86.57,86.58,6231.69,-0.0009231479344564697,-0.0009235742979288172,0.0,12925.942,-12925.942,-5438127.117000005
2026-05-05 23:00:00,86.57,86.61,86.43,86.51,4627.66,86.57,86.61,86.43,86.51,4627.66,-0.0008085008085007006,-0.000808827821551465,0.0,9957.988999999981,-9957.988999999981,-5448085.106000005
2026-05-05 23:05:00,86.5,86.54,86.43,86.51,2849.76,86.5,86.54,86.43,86.51,2849.76,0.0,0.0,0.0,10437.825000000004,-10437.825000000004,-5458522.931000005
2026-05-05 23:10:00,86.5,86.67,86.5,86.66,2276.949,86.5,86.67,86.5,86.66,2276.949,0.0017339035949599513,0.0017324021194802485,0.0,11999.995999999992,-11999.995999999992,-5470522.927000006
2026-05-05 23:15:00,86.66,86.67,86.5,86.54,3217.879,86.66,86.67,86.5,86.54,3217.879,-0.0013847219016845935,-0.0013856815150244672,0.0,15175.816999999979,-15175.816999999979,-5485698.744000006
2026-05-05 23:20:00,86.54,86.56,86.43,86.43,4120.224,86.54,86.56,86.43,86.43,4120.224,-0.0012710885139819439,-0.0012718970321918936,0.0,20795.33800000002,-20795.33800000002,-5506494.082000006
2026-05-05 23:25:00,86.44,86.45,86.3,86.32,6363.037,86.44,86.45,86.3,86.32,6363.037,-0.0012727062362607455,-0.0012735168146677748,0.0,21150.686,-21150.686,-5527644.768000006
2026-05-05 23:30:00,86.31,86.41,86.23,86.27,12631.59,86.31,86.41,86.23,86.27,12631.59,-0.0005792400370713269,-0.000579407861391773,0.0,20487.482000000055,-20487.482000000055,-5548132.250000006
2026-05-05 23:35:00,86.27,86.28,86.17,86.21,3967.219,86.27,86.28,86.17,86.21,3967.219,-0.000695490900660789,-0.0006957328666538422,0.0,14271.999999999987,-14271.999999999987,-5562404.250000006
2026-05-05 23:40:00,86.21,86.39,86.2,86.36,8137.711,86.21,86.39,86.2,86.36,8137.711,0.001739937362255084,0.0017384254247730874,0.0,16980.87699999999,-16980.87699999999,-5579385.127000006
2026-05-05 23:45:00,86.35,86.43,86.35,86.42,5348.13,86.35,86.43,86.35,86.42,5348.13,0.000694766095414634,0.0006945248571805956,0.0,14936.99099999998,-14936.99099999998,-5594322.118000006
2026-05-05 23:50:00,86.42,86.44,86.3,86.34,4451.282,86.42,86.44,86.3,86.34,4451.282,-0.0009257116408238897,-0.0009261403764556662,0.0,18547.845999999987,-18547.845999999987,-5612869.964000006
2026-05-05 23:55:00,86.34,86.35,86.29,86.29,3706.36,86.34,86.35,86.29,86.29,3706.36,-0.0005791058605513211,-0.000579273607115322,0.0,19470.08600000003,-19470.08600000003,-5632340.050000006
2026-05-06 00:00:00,86.29,86.46,86.26,86.37,12988.315,86.29,86.46,86.26,86.37,12988.315,0.000927106269556166,0.0009266767719780735,0.0,21907.61900000001,-21907.61900000001,-5654247.669000006
2026-05-06 00:05:00,86.37,86.38,86.26,86.33,5319.02,86.37,86.38,86.26,86.33,5319.02,-0.0004631237698276003,-0.00046323104476301684,0.0,26537.059000000114,-26537.059000000114,-5680784.728000007
2026-05-06 00:10:00,86.32,86.41,86.31,86.32,8759.369,86.32,86.41,86.31,86.32,8759.369,-0.00011583458820807468,-0.00011584129755210842,0.0,28632.701000000066,-28632.701000000066,-5709417.429000007
2026-05-06 00:15:00,86.32,86.5,86.29,86.36,18508.583,86.32,86.5,86.29,86.36,18508.583,0.0004633920296570615,0.000463284696727356,0.0,26029.80500000005,-26029.80500000005,-5735447.234000007
2026-05-06 00:20:00,86.36,86.37,86.12,86.19,6878.646,86.36,86.37,86.12,86.19,6878.646,-0.0019685039370078705,-0.001970443987298725,0.0,11555.001999999986,-11555.001999999986,-5747002.236000007
2026-05-06 00:25:00,86.2,86.28,86.1,86.15,3729.557,86.2,86.28,86.1,86.15,3729.557,-0.0004640909618284228,-0.0004641986853691519,0.0,12700.768999999975,-12700.768999999975,-5759703.005000007
2026-05-06 00:30:00,86.15,86.33,86.12,86.33,13025.138,86.15,86.33,86.12,86.33,13025.138,0.002089378990133506,0.0020871992734926817,0.0,20035.951999999997,-20035.951999999997,-5779738.957000007
2026-05-06 00:35:00,86.32,86.41,86.31,86.38,5933.299,86.32,86.41,86.31,86.38,5933.299,0.0005791729410402624,0.0005790052851238358,0.0,16346.087,-16346.087,-5796085.044000007
2026-05-06 00:40:00,86.38,86.43,86.33,86.39,4863.897,86.38,86.43,86.33,86.39,4863.897,0.00011576753878217438,0.00011576083823778858,0.0,18318.722000000038,-18318.722000000038,-5814403.766000007
2026-05-06 00:45:00,86.38,86.41,86.14,86.22,10464.596,86.38,86.41,86.14,86.22,10464.596,-0.0019678203495775426,-0.0019697590518042863,0.0,19083.949000000062,-19083.949000000062,-5833487.715000007
2026-05-06 00:50:00,86.21,86.54,86.21,86.5,7531.186,86.21,86.54,86.21,86.5,7531.186,0.0032475063790304848,0.0032422446188451752,0.0,14058.273999999989,-14058.273999999989,-5847545.9890000075
2026-05-06 00:55:00,86.5,86.55,86.37,86.38,6609.801,86.5,86.55,86.37,86.38,6609.801,-0.001387283236994219,-0.0013882464052785764,0.0,19147.531000000014,-19147.531000000014,-5866693.520000008
2026-05-06 01:00:00,86.38,86.51,86.31,86.51,5929.897,86.38,86.51,86.31,86.51,5929.897,0.001504978004167823,0.0015038466597280622,0.0,17024.72100000004,-17024.72100000004,-5883718.241000008
2026-05-06 01:05:00,86.51,86.56,86.46,86.52,8917.489,86.51,86.56,86.46,86.52,8917.489,0.00011559357299728568,0.00011558689257503083,0.0,17933.92299999996,-17933.92299999996,-5901652.164000008
2026-05-06 01:10:00,86.52,86.56,86.5,86.56,1600.728,86.52,86.56,86.5,86.56,1600.728,0.00046232085067043904,0.00046221401331344693,0.0,15003.798999999972,-15003.798999999972,-5916655.963000008
2026-05-06 01:15:00,86.56,86.86,86.55,86.8,13214.344,86.56,86.86,86.55,86.8,13214.344,0.0027726432532346745,0.002768806568133019,0.0,16835.303999999956,-16835.303999999956,-5933491.267000007
2026-05-06 01:20:00,86.8,86.85,86.73,86.85,7971.86,86.8,86.85,86.73,86.85,7971.86,0.0005760368663594306,0.000575871020809439,0.0,14048.460999999996,-14048.460999999996,-5947539.728000008
2026-05-06 01:25:00,86.85,86.88,86.75,86.76,5936.599,86.85,86.88,86.75,86.76,5936.599,-0.0010362694300516395,-0.001036806728440138,0.0,13980.966,-13980.966,-5961520.694000008
2026-05-06 01:30:00,86.77,86.92,86.76,86.91,5617.118,86.77,86.92,86.76,86.91,5617.118,0.0017289073305670755,0.0017274144906950872,0.0,11615.119999999983,-11615.119999999983,-5973135.814000008
2026-05-06 01:35:00,86.91,86.93,86.77,86.85,3624.023,86.91,86.93,86.77,86.85,3624.023,-0.0006903693476010275,-0.0006906077622548422,0.0,14026.302,-14026.302,-5987162.116000008
2026-05-06 01:40:00,86.85,86.87,86.81,86.83,2298.738,86.85,86.87,86.81,86.83,2298.738,-0.00023028209556696932,-0.0002303086145600497,0.0,16080.843000000032,-16080.843000000032,-6003242.959000008
2026-05-06 01:45:00,86.84,86.98,86.82,86.87,8649.016,86.84,86.98,86.82,86.87,8649.016,0.00046067027525054094,0.00046056419927540667,0.0,18100.39500000002,-18100.39500000002,-6021343.354000008
2026-05-06 01:50:00,86.88,87.0,86.86,86.91,7063.202,86.88,87.0,86.86,86.91,7063.202,0.000460458155864929,0.0004603521775394193,0.0,16430.661000000004,-16430.661000000004,-6037774.015000008
2026-05-06 01:55:00,86.9,86.9,86.75,86.86,4600.264,86.9,86.9,86.75,86.86,4600.264,-0.0005753077896674119,-0.0005754733426928464,0.0,14413.067000000006,-14413.067000000006,-6052187.082000008
2026-05-06 02:00:00,86.86,86.87,86.73,86.74,5748.356,86.86,86.87,86.73,86.74,5748.356,-0.0013815335021875041,-0.0013824886994557148,0.0,13505.868000000013,-13505.868000000013,-6065692.950000008
2026-05-06 02:05:00,86.73,86.83,86.65,86.81,4984.345,86.73,86.83,86.65,86.81,4984.345,0.0008070094535395089,0.0008066839964966277,0.0,10942.818999999978,-10942.818999999978,-6076635.769000008
2026-05-06 02:10:00,86.82,86.87,86.79,86.82,2542.87,86.82,86.87,86.79,86.82,2542.87,0.0001151941020618441,0.00011518746773075484,0.0,23137.65199999998,-23137.65199999998,-6099773.421000008
2026-05-06 02:15:00,86.82,86.82,86.72,86.77,2772.904,86.82,86.82,86.72,86.77,2772.904,-0.0005759041695461153,-0.0005760700660490819,0.0,26308.193999999996,-26308.193999999996,-6126081.615000008
2026-05-06 02:20:00,86.76,86.86,86.73,86.85,6704.109,86.76,86.86,86.73,86.85,6704.109,0.0009219776420421599,0.0009215528817155807,0.0,26509.929000000033,-26509.929000000033,-6152591.544000008
2026-05-06 02:25:00,86.84,86.89,86.57,86.57,17322.828,86.84,86.89,86.57,86.57,17322.828,-0.003223949337939014,-0.003229157459431577,0.0,23420.93500000005,-23420.93500000005,-6176012.479000008
2026-05-06 02:30:00,86.58,86.58,86.41,86.41,3806.298,86.58,86.58,86.41,86.41,3806.298,-0.0018482153170844562,-0.0018499253743745015,0.0,11465.548999999995,-11465.548999999995,-6187478.028000007
2026-05-06 02:35:00,86.41,86.53,86.39,86.48,4506.273,86.41,86.53,86.39,86.48,4506.273,0.0008100914246036428,0.0008097634776449294,0.0,11876.102999999983,-11876.102999999983,-6199354.1310000075
2026-05-06 02:40:00,86.48,86.63,86.47,86.54,3377.87,86.48,86.63,86.47,86.54,3377.87,0.0006938020351525687,0.0006935614657858243,0.0,13599.990999999978,-13599.990999999978,-6212954.122000008
2026-05-06 02:45:00,86.54,86.74,86.53,86.74,4246.913,86.54,86.74,86.53,86.74,4246.913,0.0023110700254216354,0.0023084036104813127,0.0,17257.90500000002,-17257.90500000002,-6230212.027000008
2026-05-06 02:50:00,86.73,86.8,86.67,86.76,5763.495,86.73,86.8,86.67,86.76,5763.495,0.00023057412958271684,0.00023054755145350794,0.0,18292.571000000004,-18292.571000000004,-6248504.598000009
2026-05-06 02:55:00,86.76,86.93,86.76,86.88,8824.569,86.76,86.93,86.76,86.88,8824.569,0.0013831258644536604,0.0013821702269516739,0.0,29282.65600000003,-29282.65600000003,-6277787.254000009
2026-05-06 03:00:00,86.89,87.21,86.88,87.2,41078.785,86.89,87.21,86.88,87.2,41078.785,0.0036832412523020164,0.0036764747293086273,0.0,32335.942999999985,-32335.942999999985,-6310123.197000009
2026-05-06 03:05:00,87.21,87.35,87.03,87.08,17163.733,87.21,87.35,87.03,87.08,17163.733,-0.0013761467889908952,-0.0013770945485873242,0.0,15378.848999999962,-15378.848999999962,-6325502.046000009
2026-05-06 03:10:00,87.07,87.09,87.01,87.03,8216.673,87.07,87.09,87.01,87.03,8216.673,-0.0005741846577859144,-0.00057434956492432,0.0,18505.843,-18505.843,-6344007.88900001
2026-05-06 03:15:00,87.02,87.07,86.98,87.06,7375.596,87.02,87.07,86.98,87.06,7375.596,0.00034470872113057105,0.0003446493227290653,0.0,17518.374000000007,-17518.374000000007,-6361526.26300001
2026-05-06 03:20:00,87.06,87.31,87.06,87.27,10400.92,87.06,87.31,87.06,87.27,10400.92,0.002412129565816601,0.002409225051068399,0.0,24779.153000000057,-24779.153000000057,-6386305.4160000095
2026-05-06 03:25:00,87.27,87.45,87.1,87.21,25026.085,87.27,87.45,87.1,87.21,25026.085,-0.0006875214850464717,-0.0006877579363257733,0.0,25437.976999999995,-25437.976999999995,-6411743.3930000095
2026-05-06 03:30:00,87.22,87.38,87.2,87.33,13135.711,87.22,87.38,87.2,87.33,13135.711,0.0013759889920881285,0.0013750431867473672,0.0,17122.864000000027,-17122.864000000027,-6428866.2570000095
2026-05-06 03:35:00,87.33,87.46,87.31,87.33,11822.909,87.33,87.46,87.31,87.33,11822.909,0.0,0.0,0.0,15555.893,-15555.893,-6444422.15000001
2026-05-06 03:40:00,87.33,87.34,87.24,87.3,4947.981,87.33,87.34,87.24,87.3,4947.981,-0.0003435245620061478,-0.000343583580084992,0.0,15859.709999999986,-15859.709999999986,-6460281.86000001
2026-05-06 03:45:00,87.3,87.32,87.23,87.25,3680.982,87.3,87.32,87.23,87.25,3680.982,-0.000572737686139746,-0.0005729017630199745,0.0,18114.744000000013,-18114.744000000013,-6478396.60400001
2026-05-06 03:50:00,87.26,87.34,87.24,87.24,13105.33,87.26,87.34,87.24,87.24,13105.33,-0.00011461318051586566,-0.00011461974910834263,0.0,55075.15000000001,-55075.15000000001,-6533471.75400001
2026-05-06 03:55:00,87.24,87.51,87.24,87.33,51459.772,87.24,87.51,87.24,87.33,51459.772,0.0010316368638239037,0.0010311050922132102,0.0,51946.75999999987,-51946.75999999987,-6585418.51400001
2026-05-06 04:00:00,87.34,87.43,87.27,87.31,8672.719,87.34,87.43,87.27,87.31,8672.719,-0.0002290163746707652,-0.0002290426029252418,0.0,12444.23799999999,-12444.23799999999,-6597862.75200001
2026-05-06 04:05:00,87.32,87.43,87.3,87.33,5130.969,87.32,87.43,87.3,87.33,5130.969,0.00022906883518492016,0.00022904260292521265,0.0,14058.584000000008,-14058.584000000008,-6611921.336000009
2026-05-06 04:10:00,87.34,87.37,87.28,87.31,7445.72,87.34,87.37,87.28,87.31,7445.72,-0.0002290163746707652,-0.0002290426029252418,0.0,20720.353000000006,-20720.353000000006,-6632641.68900001
2026-05-06 04:15:00,87.31,87.35,87.2,87.26,7443.955,87.31,87.35,87.2,87.26,7443.955,-0.0005726720879624114,-0.0005728361272527153,0.0,19067.954000000038,-19067.954000000038,-6651709.6430000095
2026-05-06 04:20:00,87.25,87.26,87.14,87.14,10469.225,87.25,87.26,87.14,87.14,10469.225,-0.0013752005500802245,-0.0013761470061674956,0.0,15918.758999999998,-15918.758999999998,-6667628.402000009
2026-05-06 04:25:00,87.15,87.17,87.04,87.04,5218.617,87.15,87.17,87.04,87.04,5218.617,-0.001147578609134614,-0.0011482375816634464,0.0,13457.497000000008,-13457.497000000008,-6681085.8990000095
2026-05-06 04:30:00,87.05,87.06,86.92,86.95,11450.864,87.05,87.06,86.92,86.95,11450.864,-0.0010340073529412352,-0.0010345423073405181,0.0,14417.667999999978,-14417.667999999978,-6695503.567000009
2026-05-06 04:35:00,86.96,87.01,86.95,86.96,6100.033,86.96,87.01,86.95,86.96,6100.033,0.00011500862564672865,0.00011500201266177076,0.0,14578.899000000005,-14578.899000000005,-6710082.466000009
2026-05-06 04:40:00,86.96,86.97,86.91,86.95,5858.417,86.96,86.97,86.91,86.95,5858.417,-0.00011499540018389265,-0.0001150020126618656,0.0,16923.189999999977,-16923.189999999977,-6727005.65600001
2026-05-06 04:45:00,86.95,87.01,86.87,86.97,4740.824,86.95,87.01,86.87,86.97,4740.824,0.00023001725129390138,0.00022999080138183463,0.0,12032.1,-12032.1,-6739037.756000009
2026-05-06 04:50:00,86.97,86.97,86.67,86.92,17899.997,86.97,86.97,86.67,86.92,17899.997,-0.0005749108888122301,-0.0005750762134449252,0.0,15195.008000000003,-15195.008000000003,-6754232.76400001
2026-05-06 04:55:00,86.92,86.92,86.8,86.81,6645.871,86.92,86.92,86.8,86.81,6645.871,-0.0012655315232397157,-0.001266332984512235,0.0,10137.184999999976,-10137.184999999976,-6764369.949000009
2026-05-06 05:00:00,86.8,86.9,86.75,86.9,8942.449,86.8,86.9,86.75,86.9,8942.449,0.0010367469185577072,0.0010362098676296827,0.0,9782.423999999995,-9782.423999999995,-6774152.373000009
2026-05-06 05:05:00,86.89,86.94,86.84,86.9,3863.458,86.89,86.94,86.84,86.9,3863.458,0.0,0.0,0.0,9498.176,-9498.176,-6783650.549000009
2026-05-06 05:10:00,86.89,86.92,86.82,86.87,3857.988,86.89,86.92,86.82,86.87,3857.988,-0.0003452243958572687,-0.0003452839995171693,0.0,9553.904999999977,-9553.904999999977,-6793204.454000009
2026-05-06 05:15:00,86.87,86.95,86.82,86.94,2296.825,86.87,86.95,86.82,86.94,2296.825,0.0008058017727639033,0.0008054772888168683,0.0,9863.985999999979,-9863.985999999979,-6803068.440000009
2026-05-06 05:20:00,86.95,86.99,86.91,86.99,4671.228,86.95,86.99,86.91,86.99,4671.228,0.0005751092707613203,0.0005749439588032522,0.0,14460.976000000004,-14460.976000000004,-6817529.416000009
2026-05-06 05:25:00,87.0,87.06,86.97,87.03,7636.805,87.0,87.06,86.97,87.03,7636.805,0.0004598229681573862,0.00045971728197307917,0.0,16180.988999999996,-16180.988999999996,-6833710.405000009
2026-05-06 05:30:00,87.03,87.13,87.02,87.1,6974.529,87.03,87.13,87.02,87.1,6974.529,0.0008043203493046658,0.0008039970570345997,0.0,24422.136000000006,-24422.136000000006,-6858132.541000009
2026-05-06 05:35:00,87.1,87.11,86.91,86.99,22957.404,87.1,87.11,86.91,86.99,22957.404,-0.0012629161882893314,-0.0012637143390077325,0.0,28127.15000000007,-28127.15000000007,-6886259.691000009
2026-05-06 05:40:00,86.99,87.35,86.96,87.14,36061.185,86.99,87.35,86.96,87.14,36061.185,0.0017243361305898652,0.0017228511698468092,0.0,36127.28700000004,-36127.28700000004,-6922386.978000009
2026-05-06 05:45:00,87.13,87.23,87.07,87.21,6197.045,87.13,87.23,87.07,87.21,6197.045,0.000803305026394252,0.0008029825495981353,0.0,22107.62999999998,-22107.62999999998,-6944494.608000009
2026-05-06 05:50:00,87.22,87.4,87.22,87.35,23245.618,87.22,87.4,87.22,87.35,23245.618,0.0016053204907693353,0.001604033341171253,0.0,29566.153000000075,-29566.153000000075,-6974060.761000009
2026-05-06 05:55:00,87.35,87.46,87.33,87.41,13060.961,87.35,87.46,87.33,87.41,13060.961,0.0006868918145392922,0.0006866560123310775,0.0,23470.599000000024,-23470.599000000024,-6997531.36000001
2026-05-06 06:00:00,87.4,87.47,87.39,87.44,9187.017,87.4,87.47,87.39,87.44,9187.017,0.0003432101590206127,0.0003431512758864598,0.0,25065.654,-25065.654,-7022597.01400001
2026-05-06 06:05:00,87.45,87.54,87.33,87.34,19529.981,87.45,87.54,87.33,87.34,19529.981,-0.0011436413540713009,-0.00114429581086816,0.0,23823.053000000033,-23823.053000000033,-7046420.06700001
2026-05-06 06:10:00,87.33,87.35,87.24,87.29,10652.344,87.33,87.35,87.24,87.29,10652.344,-0.000572475383558424,-0.0005726393101564278,0.0,19090.882999999998,-19090.882999999998,-7065510.95000001
2026-05-06 06:15:00,87.3,87.3,87.17,87.2,5939.332,87.3,87.3,87.17,87.2,5939.332,-0.0010310459388246374,-0.001031577832324473,0.0,13084.23399999999,-13084.23399999999,-7078595.184000011
2026-05-06 06:20:00,87.21,87.29,87.17,87.28,5339.747,87.21,87.29,87.17,87.28,5339.747,0.0009174311926605228,0.0009170106098814064,0.0,11484.335,-11484.335,-7090079.519000011
2026-05-06 06:25:00,87.27,87.29,87.21,87.25,2361.385,87.27,87.29,87.21,87.25,2361.385,-0.0003437213565535835,-0.0003437804422787973,0.0,10830.403999999999,-10830.403999999999,-7100909.923000011
2026-05-06 06:30:00,87.26,87.33,87.17,87.28,5832.984,87.26,87.33,87.17,87.28,5832.984,0.00034383954154737495,0.0003437804422789313,0.0,14072.254999999968,-14072.254999999968,-7114982.178000011
2026-05-06 06:35:00,87.28,87.4,87.27,87.35,3517.426,87.28,87.4,87.27,87.35,3517.426,0.0008020164986251022,0.0008016950552501802,0.0,14999.514000000014,-14999.514000000014,-7129981.692000011
2026-05-06 06:40:00,87.36,87.41,87.29,87.41,9452.832,87.36,87.41,87.29,87.41,9452.832,0.0006868918145392922,0.0006866560123310775,0.0,17863.83400000001,-17863.83400000001,-7147845.526000011
2026-05-06 06:45:00,87.42,87.47,87.36,87.47,5256.24,87.42,87.47,87.36,87.47,5256.24,0.0006864203180414474,0.0006861848393670067,0.0,15526.703,-15526.703,-7163372.2290000105
2026-05-06 06:50:00,87.46,87.5,87.42,87.49,8345.336,87.46,87.5,87.42,87.49,8345.336,0.00022864982279635626,0.00022862368640960142,0.0,22111.09600000002,-22111.09600000002,-7185483.32500001
2026-05-06 06:55:00,87.48,87.54,87.45,87.49,11787.469,87.48,87.54,87.45,87.49,11787.469,0.0,0.0,0.0,23004.880000000026,-23004.880000000026,-7208488.20500001
2026-05-06 07:00:00,87.49,87.59,87.49,87.51,10610.949,87.49,87.59,87.49,87.51,10610.949,0.00022859755400639337,0.00022857142956679067,0.0,18485.086999999985,-18485.086999999985,-7226973.292000011
2026-05-06 07:05:00,87.5,87.68,87.46,87.68,9753.474,87.5,87.68,87.46,87.68,9753.474,0.0019426351274141052,0.0019407506519657568,0.0,14143.253000000008,-14143.253000000008,-7241116.54500001
2026-05-06 07:10:00,87.68,87.74,87.53,87.53,9215.607,87.68,87.74,87.53,87.53,9215.607,-0.001710766423357768,-0.0017122314553588752,0.0,11321.259000000005,-11321.259000000005,-7252437.80400001
2026-05-06 07:15:00,87.53,87.61,87.48,87.59,5633.383,87.53,87.61,87.48,87.59,5633.383,0.0006854792642523311,0.0006852444306510526,0.0,17583.156000000003,-17583.156000000003,-7270020.96000001
2026-05-06 07:20:00,87.6,87.8,87.57,87.78,12155.448,87.6,87.8,87.57,87.78,12155.448,0.002169197396963085,0.002166848085090293,0.0,19262.85900000001,-19262.85900000001,-7289283.81900001
2026-05-06 07:25:00,87.77,87.89,87.75,87.76,9037.249,87.77,87.89,87.75,87.76,9037.249,-0.00022784233310546576,-0.00022786829311311057,0.0,18976.154999999995,-18976.154999999995,-7308259.974000011
2026-05-06 07:30:00,87.75,87.79,87.69,87.73,9590.51,87.75,87.79,87.69,87.73,9590.51,-0.0003418413855971192,-0.0003418998266823398,0.0,15337.811999999996,-15337.811999999996,-7323597.786000011
2026-05-06 07:35:00,87.73,87.82,87.73,87.8,3514.975,87.73,87.82,87.73,87.8,3514.975,0.0007979026558759816,0.0007975845007784714,0.0,13296.83699999999,-13296.83699999999,-7336894.623000011
2026-05-06 07:40:00,87.81,87.84,87.75,87.76,3526.348,87.81,87.84,87.75,87.76,3526.348,-0.0004555808656035998,-0.0004556846740961244,0.0,13789.28799999999,-13789.28799999999,-7350683.911000011
2026-05-06 07:45:00,87.77,87.84,87.76,87.78,6807.417,87.77,87.84,87.76,87.78,6807.417,0.0002278942570645981,0.000227868293113012,0.0,13270.485999999983,-13270.485999999983,-7363954.39700001
2026-05-06 07:50:00,87.78,87.8,87.66,87.67,5110.384,87.78,87.8,87.66,87.67,5110.384,-0.0012531328320801727,-0.0012539186595936988,0.0,16198.802999999985,-16198.802999999985,-7380153.20000001
2026-05-06 07:55:00,87.67,87.74,87.59,87.7,10208.871,87.67,87.74,87.59,87.7,10208.871,0.0003421923120794368,0.000342133777643189,0.0,17633.12599999999,-17633.12599999999,-7397786.326000011
2026-05-06 08:00:00,87.71,87.85,87.64,87.83,12536.457,87.71,87.85,87.64,87.83,12536.457,0.0014823261117444808,0.0014812285508885698,0.0,19914.221999999998,-19914.221999999998,-7417700.548000011
2026-05-06 08:05:00,87.83,87.97,87.83,87.89,11603.539,87.83,87.97,87.83,87.89,11603.539,0.0006831378799954102,0.0006829046475277788,0.0,15894.664,-15894.664,-7433595.212000011
2026-05-06 08:10:00,87.89,87.98,87.82,87.89,7035.435,87.89,87.98,87.82,87.89,7035.435,0.0,0.0,0.0,13794.926000000007,-13794.926000000007,-7447390.1380000105
2026-05-06 08:15:00,87.88,87.89,87.82,87.82,5918.248,87.88,87.89,87.82,87.82,5918.248,-0.000796450108089708,-0.000796767442982507,0.0,13765.301000000003,-13765.301000000003,-7461155.4390000105
2026-05-06 08:20:00,87.82,87.95,87.78,87.93,6973.809,87.82,87.95,87.78,87.93,6973.809,0.0012525620587566788,0.0012517782573394996,0.0,30870.49899999999,-30870.49899999999,-7492025.93800001
2026-05-06 08:25:00,87.94,87.99,87.84,87.87,31386.143,87.94,87.99,87.84,87.87,31386.143,-0.0006823609689525778,-0.0006825938831589556,0.0,32274.10700000004,-32274.10700000004,-7524300.04500001
2026-05-06 08:30:00,87.88,88.28,87.87,88.15,37123.93,87.88,88.28,87.87,88.15,37123.93,0.003186525549106589,0.003181459336127387,0.0,30814.80499999995,-30814.80499999995,-7555114.85000001
2026-05-06 08:35:00,88.15,88.33,88.15,88.17,28441.063,88.15,88.33,88.15,88.17,28441.063,0.0002268859897900377,0.00022686025505634964,0.0,28452.259000000045,-28452.259000000045,-7583567.1090000095
2026-05-06 08:40:00,88.18,88.32,88.16,88.3,8010.798,88.18,88.32,88.16,88.3,8010.798,0.0014744244073947588,0.0014733385109786067,0.0,11946.956000000024,-11946.956000000024,-7595514.06500001
2026-05-06 08:45:00,88.31,88.42,88.24,88.27,19011.243,88.31,88.42,88.24,88.27,19011.243,-0.0003397508493770962,-0.000339808577772807,0.0,15369.174999999976,-15369.174999999976,-7610883.24000001
2026-05-06 08:50:00,88.26,88.88,88.21,88.82,69317.108,88.26,88.88,88.21,88.82,69317.108,0.006230882519542291,0.006211550831814694,0.0,25937.45500000005,-25937.45500000005,-7636820.69500001
2026-05-06 08:55:00,88.83,89.22,88.77,89.02,90315.457,88.83,89.22,88.77,89.02,90315.457,0.0022517451024544055,0.0022492137237520556,0.0,23935.113999999983,-23935.113999999983,-7660755.80900001
2026-05-06 09:00:00,89.02,89.07,88.66,88.71,33338.772,89.02,89.07,88.66,88.71,33338.772,-0.003482363513817144,-0.0034884410552127472,0.0,17418.82399999998,-17418.82399999998,-7678174.63300001
2026-05-06 09:05:00,88.72,88.96,88.65,88.78,28634.149,88.72,88.96,88.65,88.78,28634.149,0.0007890880396799194,0.0007887768733937069,0.0,26648.388000000097,-26648.388000000097,-7704823.02100001
2026-05-06 09:10:00,88.78,88.95,88.78,88.8,14615.828,88.78,88.95,88.78,88.8,14615.828,0.00022527596305477182,0.0002252505922352257,0.0,16921.93300000002,-16921.93300000002,-7721744.95400001
2026-05-06 09:15:00,88.79,88.9,88.77,88.8,22252.862,88.79,88.9,88.77,88.8,22252.862,0.0,0.0,0.0,23547.924000000057,-23547.924000000057,-7745292.87800001
2026-05-06 09:20:00,88.8,88.85,88.59,88.64,13852.804,88.8,88.85,88.59,88.64,13852.804,-0.0018018018018017834,-0.0018034269991506827,0.0,16212.278999999991,-16212.278999999991,-7761505.15700001
2026-05-06 09:25:00,88.64,88.82,88.6,88.81,19018.211,88.64,88.82,88.6,88.81,19018.211,0.0019178700361011103,0.001916033271439077,0.0,22874.555000000004,-22874.555000000004,-7784379.71200001
2026-05-06 09:30:00,88.82,89.3,88.78,89.04,40494.613,88.82,89.3,88.78,89.04,40494.613,0.00258979844612095,0.0025864506968766797,0.0,22736.216000000055,-22736.216000000055,-7807115.92800001
2026-05-06 09:35:00,89.05,89.24,89.01,89.21,39650.394,89.05,89.24,89.01,89.21,39650.394,0.0019092542677447977,0.0019074339584026704,0.0,31963.188000000067,-31963.188000000067,-7839079.11600001
2026-05-06 09:40:00,89.21,89.27,89.14,89.24,38543.587,89.21,89.27,89.14,89.24,38543.587,0.00033628516982409096,0.00033622863863974666,0.0,30553.996999999974,-30553.996999999974,-7869633.113000009
2026-05-06 09:45:00,89.25,89.25,89.05,89.17,21774.892,89.25,89.25,89.05,89.17,21774.892,-0.00078440161362614,-0.0007847094175436553,0.0,21149.40200000002,-21149.40200000002,-7890782.515000009
2026-05-06 09:50:00,89.17,89.26,89.06,89.24,10717.309,89.17,89.26,89.06,89.24,10717.309,0.0007850173825276752,0.0007847094175436112,0.0,19419.49299999999,-19419.49299999999,-7910202.008000009
2026-05-06 09:55:00,89.24,89.54,89.24,89.48,32548.054,89.24,89.54,89.24,89.48,32548.054,0.0026893769610041307,0.0026857670575971913,0.0,23346.573999999964,-23346.573999999964,-7933548.582000009
2026-05-06 10:00:00,89.48,89.5,89.31,89.35,20276.84,89.48,89.5,89.31,89.35,20276.84,-0.0014528386231561496,-0.0014538950164919486,0.0,19818.952999999976,-19818.952999999976,-7953367.5350000085
2026-05-06 10:05:00,89.36,89.36,89.21,89.3,14648.414,89.36,89.36,89.21,89.3,14648.414,-0.0005595970900951208,-0.0005597537229836739,0.0,16658.67,-16658.67,-7970026.205000008
2026-05-06 10:10:00,89.3,89.58,89.3,89.51,18664.443,89.3,89.58,89.3,89.51,18664.443,0.0023516237402017026,0.002348863000394358,0.0,18086.45699999997,-18086.45699999997,-7988112.662000009
2026-05-06 10:15:00,89.52,89.62,89.4,89.6,36660.972,89.52,89.62,89.4,89.6,36660.972,0.0010054742486871326,0.0010049690980370363,0.0,24036.26999999996,-24036.26999999996,-8012148.932000008
2026-05-06 10:20:00,89.59,89.69,89.51,89.56,24409.017,89.59,89.69,89.51,89.56,24409.017,-0.00044642857142851433,-0.000446528250330652,0.0,20620.377999999964,-20620.377999999964,-8032769.310000008
2026-05-06 10:25:00,89.55,89.6,89.45,89.52,14323.305,89.55,89.6,89.45,89.52,14323.305,-0.00044662795891026175,-0.0004467277268843189,0.0,19467.56999999997,-19467.56999999997,-8052236.880000008
2026-05-06 10:30:00,89.52,89.67,89.49,89.59,20185.714,89.52,89.67,89.49,89.59,20185.714,0.0007819481680071405,0.0007816426058172367,0.0,21886.538000000048,-21886.538000000048,-8074123.418000008
2026-05-06 10:35:00,89.6,89.69,89.52,89.58,9568.794,89.6,89.69,89.52,89.58,9568.794,-0.0001116196004018466,-0.00011162583033303614,0.0,14867.742000000022,-14867.742000000022,-8088991.160000008
2026-05-06 10:40:00,89.58,89.66,89.5,89.58,10094.749,89.58,89.66,89.5,89.58,10094.749,0.0,0.0,0.0,13551.077999999998,-13551.077999999998,-8102542.238000007
2026-05-06 10:45:00,89.59,89.65,89.43,89.44,7357.293,89.59,89.65,89.43,89.44,7357.293,-0.0015628488501897575,-0.0015640713723649722,0.0,14473.93799999999,-14473.93799999999,-8117016.176000007
2026-05-06 10:50:00,89.44,89.52,89.4,89.49,15758.14,89.44,89.52,89.4,89.49,15758.14,0.0005590339892664886,0.0005588777879777529,0.0,17253.08500000001,-17253.08500000001,-8134269.261000007
2026-05-06 10:55:00,89.48,89.49,89.36,89.38,8214.365,89.48,89.49,89.36,89.38,8214.365,-0.0012291876187283668,-0.0012299436894614125,0.0,23809.141000000014,-23809.141000000014,-8158078.402000007
2026-05-06 11:00:00,89.38,89.48,89.31,89.43,17705.845,89.38,89.48,89.31,89.43,17705.845,0.0005594092638174786,0.0005592528527843916,0.0,22290.382000000063,-22290.382000000063,-8180368.784000007
2026-05-06 11:05:00,89.42,89.57,89.4,89.47,9181.177,89.42,89.57,89.4,89.47,9181.177,0.0004472772000445602,0.0004471772014146806,0.0,14683.202999999998,-14683.202999999998,-8195051.987000007
2026-05-06 11:10:00,89.47,89.55,89.47,89.51,5238.714,89.47,89.55,89.47,89.51,5238.714,0.00044707723259196364,0.0004469773233430038,0.0,13476.46199999999,-13476.46199999999,-8208528.4490000075
2026-05-06 11:15:00,89.52,89.75,89.5,89.69,17605.273,89.52,89.75,89.5,89.69,17605.273,0.0020109484973744873,0.0020089292470640303,0.0,18227.61499999998,-18227.61499999998,-8226756.064000008
2026-05-06 11:20:00,89.7,89.98,89.69,89.97,20329.874,89.7,89.98,89.69,89.97,20329.874,0.0031218641989072538,0.0031170012991155946,0.0,13863.616999999962,-13863.616999999962,-8240619.681000007
2026-05-06 11:25:00,89.97,90.03,89.6,89.6,37722.771,89.97,90.03,89.6,89.6,37722.771,-0.004112481938423951,-0.004120961448142657,0.0,34925.907000000094,-34925.907000000094,-8275545.588000007
2026-05-06 11:30:00,89.59,89.69,89.59,89.67,14676.706,89.59,89.69,89.59,89.67,14676.706,0.0007812500000001776,0.0007809449830715728,0.0,23457.09699999999,-23457.09699999999,-8299002.685000007
2026-05-06 11:35:00,89.66,89.8,89.64,89.8,11228.899,89.66,89.8,89.64,89.8,11228.899,0.0014497602319616387,0.001448710344197738,0.0,17170.235999999968,-17170.235999999968,-8316172.921000007
2026-05-06 11:40:00,89.8,89.86,89.49,89.52,15876.152,89.8,89.86,89.49,89.52,15876.152,-0.003118040089086893,-0.003122911304484159,0.0,15827.974,-15827.974,-8332000.895000007
2026-05-06 11:45:00,89.51,89.61,89.47,89.59,7906.907,89.51,89.61,89.47,89.59,7906.907,0.0007819481680071405,0.0007816426058172367,0.0,16364.726999999943,-16364.726999999943,-8348365.622000007
2026-05-06 11:50:00,89.59,89.85,89.59,89.8,16994.606,89.59,89.85,89.59,89.8,16994.606,0.0023440116084383344,0.002341268698666773,0.0,17308.897999999994,-17308.897999999994,-8365674.520000007
2026-05-06 11:55:00,89.79,89.87,89.74,89.87,8421.423,89.79,89.87,89.74,89.87,8421.423,0.0007795100222718343,0.0007792063621282602,0.0,13891.344999999945,-13891.344999999945,-8379565.865000007
2026-05-06 12:00:00,89.87,89.97,89.65,89.67,22059.363,89.87,89.97,89.65,89.67,22059.363,-0.002225436741960629,-0.0022279167063258966,0.0,21063.807999999997,-21063.807999999997,-8400629.673000006
2026-05-06 12:05:00,89.68,89.8,89.63,89.69,11637.204,89.68,89.8,89.63,89.69,11637.204,0.00022304003568640596,0.0002230151659555415,0.0,16313.313999999991,-16313.313999999991,-8416942.987000005
2026-05-06 12:10:00,89.7,89.78,89.5,89.51,19350.105,89.7,89.78,89.5,89.51,19350.105,-0.002006912699297536,-0.002008929247064093,0.0,25664.02700000001,-25664.02700000001,-8442607.014000006
2026-05-06 12:15:00,89.51,89.65,89.5,89.53,25039.577,89.51,89.65,89.5,89.53,25039.577,0.00022343872193042458,0.0002234137632169551,0.0,24008.288999999957,-24008.288999999957,-8466615.303000007
2026-05-06 12:20:00,89.54,89.8,89.53,89.7,16874.409,89.54,89.8,89.53,89.7,16874.409,0.0018988048698760362,0.0018970044186858242,0.0,19099.494999999963,-19099.494999999963,-8485714.798000006
2026-05-06 12:25:00,89.7,89.71,89.61,89.63,4850.895,89.7,89.71,89.61,89.63,4850.895,-0.0007803790412487244,-0.0007806836954802308,0.0,21342.29000000002,-21342.29000000002,-8507057.088000005
2026-05-06 12:30:00,89.64,89.81,89.63,89.8,18163.587,89.64,89.81,89.63,89.8,18163.587,0.0018966863773290932,0.001894889938883671,0.0,21728.398000000063,-21728.398000000063,-8528785.486000005
2026-05-06 12:35:00,89.8,89.85,89.71,89.71,6454.861,89.8,89.85,89.71,89.71,6454.861,-0.0010022271714922315,-0.001002729736961776,0.0,13294.667000000012,-13294.667000000012,-8542080.153000005
2026-05-06 12:40:00,89.72,89.75,89.67,89.74,6943.023,89.72,89.75,89.67,89.74,6943.023,0.0003344108795007017,0.0003343549766452056,0.0,18283.425000000003,-18283.425000000003,-8560363.578000005
2026-05-06 12:45:00,89.73,89.88,89.71,89.83,21501.27,89.73,89.88,89.71,89.83,21501.27,0.0010028972587474705,0.001002394693277956,0.0,23222.117,-23222.117,-8583585.695000006
2026-05-06 12:50:00,89.83,89.9,89.68,89.73,7415.167,89.83,89.9,89.68,89.73,7415.167,-0.0011132138483802567,-0.0011138339311489024,0.0,13432.303999999991,-13432.303999999991,-8597017.999000005
2026-05-06 12:55:00,89.72,89.75,89.55,89.66,10142.408,89.72,89.75,89.55,89.66,10142.408,-0.0007801181321743789,-0.0007804225826729865,0.0,15719.46699999998,-15719.46699999998,-8612737.466000006
2026-05-06 13:00:00,89.66,89.66,89.18,89.21,45338.356,89.66,89.66,89.18,89.21,45338.356,-0.005018960517510607,-0.005031597801601351,0.0,26606.55900000003,-26606.55900000003,-8639344.025000006
2026-05-06 13:05:00,89.21,89.32,88.43,88.76,57307.16,89.21,89.32,88.43,88.76,57307.16,-0.005044277547360032,-0.005057042861298797,0.0,14972.634999999995,-14972.634999999995,-8654316.660000006
2026-05-06 13:10:00,88.76,89.12,88.74,88.92,46600.532,88.76,89.12,88.74,88.92,46600.532,0.0018026137899953554,0.0018009910316025216,0.0,13176.288999999986,-13176.288999999986,-8667492.949000007
2026-05-06 13:15:00,88.92,89.05,88.69,88.69,18640.457,88.92,89.05,88.69,88.69,18640.457,-0.0025865946918578464,-0.002589945707634837,0.0,18255.582999999984,-18255.582999999984,-8685748.532000007
2026-05-06 13:20:00,88.69,88.83,88.59,88.65,22394.542,88.69,88.83,88.59,88.65,22394.542,-0.000451009132934832,-0.0004511108681439829,0.0,17947.592000000008,-17947.592000000008,-8703696.124000007
2026-05-06 13:25:00,88.66,88.68,88.37,88.51,33248.381,88.66,88.68,88.37,88.51,33248.381,-0.0015792442188381495,-0.0015804925394313448,0.0,16498.343000000008,-16498.343000000008,-8720194.467000008
2026-05-06 13:30:00,88.51,88.81,88.38,88.77,32548.696,88.51,88.81,88.38,88.77,32548.696,0.0029375211840469984,0.002933215099442398,0.0,13433.574999999988,-13433.574999999988,-8733628.042000007
2026-05-06 13:35:00,88.78,88.81,88.39,88.48,16615.123,88.78,88.81,88.39,88.48,16615.123,-0.003266869437873021,-0.00327221730620317,0.0,12820.749999999978,-12820.749999999978,-8746448.792000007
2026-05-06 13:40:00,88.48,88.72,88.45,88.69,17905.75,88.48,88.72,88.45,88.69,17905.75,0.002373417721518889,0.002370605614336222,0.0,10470.064999999984,-10470.064999999984,-8756918.857000006
2026-05-06 13:45:00,88.69,88.71,88.07,88.31,38730.737,88.69,88.71,88.07,88.31,38730.737,-0.004284586762881903,-0.004293791907650093,0.0,16469.981,-16469.981,-8773388.838000007
2026-05-06 13:50:00,88.3,88.35,88.11,88.31,25991.77,88.3,88.35,88.11,88.31,25991.77,0.0,0.0,0.0,13291.046000000018,-13291.046000000018,-8786679.884000007
2026-05-06 13:55:00,88.32,88.44,88.2,88.33,13123.749,88.32,88.44,88.2,88.33,13123.749,0.00022647491790284136,0.0002264492763299975,0.0,12980.771999999999,-12980.771999999999,-8799660.656000007
2026-05-06 14:00:00,88.33,88.36,87.78,87.78,31669.011,88.33,88.36,87.78,87.78,31669.011,-0.0062266500622664145,-0.00624611649695282,0.0,15400.972000000049,-15400.972000000049,-8815061.628000006
2026-05-06 14:05:00,87.79,88.02,87.47,88.02,96610.1,87.79,88.02,87.47,88.02,96610.1,0.002734107997265811,0.002730377122857327,0.0,15570.578000000027,-15570.578000000027,-8830632.206000006
2026-05-06 14:10:00,88.02,88.11,87.84,88.11,27636.229,88.02,88.11,87.84,88.11,27636.229,0.0010224948875257045,0.0010219724956931895,0.0,20622.422000000035,-20622.422000000035,-8851254.628000006
2026-05-06 14:15:00,88.1,88.15,87.9,88.0,16184.818,88.1,88.15,87.9,88.0,16184.818,-0.0012484394506866447,-0.0012492194004319278,0.0,17795.61400000002,-17795.61400000002,-8869050.242000006
2026-05-06 14:20:00,88.01,88.29,88.0,88.28,19315.143,88.01,88.29,88.0,88.28,19315.143,0.0031818181818181746,0.003176766910329171,0.0,19425.782999999956,-19425.782999999956,-8888476.025000006
2026-05-06 14:25:00,88.27,88.47,88.18,88.18,24626.656,88.27,88.47,88.18,88.18,24626.656,-0.0011327594019029386,-0.0011334014587439842,0.0,19224.517999999985,-19224.517999999985,-8907700.543000005
2026-05-06 14:30:00,88.18,88.54,88.18,88.48,11015.685,88.18,88.54,88.18,88.48,11015.685,0.0034021320027217694,0.0033963578442331634,0.0,15138.64799999998,-15138.64799999998,-8922839.191000005
2026-05-06 14:35:00,88.49,88.54,88.39,88.5,9359.284,88.49,88.54,88.39,88.5,9359.284,0.00022603978300184124,0.0002260142398591966,0.0,14158.789000000006,-14158.789000000006,-8936997.980000006
2026-05-06 14:40:00,88.5,88.66,88.42,88.66,12274.864,88.5,88.66,88.42,88.66,12274.864,0.0018079096045198195,0.0018062773030236802,0.0,18023.422000000024,-18023.422000000024,-8955021.402000006
2026-05-06 14:45:00,88.66,88.85,88.52,88.62,13115.577,88.66,88.85,88.52,88.62,13115.577,-0.0004511617414841851,-0.0004512635455638967,0.0,14093.956000000015,-14093.956000000015,-8969115.358000007
2026-05-06 14:50:00,88.63,88.67,88.39,88.43,5618.957,88.63,88.67,88.39,88.43,5618.957,-0.0021439855563077925,-0.0021462871836996516,0.0,11910.90200000001,-11910.90200000001,-8981026.260000007
2026-05-06 14:55:00,88.43,88.51,88.32,88.4,9644.159,88.43,88.51,88.32,88.4,9644.159,-0.00033925138527646226,-0.00033930894404596453,0.0,16795.395999999986,-16795.395999999986,-8997821.656000007
2026-05-06 15:00:00,88.4,88.58,88.37,88.58,10270.337,88.4,88.58,88.37,88.58,10270.337,0.002036199095022617,0.002034128851454377,0.0,15458.653999999997,-15458.653999999997,-9013280.310000006
2026-05-06 15:05:00,88.59,88.65,88.52,88.54,9766.605,88.59,88.65,88.52,88.54,9766.605,-0.00045156920298028425,-0.0004516711910570964,0.0,16965.083,-16965.083,-9030245.393000007
2026-05-06 15:10:00,88.53,88.57,88.3,88.41,9892.641,88.53,88.57,88.3,88.41,9892.641,-0.0014682629320081908,-0.0014693418862819795,0.0,19302.330000000005,-19302.330000000005,-9049547.723000007
2026-05-06 15:15:00,88.4,88.9,88.4,88.88,16680.31,88.4,88.9,88.4,88.88,16680.31,0.005316140708064632,0.005302059913661443,0.0,20853.214000000004,-20853.214000000004,-9070400.937000006
2026-05-06 15:20:00,88.88,88.97,88.83,88.9,12446.281,88.88,88.97,88.83,88.9,12446.281,0.00022502250225042708,0.000224997188484541,0.0,14113.430999999993,-14113.430999999993,-9084514.368000006
2026-05-06 15:25:00,88.9,88.92,88.73,88.76,8784.76,88.9,88.92,88.73,88.76,8784.76,-0.0015748031496063408,-0.0015760444554657658,0.0,14521.655999999986,-14521.655999999986,-9099036.024000006
2026-05-06 15:30:00,88.76,88.87,88.75,88.8,6146.424,88.76,88.87,88.75,88.8,6146.424,0.00045065344749883884,0.0004505519337311754,0.0,17610.961999999974,-17610.961999999974,-9116646.986000005
2026-05-06 15:35:00,88.8,88.81,88.55,88.57,10572.893,88.8,88.81,88.55,88.57,10572.893,-0.002590090090090147,-0.0025934501766328067,0.0,19000.474000000013,-19000.474000000013,-9135647.460000005
2026-05-06 15:40:00,88.56,88.92,88.55,88.8,13918.07,88.56,88.92,88.55,88.8,13918.07,0.0025968160776788096,0.002593450176632887,0.0,20260.539999999943,-20260.539999999943,-9155908.000000004
2026-05-06 15:45:00,88.81,89.04,88.8,88.95,11803.74,88.81,89.04,88.8,88.95,11803.74,0.0016891891891892552,0.0016877641137198365,0.0,16557.842,-16557.842,-9172465.842000004
2026-05-06 15:50:00,88.95,89.02,88.87,89.02,7205.173,88.95,89.02,88.87,89.02,7205.173,0.0007869589657110154,0.000786649475864055,0.0,14552.710000000008,-14552.710000000008,-9187018.552000005
2026-05-06 15:55:00,89.01,89.06,88.92,88.97,6461.004,89.01,89.06,88.92,88.97,6461.004,-0.0005616715344866074,-0.0005618293310322521,0.0,19641.936999999998,-19641.936999999998,-9206660.489000006
2026-05-06 16:00:00,88.97,88.99,88.82,88.97,11333.712,88.97,88.99,88.82,88.97,11333.712,0.0,0.0,0.0,17634.408999999985,-17634.408999999985,-9224294.898000006
2026-05-06 16:05:00,88.98,89.1,88.93,89.09,6521.339,88.98,89.1,88.93,89.09,6521.339,0.0013487692480611546,0.0013478604758764348,0.0,11991.358,-11991.358,-9236286.256000005
2026-05-06 16:10:00,89.1,89.2,89.06,89.08,8988.53,89.1,89.2,89.06,89.08,8988.53,-0.00011224604332704669,-0.00011225234338561014,0.0,13202.757999999998,-13202.757999999998,-9249489.014000004
2026-05-06 16:15:00,89.08,89.15,88.96,88.96,5476.87,89.08,89.15,88.96,88.96,5476.87,-0.0013471037269869868,-0.0013480118868946383,0.0,14548.731000000002,-14548.731000000002,-9264037.745000005
2026-05-06 16:20:00,88.97,88.98,88.64,88.83,20491.305,88.97,88.98,88.64,88.83,20491.305,-0.0014613309352516923,-0.0014623997206625412,0.0,22730.473999999995,-22730.473999999995,-9286768.219000004
2026-05-06 16:25:00,88.83,88.9,88.67,88.71,11141.704,88.83,88.9,88.67,88.71,11141.704,-0.001350894967916294,-0.0013518082491141069,0.0,22442.656,-22442.656,-9309210.875000004
2026-05-06 16:30:00,88.72,88.88,88.59,88.87,15661.369,88.72,88.88,88.59,88.87,15661.369,0.0018036298049826094,0.001802005217888377,0.0,23072.450999999986,-23072.450999999986,-9332283.326000003
2026-05-06 16:35:00,88.86,89.08,88.75,89.06,9450.148,88.86,89.08,88.75,89.06,9450.148,0.0021379543152919567,0.0021356721431724404,0.0,16398.566999999977,-16398.566999999977,-9348681.893000003
2026-05-06 16:40:00,89.06,89.28,89.01,89.24,12580.022,89.06,89.28,89.01,89.24,12580.022,0.002021109364473306,0.0020190696707753615,0.0,12725.310000000007,-12725.310000000007,-9361407.203000003
2026-05-06 16:45:00,89.24,89.38,89.22,89.37,6946.049,89.24,89.38,89.22,89.37,6946.049,0.0014567458538772282,0.0014556858289688863,0.0,12125.067999999994,-12125.067999999994,-9373532.271000003
2026-05-06 16:50:00,89.37,89.51,89.27,89.28,12700.224,89.37,89.51,89.27,89.28,12700.224,-0.001007049345417954,-0.0010075567602998278,0.0,16134.781000000012,-16134.781000000012,-9389667.052000003
2026-05-06 16:55:00,89.28,89.3,89.14,89.18,10791.938,89.28,89.3,89.14,89.18,10791.938,-0.00112007168458772,-0.0011206994336701215,0.0,13379.430999999993,-13379.430999999993,-9403046.483000003
2026-05-06 17:00:00,89.18,89.41,89.15,89.38,8690.022,89.18,89.41,89.15,89.38,8690.022,0.0022426553038796815,0.002240144305974741,0.0,12616.021000000002,-12616.021000000002,-9415662.504000003
2026-05-06 17:05:00,89.37,89.44,89.2,89.21,5103.037,89.37,89.44,89.2,89.21,5103.037,-0.0019019914969792273,-0.0019038025796133857,0.0,8298.448999999993,-8298.448999999993,-9423960.953000002
2026-05-06 17:10:00,89.2,89.3,89.19,89.22,3195.188,89.2,89.3,89.19,89.22,3195.188,0.00011209505660803032,0.00011208877442663561,0.0,11482.214000000005,-11482.214000000005,-9435443.167000001
2026-05-06 17:15:00,89.23,89.23,88.9,89.01,18325.022,89.23,89.23,88.9,89.01,18325.022,-0.002353732347007309,-0.0023565067292784883,0.0,19152.807999999994,-19152.807999999994,-9454595.975000001
2026-05-06 17:20:00,89.02,89.22,89.01,89.16,9271.707,89.02,89.22,89.01,89.16,9271.707,0.001685203909673083,0.0016837855468279906,0.0,17188.02299999999,-17188.02299999999,-9471783.998000002
2026-05-06 17:25:00,89.16,89.16,89.02,89.03,7392.824,89.16,89.16,89.02,89.03,7392.824,-0.001458052938537402,-0.0014591169320882355,0.0,16049.225000000008,-16049.225000000008,-9487833.223000001
2026-05-06 17:30:00,89.02,89.08,88.95,88.96,8494.974,89.02,89.08,88.95,88.96,8494.974,-0.000786251825227513,-0.0007865610833076288,0.0,11071.216999999971,-11071.216999999971,-9498904.440000001
2026-05-06 17:35:00,88.96,89.01,88.93,89.01,2543.428,88.96,89.01,88.93,89.01,2543.428,0.0005620503597123516,0.0005618924685680047,0.0,15005.896000000002,-15005.896000000002,-9513910.336000001
2026-05-06 17:40:00,89.01,89.07,88.94,88.95,11950.862,89.01,89.07,88.94,88.95,11950.862,-0.0006740815638692776,-0.000674308858996028,0.0,28234.351000000035,-28234.351000000035,-9542144.687
2026-05-06 17:45:00,88.95,88.96,88.53,88.73,21745.686,88.95,88.96,88.53,88.73,21745.686,-0.0024732996065205404,-0.0024763632645977704,0.0,24117.834999999977,-24117.834999999977,-9566262.522000002
2026-05-06 17:50:00,88.73,88.79,88.69,88.76,4616.109,88.73,88.79,88.69,88.76,4616.109,0.0003381043615462431,0.0003380472171467458,0.0,11845.79699999997,-11845.79699999997,-9578108.319000002
2026-05-06 17:55:00,88.77,88.85,88.69,88.83,5811.089,88.77,88.85,88.69,88.83,5811.089,0.0007886435331230235,0.0007883327172164231,0.0,12058.224,-12058.224,-9590166.543000001
2026-05-06 18:00:00,88.83,88.91,88.76,88.77,4437.926,88.83,88.91,88.76,88.77,4437.926,-0.0006754474839582025,-0.0006756757013817048,0.0,9993.59199999998,-9993.59199999998,-9600160.135000002
2026-05-06 18:05:00,88.76,88.83,88.66,88.76,3863.982,88.76,88.83,88.66,88.76,3863.982,-0.00011265067027133036,-0.00011265701583464576,0.0,11953.95499999997,-11953.95499999997,-9612114.090000002
2026-05-06 18:10:00,88.77,88.78,88.5,88.76,11769.054,88.77,88.78,88.5,88.76,11769.054,0.0,0.0,0.0,12559.047999999922,-12559.047999999922,-9624673.138000002
2026-05-06 18:15:00,88.75,88.96,88.74,88.83,5498.024,88.75,88.96,88.74,88.83,5498.024,0.0007886435331230235,0.0007883327172164231,0.0,9622.419000000007,-9622.419000000007,-9634295.557000002
2026-05-06 18:20:00,88.83,88.86,88.75,88.75,3209.118,88.83,88.86,88.75,88.75,3209.118,-0.0009005966452775294,-0.000901002426084454,0.0,9466.231000000005,-9466.231000000005,-9643761.788000003
2026-05-06 18:25:00,88.76,88.93,88.74,88.86,4407.865,88.76,88.93,88.74,88.86,4407.865,0.0012394366197183704,0.0012386691522372987,0.0,10778.08200000001,-10778.08200000001,-9654539.870000003
2026-05-06 18:30:00,88.85,88.91,88.6,88.76,6838.036,88.85,88.91,88.6,88.76,6838.036,-0.0011253657438666798,-0.0011259994433691681,0.0,11808.418999999987,-11808.418999999987,-9666348.289000003
2026-05-06 18:35:00,88.77,88.8,88.7,88.75,5006.392,88.77,88.8,88.7,88.75,5006.392,-0.00011266336187476522,-0.0001126697088680399,0.0,13750.073999999988,-13750.073999999988,-9680098.363000002
2026-05-06 18:40:00,88.75,89.01,88.75,88.96,7948.365,88.75,89.01,88.75,88.96,7948.365,0.002366197183098606,0.002363402146747083,0.0,13346.91699999999,-13346.91699999999,-9693445.280000001
2026-05-06 18:45:00,88.96,89.09,88.88,88.89,4676.133,88.96,89.09,88.88,88.89,4676.133,-0.000786870503597048,-0.0007871802486886068,0.0,13650.757000000001,-13650.757000000001,-9707096.037
2026-05-06 18:50:00,88.88,89.02,88.84,89.0,7363.592,88.88,89.02,88.84,89.0,7363.592,0.0012374845314433447,0.0012367194785562615,0.0,12661.81799999998,-12661.81799999998,-9719757.855
2026-05-06 18:55:00,89.0,89.15,88.98,88.99,4099.84,89.0,89.15,88.98,88.99,4099.84,-0.00011235955056188018,-0.0001123658633690553,0.0,8399.104000000005,-8399.104000000005,-9728156.959
2026-05-06 19:00:00,88.98,89.2,88.96,89.12,3788.734,88.98,89.2,88.96,89.12,3788.734,0.0014608382964378386,0.0014597723102030627,0.0,8820.559000000007,-8820.559000000007,-9736977.518000001
2026-05-06 19:05:00,89.12,89.19,89.05,89.15,4469.446,89.12,89.19,89.05,89.15,4469.446,0.00033662477558360493,0.0003365681301756452,0.0,14747.464,-14747.464,-9751724.982
2026-05-06 19:10:00,89.15,89.16,88.97,88.97,9009.93,89.15,89.16,88.97,88.97,9009.93,-0.002019068984857042,-0.0020211100524734874,0.0,13982.132999999978,-13982.132999999978,-9765707.115
2026-05-06 19:15:00,88.98,89.07,88.92,89.07,2581.193,88.98,89.07,88.92,89.07,2581.193,0.0011239743733841845,0.0011233431871020367,0.0,8700.073000000006,-8700.073000000006,-9774407.188000001
2026-05-06 19:20:00,89.06,89.27,89.06,89.07,4930.653,89.06,89.27,89.06,89.07,4930.653,0.0,0.0,0.0,8511.14600000001,-8511.14600000001,-9782918.334
2026-05-06 19:25:00,89.07,89.11,89.0,89.08,2866.064,89.07,89.11,89.0,89.08,2866.064,0.00011227124733359517,0.00011226494538878665,0.0,8934.40900000001,-8934.40900000001,-9791852.743
2026-05-06 19:30:00,89.09,89.09,88.92,88.92,3268.849,89.09,89.09,88.92,88.92,3268.849,-0.0017961383026492417,-0.0017977532931709832,0.0,10023.288999999999,-10023.288999999999,-9801876.032000002
2026-05-06 19:35:00,88.92,89.18,88.9,89.17,5132.027,88.92,89.18,88.9,89.17,5132.027,0.0028115159694106495,0.0028075710507921856,0.0,10435.285000000005,-10435.285000000005,-9812311.317000002
2026-05-06 19:40:00,89.17,89.2,89.05,89.13,4137.966,89.17,89.2,89.05,89.13,4137.966,-0.0004485813614445444,-0.00044868200416221907,0.0,10438.347000000002,-10438.347000000002,-9822749.664
2026-05-06 19:45:00,89.13,89.18,89.05,89.06,2524.194,89.13,89.18,89.05,89.06,2524.194,-0.0007853696847300862,-0.0007856782490695627,0.0,9846.963999999982,-9846.963999999982,-9832596.628
2026-05-06 19:50:00,89.06,89.22,89.05,89.22,5899.292,89.06,89.22,89.05,89.22,5899.292,0.0017965416573095805,0.0017949298065622888,0.0,15665.923999999966,-15665.923999999966,-9848262.552000001
2026-05-06 19:55:00,89.22,89.32,89.15,89.27,9035.68,89.22,89.32,89.15,89.27,9035.68,0.00056041246357319,0.0005602554911519887,0.0,13092.968999999974,-13092.968999999974,-9861355.521000002
2026-05-06 20:00:00,89.27,89.45,89.22,89.45,4501.179,89.27,89.45,89.22,89.45,4501.179,0.002016354878458637,0.0020143247634575,0.0,11496.440000000028,-11496.440000000028,-9872851.961000001
2026-05-06 20:05:00,89.45,89.5,89.38,89.45,7394.711,89.45,89.5,89.38,89.45,7394.711,0.0,0.0,0.0,11278.78599999999,-11278.78599999999,-9884130.747000001
2026-05-06 20:10:00,89.45,89.54,89.43,89.48,3274.2,89.45,89.54,89.43,89.48,3274.2,0.0003353828954724136,0.00033532666720077493,0.0,10435.62399999999,-10435.62399999999,-9894566.371000001
2026-05-06 20:15:00,89.49,89.56,89.48,89.53,3533.647,89.49,89.56,89.48,89.53,3533.647,0.0005587840858292115,0.0005586280241357443,0.0,11793.181,-11793.181,-9906359.552000001
2026-05-06 20:20:00,89.52,89.54,89.41,89.46,4963.773,89.52,89.54,89.41,89.46,4963.773,-0.0007818608287725182,-0.0007821666413626162,0.0,11052.876000000006,-11052.876000000006,-9917412.428000001
2026-05-06 20:25:00,89.46,89.6,89.46,89.58,2762.337,89.46,89.6,89.46,89.58,2762.337,0.0013413816230718467,0.0013404827744520503,0.0,740.9119999999996,-740.9119999999996,-9918153.340000002
